sample_index,rv_shift_ms,rv_shift_kms
0,77.39560485559633,0.07739560485559634
1,43.88784397520523,0.04388784397520523
2,85.85979199113825,0.08585979199113825
3,69.73680290593639,0.06973680290593638
4,9.417734788764953,0.009417734788764953
5,97.5622351636756,0.0975622351636756
6,76.1139701990353,0.07611397019903529
7,78.60643052769538,0.07860643052769538
8,12.811363267554587,0.012811363267554587
9,45.038593789556714,0.04503859378955671
10,37.07980242325812,0.037079802423258125
11,92.67649888486018,0.09267649888486018
12,64.38651200806646,0.06438651200806646
13,82.276161327083,0.082276161327083
14,44.34141988273311,0.044341419882733116
15,22.723872178477688,0.022723872178477687
16,55.45847870158348,0.05545847870158348
17,6.381725610417533,0.006381725610417533
18,82.7631171992582,0.0827631171992582
19,63.166439912206485,0.06316643991220648
20,75.80877400853738,0.07580877400853739
21,35.45259681298683,0.035452596812986834
22,97.06980243949033,0.09706980243949033
23,89.31211213221977,0.08931211213221976
24,77.83834970737618,0.07783834970737619
25,19.463870785196757,0.019463870785196756
26,46.67210037270342,0.04667210037270342
27,4.380376578722878,0.004380376578722878
28,15.428949206754783,0.015428949206754783
29,68.30489532424546,0.06830489532424547
30,74.47621559078172,0.07447621559078171
31,96.750973243421,0.096750973243421
32,32.58253581381519,0.03258253581381519
33,37.045970603486886,0.03704597060348688
34,46.95558112758079,0.04695558112758079
35,18.94713590842857,0.018947135908428572
36,12.992150533547164,0.012992150533547164
37,47.57049262259338,0.04757049262259338
38,22.69093490508841,0.022690934905088413
39,66.98139946825104,0.06698139946825105
40,43.715191887233075,0.04371519188723307
41,83.26781960578374,0.08326781960578375
42,70.0265102002249,0.0700265102002249
43,31.236664138204105,0.031236664138204105
44,83.2259801395201,0.08322598013952011
45,80.47643574968019,0.08047643574968019
46,38.74783790301745,0.038747837903017446
47,28.83281039302441,0.02883281039302441
48,68.24955039749754,0.06824955039749754
49,13.97524836093098,0.01397524836093098
50,19.990820247510833,0.019990820247510834
51,0.7362269751005512,0.0007362269751005513
52,78.69243775021384,0.07869243775021384
53,66.48508565920321,0.0664850856592032
54,70.51653786263351,0.07051653786263351
55,78.07290310219679,0.07807290310219679
56,45.891577553834,0.045891577553833995
57,56.87411959528937,0.056874119595289374
58,13.979699812765745,0.013979699812765745
59,11.453007353597345,0.011453007353597345
60,66.84029617904716,0.06684029617904716
61,47.10962061431325,0.04710962061431325
62,56.52361064811888,0.05652361064811888
63,76.49988574160255,0.07649988574160256
64,63.47183200005908,0.06347183200005908
65,55.35794006579958,0.05535794006579958
66,55.92071607454135,0.055920716074541355
67,30.39500980626122,0.03039500980626122
68,3.0817834567939406,0.0030817834567939406
69,43.671738923236234,0.04367173892323623
70,21.45846728195292,0.02145846728195292
71,40.852864372463614,0.04085286437246361
72,85.34030732681661,0.08534030732681662
73,23.393948586534073,0.023393948586534073
74,5.830274168906602,0.005830274168906602
75,28.138389202199654,0.028138389202199656
76,29.35937577666836,0.02935937577666836
77,66.1916514726895,0.0661916514726895
78,55.70321523412783,0.05570321523412783
79,78.38982091064135,0.07838982091064135
80,66.43135403273875,0.06643135403273875
81,40.63868614400705,0.04063868614400706
82,81.40203846660347,0.08140203846660347
83,16.697291990770392,0.016697291990770392
84,2.2712073133860478,0.002271207313386048
85,9.004786077564175,0.009004786077564175
86,72.23593505964503,0.07223593505964503
87,46.18772302513874,0.04618772302513874
88,16.127177903360177,0.016127177903360178
89,50.10447751033635,0.05010447751033635
90,15.231210271316842,0.015231210271316842
91,69.6320375077736,0.06963203750777361
92,44.61562755740307,0.04461562755740307
93,38.10212260964825,0.03810212260964825
94,30.151208914787652,0.03015120891478765
95,63.028259311888846,0.06302825931188885
96,36.18126105533904,0.036181261055339045
97,8.7649919316101,0.0087649919316101
98,11.800590212051532,0.011800590212051532
99,96.18976645495145,0.09618976645495145
100,90.8580690707607,0.0908580690707607
101,69.97071338107496,0.06997071338107495
102,26.586996145951957,0.026586996145951957
103,96.91763773477238,0.09691763773477238
104,77.87509039657947,0.07787509039657947
105,71.68901891589957,0.07168901891589957
106,44.93615021437887,0.04493615021437887
107,27.224156184515902,0.027224156184515902
108,9.63909621534993,0.00963909621534993
109,90.26023965438416,0.09026023965438416
110,45.57762898336111,0.04557762898336111
111,20.236336479523032,0.020236336479523033
112,30.59566241506525,0.03059566241506525
113,57.9219568941896,0.0579219568941896
114,17.67727829392317,0.017677278293923168
115,85.66142840923754,0.08566142840923754
116,75.85195298352102,0.07585195298352101
117,71.94629559509367,0.07194629559509368
118,43.20930397751037,0.043209303977510376
119,62.73088407024432,0.06273088407024432
120,58.40979689127356,0.058409796891273555
121,64.984660155482,0.064984660155482
122,8.44443211398891,0.00844443211398891
123,41.58074021706096,0.041580740217060964
124,4.161417386189248,0.004161417386189248
125,49.39908192445189,0.049399081924451894
126,32.98612123327853,0.03298612123327853
127,14.45241888660469,0.01445241888660469
128,10.340296772255165,0.010340296772255165
129,58.7644572177712,0.0587644572177712
130,17.05929685368861,0.01705929685368861
131,92.51201183767972,0.09251201183767972
132,58.106113970039495,0.058106113970039494
133,34.686980453483706,0.03468698045348371
134,59.091549148141674,0.05909154914814167
135,2.28038710296975,0.00228038710296975
136,95.85592132414453,0.09585592132414453
137,48.23034369429002,0.04823034369429002
138,78.27352272502863,0.07827352272502863
139,8.272999992243857,0.008272999992243858
140,48.66583308381603,0.04866583308381603
141,49.07069943545209,0.04907069943545209
142,93.78264549749828,0.09378264549749828
143,57.17280523760754,0.05717280523760754
144,47.348940105695384,0.04734894010569538
145,26.69756630918936,0.026697566309189357
146,33.15689973425522,0.03315689973425522
147,52.06724024715378,0.05206724024715378
148,43.89114603050467,0.043891146030504674
149,2.1612079880330426,0.0021612079880330426
150,82.62919241943578,0.08262919241943578
151,89.61607718397667,0.08961607718397667
152,14.024908899861078,0.014024908899861079
153,55.40361435390494,0.055403614353904944
154,10.857574113544356,0.010857574113544356
155,67.22400930398116,0.06722400930398116
156,28.123378383900832,0.028123378383900832
157,65.94226346919018,0.06594226346919017
158,72.69946142868827,0.07269946142868827
159,76.8647491917657,0.0768647491917657
160,10.774094595589656,0.010774094595589655
161,91.60118451376078,0.09160118451376079
162,23.02139908948808,0.02302139908948808
163,3.741255617617978,0.0037412556176179778
164,55.48524693914834,0.05548524693914834
165,37.092228386243875,0.037092228386243875
166,82.97897431324131,0.0829789743132413
167,80.82514720643019,0.08082514720643019
168,31.713889282271534,0.031713889282271535
169,95.28993950697449,0.0952899395069745
170,29.091783814011862,0.02909178381401186
171,51.50571292317145,0.05150571292317145
172,25.596509056760276,0.025596509056760277
173,93.60435700489633,0.09360435700489633
174,16.460781758201815,0.016460781758201815
175,4.491061939232899,0.004491061939232899
176,43.509706000303794,0.043509706000303794
177,99.2375564055837,0.09923755640558371
178,89.1677266254914,0.0891677266254914
179,74.86080194569492,0.07486080194569492
180,89.07924908785249,0.08907924908785249
181,89.34466396978632,0.08934466396978633
182,51.885836038644904,0.051885836038644904
183,31.5929051830793,0.0315929051830793
184,77.2012432110988,0.0772012432110988
185,66.16612631677611,0.06616612631677611
186,37.36577288737101,0.03736577288737101
187,9.446666806151526,0.009446666806151527
188,74.6789611349026,0.07467896113490259
189,26.246051592286467,0.026246051592286466
190,93.68131505337793,0.09368131505337793
191,24.097057500568475,0.024097057500568474
192,12.275793241148602,0.012275793241148601
193,83.11126721249062,0.08311126721249061
194,15.328431662449404,0.015328431662449404
195,17.926830815773908,0.017926830815773908
196,59.93827915208435,0.05993827915208435
197,87.45620408374644,0.08745620408374644
198,19.643466571457324,0.019643466571457324
199,31.03236729000948,0.03103236729000948
200,77.74048382411776,0.07774048382411776
201,97.18264260609673,0.09718264260609674
202,50.07411862023423,0.05007411862023423
203,14.389750255125078,0.014389750255125077
204,1.3936287708201545,0.0013936287708201545
205,22.965602999885526,0.022965602999885527
206,13.182221778652103,0.013182221778652104
207,67.76586736128574,0.06776586736128574
208,12.183250462853113,0.012183250462853113
209,50.6329931620633,0.0506329931620633
210,69.42624356428865,0.06942624356428866
211,58.11166092209024,0.05811166092209024
212,19.97756516600576,0.01997756516600576
213,80.41245261822627,0.08041245261822627
214,71.54071296158017,0.07154071296158017
215,73.89840039155418,0.07389840039155418
216,13.105775155731326,0.013105775155731325
217,12.375380365034461,0.012375380365034461
218,92.75625510065076,0.09275625510065076
219,39.75781938249406,0.039757819382494064
220,30.094869178093976,0.030094869178093977
221,48.85840453515333,0.04885840453515333
222,66.28642127635824,0.06628642127635824
223,95.56232570469699,0.09556232570469698
224,28.6446226882055,0.0286446226882055
225,92.48084293120272,0.09248084293120272
226,2.4859491386256316,0.0024859491386256317
227,55.51980423268247,0.05551980423268247
228,63.39751116810851,0.0633975111681085
229,10.58974037507533,0.01058974037507533
230,14.033959706391263,0.014033959706391264
231,41.91143193163038,0.04191143193163038
232,96.62319121431817,0.09662319121431817
233,59.604255323437286,0.059604255323437286
234,93.30232216002112,0.09330232216002111
235,80.43609156129708,0.08043609156129708
236,46.73816015552915,0.04673816015552915
237,78.47634492521874,0.07847634492521874
238,1.7836783976987736,0.0017836783976987736
239,10.914399676573494,0.010914399676573493
240,82.94286148827364,0.08294286148827364
241,79.68170883251618,0.07968170883251618
242,23.26407419664337,0.02326407419664337
243,53.07695905990535,0.05307695905990535
244,60.60158207000109,0.060601582070001096
245,86.77389537760112,0.08677389537760112
246,60.31071573387257,0.06031071573387257
247,41.25715692736803,0.04125715692736803
248,37.41840434071827,0.03741840434071827
249,42.58820863735099,0.04258820863735099
250,65.19310255799742,0.06519310255799741
251,86.7490631752325,0.0867490631752325
252,45.38968820762997,0.04538968820762997
253,24.783956295135813,0.02478395629513581
254,23.666236299758115,0.023666236299758114
255,74.60142802434464,0.07460142802434465
256,81.65687634239104,0.08165687634239105
257,10.527807985412496,0.010527807985412497
258,6.655885695517815,0.0066558856955178155
259,59.443366375645176,0.05944336637564518
260,14.617324419269828,0.014617324419269828
261,82.46641904563413,0.08246641904563412
262,31.033467392407445,0.031033467392407445
263,14.387193297114266,0.014387193297114265
264,92.09704724874503,0.09209704724874503
265,16.553172273527817,0.016553172273527816
266,28.472008233793556,0.028472008233793557
267,15.361339519205863,0.015361339519205864
268,11.549006366535497,0.011549006366535497
269,2.1148016336440034,0.0021148016336440035
270,5.539540916426011,0.005539540916426011
271,17.464147093585268,0.017464147093585267
272,5.338193262717539,0.0053381932627175385
273,59.11438161109712,0.059114381611097125
274,68.07145267995064,0.06807145267995064
275,39.36304568320283,0.03936304568320283
276,31.79910969520494,0.03179910969520494
277,50.45262370222301,0.05045262370222301
278,87.50049422346086,0.08750049422346086
279,85.1131626822206,0.0851131626822206
280,4.347506201279194,0.004347506201279194
281,18.14984095965241,0.01814984095965241
282,23.6744871104396,0.0236744871104396
283,24.938757583221182,0.024938757583221182
284,57.12326517427727,0.05712326517427727
285,41.62624257031923,0.04162624257031923
286,4.925411992759399,0.004925411992759398
287,37.36141384595716,0.03736141384595716
288,52.37529487176372,0.05237529487176372
289,10.167190290371597,0.010167190290371596
290,83.34585537885597,0.08334585537885597
291,5.196186646510426,0.005196186646510425
292,92.48418690180621,0.09248418690180621
293,9.91131415798755,0.00991131415798755
294,84.35749515977527,0.08435749515977527
295,90.26531439276171,0.09026531439276171
296,97.95706805865927,0.09795706805865928
297,80.20258802735935,0.08020258802735936
298,77.94775407713288,0.07794775407713289
299,64.24832759955477,0.06424832759955477
300,77.8996354578129,0.07789963545781291
301,13.455220841314707,0.013455220841314708
302,53.60680359476373,0.05360680359476373
303,51.42228701904145,0.051422287019041446
304,85.75721441225575,0.08575721441225576
305,46.27993655935158,0.04627993655935158
306,38.508949610035344,0.03850894961003534
307,63.95632712371101,0.06395632712371101
308,26.646331750084606,0.026646331750084604
309,13.976841095395686,0.013976841095395686
310,47.78772740237458,0.04778772740237458
311,41.6889368594885,0.0416889368594885
312,23.25699405288737,0.02325699405288737
313,36.7511810115128,0.0367511810115128
314,36.63924498262474,0.03663924498262474
315,32.74955644125455,0.032749556441254546
316,37.946407972692896,0.03794640797269289
317,68.57433454559454,0.06857433454559454
318,29.68764745712853,0.02968764745712853
319,94.88579267153405,0.09488579267153405
320,91.63480195381779,0.09163480195381779
321,48.09104283000786,0.048091042830007855
322,32.83612050046888,0.03283612050046888
323,53.54347898300031,0.05354347898300031
324,84.85604887736245,0.08485604887736245
325,65.2587340560102,0.0652587340560102
326,80.43918279470775,0.08043918279470774
327,53.27222760657402,0.05327222760657402
328,63.291762926762075,0.06329176292676207
329,28.815561418246173,0.028815561418246174
330,73.48931623102908,0.07348931623102908
331,20.240459312571836,0.020240459312571835
332,69.47981288184982,0.06947981288184982
333,86.0719068325894,0.0860719068325894
334,13.210283730154393,0.013210283730154393
335,61.43797405419198,0.061437974054191984
336,9.50957482299346,0.009509574822993461
337,72.57156282714269,0.07257156282714268
338,8.449321882352024,0.008449321882352024
339,93.5939822700626,0.0935939822700626
340,13.740793003780215,0.013740793003780215
341,95.88802459090803,0.09588802459090803
342,80.08841760850967,0.08008841760850967
343,59.36820044663541,0.05936820044663541
344,78.26241046295469,0.07826241046295469
345,79.51148389830858,0.07951148389830859
346,94.60270628173303,0.09460270628173303
347,25.338335383918718,0.025338335383918716
348,59.00758953583092,0.059007589535830914
349,9.504919756440122,0.009504919756440123
350,61.61657000241213,0.061616570002412135
351,17.12913040927888,0.017129130409278878
352,56.495061147244186,0.05649506114724419
353,57.24305140338497,0.05724305140338497
354,46.598515298122734,0.046598515298122735
355,52.26317755131228,0.05226317755131228
356,76.3923390006588,0.0763923390006588
357,79.92447165120666,0.07992447165120665
358,49.215321557542914,0.049215321557542914
359,59.95934415226123,0.05995934415226123
360,93.12362356901018,0.09312362356901017
361,11.97335885011228,0.01197335885011228
362,11.71035659001105,0.01171035659001105
363,8.770901191076842,0.008770901191076841
364,65.78632850405278,0.06578632850405278
365,41.860830079037946,0.041860830079037945
366,77.43214161418433,0.07743214161418434
367,67.12314133085926,0.06712314133085925
368,33.36377583282382,0.03336377583282382
369,89.83665473615358,0.08983665473615357
370,76.25321470706523,0.07625321470706523
371,27.053494091017573,0.027053494091017573
372,36.4192017772054,0.0364192017772054
373,31.44399802042629,0.031443998020426286
374,15.761164862499966,0.015761164862499965
375,14.778337254219165,0.014778337254219166
376,93.61274633757441,0.09361274633757441
377,43.79040371987533,0.04379040371987533
378,38.331982277740984,0.038331982277740984
379,72.9685708677378,0.0729685708677378
380,55.29930652528999,0.05529930652528999
381,93.61399868384622,0.09361399868384622
382,78.03014939093921,0.07803014939093922
383,47.93695641245404,0.04793695641245404
384,37.635947348082624,0.03763594734808262
385,98.6631544924322,0.0986631544924322
386,71.77602360036434,0.07177602360036434
387,95.11946600038411,0.09511946600038411
388,11.847857721704136,0.011847857721704136
389,85.05336791907825,0.08505336791907825
390,63.70738839912076,0.06370738839912075
391,12.192167833511258,0.012192167833511259
392,58.825799996922065,0.058825799996922064
393,68.60963651054487,0.06860963651054487
394,1.2302685888602838,0.0012302685888602837
395,45.43179618417466,0.04543179618417466
396,82.53995111963212,0.08253995111963212
397,29.535902534408986,0.029535902534408985
398,45.85480817985511,0.045854808179855114
399,44.23141270678932,0.04423141270678932
400,30.19273914424916,0.03019273914424916
401,91.84418955155542,0.09184418955155542
402,78.12940354315158,0.07812940354315158
403,11.05884109961105,0.01105884109961105
404,99.70346578375731,0.09970346578375731
405,87.92000243077453,0.08792000243077452
406,28.390843786403895,0.028390843786403896
407,83.68965796609382,0.08368965796609382
408,10.641953187138286,0.010641953187138287
409,99.91047304742386,0.09991047304742387
410,66.56847361065368,0.06656847361065368
411,65.0125015558797,0.06501250155587969
412,9.044072698413274,0.009044072698413274
413,89.70333988966253,0.08970333988966253
414,2.8999503204469423,0.0028999503204469425
415,24.082805804114706,0.024082805804114708
416,14.302187516663501,0.014302187516663501
417,77.67679406922186,0.07767679406922186
418,19.820422721289788,0.01982042272128979
419,91.06382271308853,0.09106382271308852
420,65.62690393274902,0.06562690393274902
421,3.6162710494696215,0.0036162710494696214
422,0.5429834128700461,0.0005429834128700461
423,5.165791701439892,0.005165791701439893
424,60.592517764772765,0.060592517764772764
425,80.14818108594153,0.08014818108594153
426,23.855282062738848,0.023855282062738847
427,84.94088429230729,0.08494088429230728
428,5.7231940153260386,0.005723194015326038
429,80.09638536416762,0.08009638536416762
430,92.77954301722804,0.09277954301722803
431,77.21083991043805,0.07721083991043805
432,69.81207839786371,0.06981207839786371
433,83.7980218655383,0.08379802186553831
434,4.015129954706643,0.004015129954706643
435,20.178211071905537,0.020178211071905535
436,12.492367930564308,0.012492367930564309
437,50.453099019298655,0.050453099019298654
438,74.51881283288445,0.07451881283288445
439,63.001184457639866,0.06300118445763987
440,85.1131099761935,0.0851131099761935
441,15.521299244109088,0.015521299244109088
442,73.46210919351616,0.07346210919351616
443,19.30414908689041,0.019304149086890408
444,27.075875131780023,0.027075875131780024
445,70.99046972813039,0.07099046972813039
446,98.02047848986818,0.09802047848986818
447,61.154360597706955,0.06115436059770695
448,5.45003149912956,0.00545003149912956
449,61.63089699275328,0.06163089699275328
450,4.23505515801671,0.00423505515801671
451,88.41457113668172,0.08841457113668172
452,70.95782851006207,0.07095782851006208
453,17.31278464225032,0.01731278464225032
454,9.172100582419807,0.009172100582419808
455,18.353322888031897,0.018353322888031896
456,98.00271795541924,0.09800271795541925
457,45.856064245848984,0.04585606424584898
458,78.4080948341408,0.0784080948341408
459,63.64083421077768,0.06364083421077768
460,57.24131499586373,0.05724131499586373
461,14.51302546650497,0.01451302546650497
462,94.60244535580951,0.09460244535580951
463,30.134263251471793,0.030134263251471793
464,57.80172158075422,0.057801721580754216
465,69.97759445890661,0.06997759445890661
466,64.92331552453089,0.06492331552453089
467,94.05944096955184,0.09405944096955185
468,14.8438989920058,0.0148438989920058
469,50.83527384469421,0.050835273844694204
470,40.403439074076594,0.04040343907407659
471,47.41687294826181,0.047416872948261815
472,11.921752619774463,0.011921752619774463
473,13.409460987276534,0.013409460987276533
474,27.80755457812574,0.02780755457812574
475,30.470460376083132,0.03047046037608313
476,42.790321368135,0.042790321368134994
477,61.09875470366283,0.06109875470366283
478,63.462911741826304,0.0634629117418263
479,41.18108965855703,0.041181089658557025
480,40.87831094286971,0.04087831094286971
481,21.762852669696198,0.021762852669696197
482,58.830624840900825,0.058830624840900826
483,31.70409113172379,0.03170409113172379
484,3.60598342773637,0.00360598342773637
485,41.84000441568604,0.04184000441568604
486,47.41326750901703,0.04741326750901703
487,22.5592868204211,0.0225592868204211
488,57.24579331221157,0.057245793312211565
489,56.5771900431921,0.056577190043192095
490,70.20021811103715,0.07020021811103715
491,64.794848220121,0.06479484822012099
492,65.24330565210316,0.06524330565210316
493,31.621415182404313,0.031621415182404314
494,78.74322219859539,0.07874322219859539
495,54.914438359967946,0.05491443835996795
496,43.14181951798901,0.04314181951798901
497,62.60124809410571,0.06260124809410571
498,36.06573344502543,0.03606573344502543
499,51.27392446067582,0.05127392446067582
500,73.67056884822203,0.07367056884822203
501,88.64028867237077,0.08864028867237077
502,92.10571972951917,0.09210571972951917
503,50.36329251830992,0.05036329251830992
504,52.02751147405691,0.05202751147405691
505,79.98704107638365,0.07998704107638364
506,31.445069174420127,0.03144506917442012
507,83.73823623450686,0.08373823623450685
508,49.41416465174234,0.04941416465174234
509,11.585672433526838,0.011585672433526838
510,7.20591470729437,0.00720591470729437
511,84.19932110394632,0.08419932110394632
512,5.55679169068779,0.00555679169068779
513,28.06114361336559,0.02806114361336559
514,33.41300405015458,0.033413004050154585
515,17.29944451915938,0.01729944451915938
516,31.389336980198923,0.031389336980198926
517,74.26925667250856,0.07426925667250855
518,1.4682843560070769,0.001468284356007077
519,82.71734245206865,0.08271734245206865
520,85.65480235745582,0.08565480235745582
521,37.226157319154815,0.037226157319154816
522,15.36128990606348,0.01536128990606348
523,60.084040794508084,0.06008404079450808
524,11.967255586489433,0.011967255586489433
525,36.49193610782525,0.03649193610782525
526,95.84291809009724,0.09584291809009725
527,99.54644725836371,0.09954644725836372
528,77.21048913545856,0.07721048913545855
529,31.09615099207662,0.031096150992076618
530,68.76650491660925,0.06876650491660925
531,70.54063654840127,0.07054063654840127
532,38.784169516364976,0.03878416951636498
533,64.08886345861595,0.06408886345861595
534,1.0727644975676243,0.0010727644975676242
535,20.905765860224147,0.020905765860224145
536,52.50883029672612,0.052508830296726115
537,16.37513042582959,0.01637513042582959
538,16.590686787653365,0.016590686787653363
539,83.6304290550238,0.0836304290550238
540,98.91330026836054,0.09891330026836054
541,55.596942802844836,0.055596942802844836
542,83.90697308817134,0.08390697308817134
543,99.03216643262725,0.09903216643262724
544,14.15958885687747,0.014159588856877469
545,44.824561325435106,0.04482456132543511
546,39.25727158419199,0.03925727158419199
547,8.004928364618502,0.008004928364618502
548,75.53301727947445,0.07553301727947445
549,43.3779027322593,0.0433779027322593
550,46.93269341904013,0.04693269341904013
551,15.067297381324018,0.015067297381324018
552,18.09266522308681,0.01809266522308681
553,90.7103622156215,0.0907103622156215
554,4.464908897427888,0.004464908897427888
555,23.285228494370624,0.023285228494370626
556,29.205933031452837,0.029205933031452837
557,49.01975424015864,0.04901975424015864
558,58.644517301479596,0.0586445173014796
559,49.32899758506666,0.04932899758506666
560,8.411533455688202,0.008411533455688203
561,24.366745405571354,0.024366745405571353
562,84.35883847625412,0.08435883847625412
563,63.7588700478459,0.0637588700478459
564,64.91490501342744,0.06491490501342745
565,67.0203255351355,0.0670203255351355
566,76.29030190395291,0.0762903019039529
567,5.810848172144734,0.005810848172144734
568,36.66083849326124,0.03666083849326124
569,53.952743526167865,0.053952743526167864
570,33.845648329732605,0.0338456483297326
571,84.44788732871865,0.08444788732871865
572,48.25725085872939,0.048257250858729395
573,76.86275894593791,0.07686275894593791
574,85.20155168811691,0.08520155168811691
575,50.479148290349805,0.05047914829034981
576,90.95522438713499,0.09095522438713499
577,58.712394053698056,0.058712394053698054
578,85.02742988337218,0.08502742988337218
579,34.05907955915243,0.03405907955915243
580,49.88169585314852,0.04988169585314852
581,53.14110410045777,0.05314110410045777
582,10.497971589607058,0.010497971589607058
583,39.855250670154064,0.039855250670154066
584,91.7337672551676,0.0917337672551676
585,63.08322403647424,0.06308322403647425
586,17.750658243696748,0.01775065824369675
587,33.8855635609605,0.0338855635609605
588,19.160300966269983,0.019160300966269982
589,2.482313179857254,0.002482313179857254
590,92.74604585040267,0.09274604585040266
591,44.820732825687145,0.044820732825687146
592,30.753507242078616,0.030753507242078617
593,59.84771915577366,0.05984771915577366
594,0.7314456293015636,0.0007314456293015636
595,27.802210660081382,0.027802210660081383
596,70.30334656988926,0.07030334656988926
597,63.3769773069263,0.0633769773069263
598,98.18059475425355,0.09818059475425354
599,62.0357709658044,0.062035770965804406
600,47.75058736277328,0.04775058736277328
601,76.14325631840076,0.07614325631840076
602,90.3327871964053,0.0903327871964053
603,72.06959467183516,0.07206959467183516
604,96.32112235493796,0.09632112235493795
605,78.20051707381772,0.07820051707381773
606,86.68014382619265,0.08668014382619264
607,11.410407118363718,0.011410407118363717
608,73.24135029937877,0.07324135029937877
609,44.00886995273686,0.04400886995273686
610,55.31038024112752,0.05531038024112752
611,65.41024094823568,0.06541024094823568
612,96.98151167055694,0.09698151167055694
613,98.45780814316247,0.09845780814316246
614,28.82282454879053,0.028822824548790527
615,73.37534974379162,0.07337534974379162
616,74.99835379352686,0.07499835379352686
617,34.649286131304876,0.03464928613130488
618,12.3869774864221,0.012386977486422101
619,4.094696028571976,0.004094696028571976
620,77.73431275291786,0.07773431275291785
621,48.96997418169059,0.048969974181690586
622,98.55401694949262,0.09855401694949262
623,46.497345619365305,0.046497345619365305
624,97.79169790738402,0.09779169790738403
625,41.157600219405985,0.04115760021940598
626,79.36821505599725,0.07936821505599725
627,8.481927231183207,0.008481927231183206
628,55.54617101377639,0.05554617101377639
629,80.20597869857242,0.08020597869857242
630,92.47016672198886,0.09247016672198886
631,82.25830906174316,0.08225830906174317
632,3.6970727201174225,0.0036970727201174223
633,37.270234130673416,0.037270234130673416
634,4.869847231385127,0.004869847231385127
635,10.928229111455801,0.0109282291114558
636,67.53056286674841,0.06753056286674841
637,71.32581963116982,0.07132581963116982
638,77.37206827516263,0.07737206827516263
639,86.54565480556629,0.08654565480556628
640,73.943146847651,0.07394314684765099
641,80.0871592106632,0.0800871592106632
642,4.896370982327925,0.004896370982327925
643,23.45351504412986,0.023453515044129857
644,62.189777337524575,0.06218977733752457
645,85.81253046248231,0.08581253046248231
646,0.45001249396591225,0.00045001249396591224
647,51.46293421163498,0.05146293421163498
648,67.72873993643972,0.06772873993643973
649,2.9607289128613212,0.0029607289128613214
650,40.13555575533879,0.040135555755338795
651,89.56348813836968,0.08956348813836967
652,67.16128088558587,0.06716128088558587
653,23.76583633605973,0.02376583633605973
654,85.27811296319126,0.08527811296319127
655,34.80314234095143,0.03480314234095143
656,85.33446711440594,0.08533446711440594
657,29.894365111890554,0.029894365111890555
658,59.032025088314896,0.0590320250883149
659,39.69400677478341,0.03969400677478341
660,27.4825050755067,0.027482505075506702
661,88.65575621718692,0.08865575621718692
662,18.759368193949133,0.018759368193949133
663,8.48115912357631,0.00848115912357631
664,34.19269385456604,0.03419269385456604
665,71.76391476415675,0.07176391476415675
666,80.74316059762818,0.08074316059762818
667,99.87433700667648,0.09987433700667649
668,29.63620570111649,0.02963620570111649
669,40.79419511312822,0.04079419511312822
670,13.68212780296263,0.01368212780296263
671,57.487192962303354,0.057487192962303355
672,99.75800372629172,0.09975800372629172
673,70.08810101206585,0.07008810101206585
674,59.521284041337175,0.05952128404133718
675,39.2369092921794,0.0392369092921794
676,91.52987602855548,0.09152987602855547
677,49.69165961303494,0.04969165961303494
678,13.43669133130615,0.01343669133130615
679,36.53784631991335,0.03653784631991335
680,6.716666884776689,0.006716666884776689
681,20.197903768878156,0.020197903768878155
682,1.7668780999912204,0.0017668780999912203
683,45.327991650016344,0.045327991650016344
684,63.45402649517972,0.06345402649517971
685,34.32924623789078,0.03432924623789078
686,42.03817715052771,0.04203817715052771
687,95.92092728445759,0.09592092728445759
688,75.19631215749155,0.07519631215749155
689,54.085663694495125,0.05408566369449513
690,28.454087511182525,0.028454087511182526
691,89.69967987729952,0.08969967987729952
692,23.50971168806595,0.023509711688065947
693,32.534273051667704,0.0325342730516677
694,90.90648144229485,0.09090648144229485
695,52.95420552850724,0.052954205528507235
696,74.23179494179767,0.07423179494179767
697,59.07447941637661,0.05907447941637661
698,65.34392090094951,0.06534392090094951
699,29.938329151482556,0.029938329151482555
700,24.137206162666292,0.02413720616266629
701,32.249234716866525,0.032249234716866526
702,15.544156408342246,0.015544156408342247
703,87.43143652908074,0.08743143652908074
704,28.324693325011406,0.028324693325011405
705,56.14893944143846,0.05614893944143846
706,79.1974425141374,0.0791974425141374
707,78.38241093757135,0.07838241093757135
708,43.83862585841929,0.04383862585841929
709,47.62573085867257,0.04762573085867257
710,99.47017489350249,0.09947017489350249
711,67.4597476979024,0.0674597476979024
712,81.46384431178826,0.08146384431178827
713,90.2553969219232,0.09025539692192319
714,78.75898362293393,0.07875898362293393
715,18.51793449535676,0.01851793449535676
716,56.21707337375722,0.056217073373757226
717,10.189415731454488,0.01018941573145449
718,65.29221265639984,0.06529221265639984
719,95.5349428187811,0.09553494281878111
720,51.27320643001113,0.051273206430011126
721,43.29724928677672,0.043297249286776716
722,3.5842751418163177,0.003584275141816318
723,95.97745223292203,0.09597745223292203
724,10.300268413015878,0.010300268413015878
725,4.107909330484693,0.004107909330484693
726,24.606661150493846,0.024606661150493845
727,6.5530433918382425,0.006553043391838242
728,45.51178424117624,0.04551178424117624
729,51.60878012571124,0.05160878012571124
730,31.25699490285839,0.03125699490285839
731,5.096048257488606,0.0050960482574886065
732,11.16003682492267,0.01116003682492267
733,38.45043779899281,0.038450437798992806
734,6.052845082653613,0.006052845082653613
735,69.81897256099134,0.06981897256099134
736,20.702054152481196,0.020702054152481195
737,30.20715687836385,0.03020715687836385
738,39.41257771780975,0.039412577717809746
739,41.66096330691479,0.04166096330691479
740,0.16607076748005323,0.00016607076748005324
741,11.207037099869755,0.011207037099869754
742,86.2764563740878,0.0862764563740878
743,0.1233062511908134,0.0001233062511908134
744,50.81673558128751,0.05081673558128751
745,48.95020065072081,0.04895020065072081
746,33.30941610106378,0.033309416101063784
747,43.13270201464496,0.04313270201464496
748,78.05811375265843,0.07805811375265843
749,84.12037062149564,0.08412037062149563
750,26.034854341525005,0.026034854341525006
751,32.249044096772984,0.03224904409677298
752,24.248285302833274,0.024248285302833274
753,47.98634005510651,0.04798634005510651
754,68.3258357658813,0.06832583576588129
755,22.825287546342054,0.022825287546342055
756,33.073574205486665,0.033073574205486664
757,93.03846175891505,0.09303846175891504
758,4.8569289846958075,0.0048569289846958075
759,46.07696052395662,0.04607696052395662
760,71.15580415967779,0.07115580415967779
761,15.045401155747406,0.015045401155747406
762,4.737402000548185,0.004737402000548185
763,13.820537163853075,0.013820537163853074
764,91.88231935306828,0.09188231935306829
765,0.9259781821123414,0.0009259781821123414
766,18.832197481135182,0.018832197481135182
767,3.128351290164455,0.003128351290164455
768,11.062946756220327,0.011062946756220328
769,62.014928662829625,0.06201492866282963
770,24.163890873908578,0.024163890873908578
771,56.92120504306768,0.05692120504306768
772,59.019538276612614,0.05901953827661261
773,84.9435333089779,0.0849435333089779
774,0.47413929118739206,0.00047413929118739206
775,85.33694593423668,0.08533694593423669
776,61.9119086426974,0.0619119086426974
777,16.27434861049576,0.01627434861049576
778,77.2937388135284,0.07729373881352841
779,85.54915417905858,0.08554915417905858
780,25.42634837541573,0.02542634837541573
781,91.87936809026809,0.09187936809026809
782,45.44574302986578,0.04544574302986578
783,60.342445433332145,0.06034244543333214
784,98.46495336176436,0.09846495336176436
785,36.15360786391994,0.03615360786391994
786,81.31593458201128,0.08131593458201128
787,31.839911782845963,0.03183991178284596
788,79.9213522241491,0.0799213522241491
789,60.07339188626425,0.060073391886264246
790,21.635569522540145,0.021635569522540143
791,41.402609378923636,0.041402609378923635
792,31.76356343635617,0.03176356343635617
793,7.810839308036388,0.007810839308036388
794,2.9834770099697483,0.002983477009969748
795,34.647865540718094,0.034647865540718095
796,1.903414781748658,0.001903414781748658
797,16.548775758177502,0.0165487757581775
798,72.51833208508688,0.07251833208508689
799,70.80912356835879,0.07080912356835879
800,73.85803864573826,0.07385803864573826
801,31.715317112997877,0.031715317112997875
802,89.00194571176955,0.08900194571176955
803,59.38305480284476,0.05938305480284476
804,12.602634174662652,0.012602634174662652
805,14.371866145553414,0.014371866145553414
806,69.30954269297015,0.06930954269297016
807,17.294393644207805,0.017294393644207803
808,50.72927015820433,0.05072927015820433
809,99.17744759287108,0.09917744759287107
810,0.4007604733339498,0.00040076047333394984
811,1.6579801897556923,0.0016579801897556924
812,99.30845819305065,0.09930845819305066
813,58.46388341341655,0.05846388341341655
814,12.690997551851313,0.012690997551851312
815,89.73021997540937,0.08973021997540936
816,88.03803001276921,0.0880380300127692
817,53.62004131113752,0.05362004131113752
818,62.17920298607565,0.062179202986075655
819,27.318719150087635,0.027318719150087635
820,5.051969637200515,0.005051969637200515
821,59.45676088908643,0.059456760889086434
822,29.475519320276298,0.029475519320276297
823,66.3621046660352,0.06636210466603519
824,83.62451768426013,0.08362451768426013
825,1.8160543914364058,0.0018160543914364057
826,59.57137746857274,0.059571377468572745
827,23.128053968685226,0.023128053968685225
828,87.38884979038014,0.08738884979038014
829,25.36645065618285,0.02536645065618285
830,61.07701332354183,0.061077013323541825
831,55.354084008961145,0.05535408400896114
832,39.61665000592489,0.03961665000592489
833,67.7620763599794,0.0677620763599794
834,72.5769634715434,0.0725769634715434
835,56.69377953193868,0.05669377953193868
836,75.84222371847541,0.0758422237184754
837,98.34170759929376,0.09834170759929375
838,41.92723879008051,0.04192723879008051
839,51.45830518855309,0.05145830518855309
840,1.2469877941213237,0.0012469877941213236
841,79.60285563103784,0.07960285563103785
842,52.02300670459938,0.05202300670459938
843,40.79614303605652,0.04079614303605652
844,9.40719630893958,0.00940719630893958
845,88.96564216753973,0.08896564216753973
846,39.50072400405564,0.03950072400405564
847,68.25815982092203,0.06825815982092204
848,14.937415636815077,0.014937415636815077
849,96.15496295410325,0.09615496295410325
850,17.84417618218309,0.01784417618218309
851,19.954199289949038,0.01995419928994904
852,85.89828605577138,0.08589828605577138
853,91.25827441419312,0.09125827441419312
854,21.21474075233014,0.021214740752330142
855,46.98008881748279,0.046980088817482786
856,73.34949045628298,0.07334949045628297
857,87.83657338108016,0.08783657338108015
858,37.90526950373052,0.03790526950373052
859,51.70194868494292,0.05170194868494292
860,74.1716410519735,0.07417164105197349
861,73.11359766527954,0.07311359766527954
862,78.29601300260849,0.0782960130026085
863,56.99338186415264,0.05699338186415264
864,10.461509680477521,0.01046150968047752
865,90.397329087804,0.090397329087804
866,86.55725393210282,0.08655725393210283
867,79.8097435818333,0.0798097435818333
868,9.986247716072949,0.00998624771607295
869,20.43973670814292,0.02043973670814292
870,74.3600365107652,0.0743600365107652
871,2.3140094581946435,0.0023140094581946434
872,97.92246337072797,0.09792246337072796
873,37.714468035568075,0.03771446803556808
874,71.93125336908236,0.07193125336908236
875,88.75710884880434,0.08875710884880433
876,39.462988815008224,0.039462988815008225
877,31.913248859966604,0.0319132488599666
878,60.87411288982467,0.06087411288982467
879,58.09893737480507,0.058098937374805065
880,40.91399776247972,0.04091399776247972
881,60.177475586770846,0.06017747558677085
882,93.53813695664948,0.09353813695664948
883,46.76402566265965,0.04676402566265965
884,19.67421807506313,0.01967421807506313
885,37.72059828830039,0.037720598288300385
886,39.41069825931186,0.03941069825931186
887,13.110869302621985,0.013110869302621985
888,16.28715005545549,0.01628715005545549
889,68.45620733936772,0.06845620733936772
890,33.94777542089027,0.03394777542089027
891,95.48983918558076,0.09548983918558077
892,24.35967453586074,0.02435967453586074
893,9.892450510482231,0.009892450510482232
894,75.3504563000258,0.07535045630002579
895,88.10360519178701,0.088103605191787
896,27.811335687148787,0.02781133568714879
897,20.208810164547796,0.020208810164547796
898,18.576613487108716,0.018576613487108717
899,52.20123013665123,0.05220123013665123
900,46.841664124677095,0.04684166412467709
901,25.94398398545342,0.02594398398545342
902,4.517311698942638,0.0045173116989426386
903,48.14913403262807,0.04814913403262807
904,95.93323476356083,0.09593323476356083
905,65.25192007526633,0.06525192007526633
906,49.55065566286184,0.04955065566286184
907,11.069207402961611,0.011069207402961611
908,25.243629054958728,0.02524362905495873
909,29.477394957454273,0.029477394957454273
910,76.48035526072343,0.07648035526072343
911,87.67107972646193,0.08767107972646193
912,90.16418535664384,0.09016418535664385
913,98.45686082507541,0.0984568608250754
914,98.23666831045324,0.09823666831045325
915,95.29991327679814,0.09529991327679814
916,7.182214050288438,0.0071822140502884385
917,13.779353592780518,0.013779353592780519
918,30.44665264760329,0.03044665264760329
919,55.28982540644615,0.05528982540644615
920,9.69778887054793,0.00969778887054793
921,84.57969578021425,0.08457969578021425
922,61.67561790773091,0.06167561790773091
923,54.236440230220495,0.05423644023022049
924,16.531132336729115,0.016531132336729114
925,25.325547440019736,0.025325547440019736
926,16.031202498225806,0.016031202498225806
927,85.19331577947986,0.08519331577947986
928,58.42278600612182,0.058422786006121816
929,73.51294275196334,0.07351294275196334
930,29.603286291002572,0.029603286291002572
931,37.12526370882772,0.03712526370882772
932,40.48549644265338,0.040485496442653375
933,76.00149717440348,0.07600149717440348
934,77.23529876745681,0.07723529876745681
935,20.68135275140317,0.020681352751403172
936,94.1538856738099,0.09415388567380989
937,12.06553374436864,0.01206553374436864
938,89.61220824236304,0.08961220824236305
939,10.03956456498093,0.01003956456498093
940,26.453981115131107,0.026453981115131107
941,84.64785360679569,0.08464785360679569
942,17.949207234608743,0.017949207234608744
943,41.356793130996984,0.04135679313099699
944,44.98592999441262,0.04498592999441262
945,24.525897302320963,0.024525897302320965
946,71.02452013359866,0.07102452013359865
947,85.13346494022038,0.08513346494022038
948,87.45751398555718,0.08745751398555718
949,33.9322145736561,0.0339322145736561
950,53.08503942878144,0.05308503942878144
951,24.84064038656515,0.02484064038656515
952,24.479650155014543,0.02447965015501454
953,16.125406285192412,0.016125406285192413
954,94.00190108075147,0.09400190108075146
955,88.798882860558,0.088798882860558
956,77.73587133276922,0.07773587133276923
957,51.7661521287729,0.051766152128772905
958,49.06079155118719,0.049060791551187186
959,52.974566618249796,0.05297456661824979
960,53.65680135770893,0.05365680135770893
961,43.456308469769034,0.043456308469769035
962,13.175483289206745,0.013175483289206745
963,12.566385286853599,0.0125663852868536
964,95.22497158456832,0.09522497158456832
965,48.203075958635054,0.04820307595863505
966,95.32055249051889,0.09532055249051889
967,16.357687771010998,0.016357687771010997
968,55.441655203993356,0.055441655203993356
969,20.771725335153924,0.020771725335153923
970,25.318460612660154,0.025318460612660153
971,3.0054578761178785,0.0030054578761178783
972,11.895331074021131,0.011895331074021132
973,91.68484076291958,0.09168484076291958
974,32.153299148233174,0.03215329914823317
975,60.812921191459154,0.06081292119145915
976,46.5014131989273,0.046501413198927304
977,40.04512452452783,0.040045124524527825
978,53.188609134606814,0.05318860913460682
979,18.72389446153415,0.018723894461534153
980,98.86038985195765,0.09886038985195765
981,81.83078687038629,0.0818307868703863
982,74.16146327315153,0.07416146327315153
983,46.87592970139525,0.04687592970139525
984,15.287712212633597,0.015287712212633597
985,92.06658582735679,0.09206658582735679
986,34.138706738172765,0.034138706738172764
987,5.010668969693377,0.005010668969693377
988,34.240367681062864,0.03424036768106287
989,79.44570304958843,0.07944570304958844
990,62.27087449882082,0.062270874498820815
991,75.08385847448596,0.07508385847448597
992,79.36353838623774,0.07936353838623773
993,21.19546110805426,0.021195461108054262
994,92.37833160931802,0.09237833160931802
995,43.79896029203726,0.04379896029203726
996,63.90136492641646,0.06390136492641646
997,0.23087725867420028,0.00023087725867420027
998,99.3368498411178,0.09933684984111779
999,28.08963859641551,0.02808963859641551
1000,6.206310654015523,0.006206310654015523
1001,45.826204153651396,0.0458262041536514
1002,12.903005718204174,0.012903005718204174
1003,15.232671015757571,0.01523267101575757
1004,63.228281303021014,0.06322828130302101
1005,39.29273915702333,0.039292739157023325
1006,92.1852450154995,0.0921852450154995
1007,31.915649460807003,0.031915649460807
1008,72.61801283839011,0.07261801283839012
1009,46.109943015490764,0.04610994301549076
1010,65.99513011292788,0.06599513011292789
1011,59.96953567159904,0.05996953567159904
1012,47.27839727589982,0.047278397275899824
1013,95.00610946244372,0.09500610946244371
1014,34.271364275495586,0.03427136427549558
1015,17.723550124927257,0.017723550124927257
1016,67.80940608798282,0.06780940608798282
1017,84.60075613079087,0.08460075613079086
1018,4.0253739939923765,0.004025373993992377
1019,44.96326884226806,0.044963268842268055
1020,89.24876896873263,0.08924876896873263
1021,74.96186189228675,0.07496186189228675
1022,99.18077164976282,0.09918077164976281
1023,53.141381159724375,0.053141381159724374
1024,65.99957188011513,0.06599957188011513
1025,30.248028113792813,0.03024802811379281
1026,94.75355996659923,0.09475355996659923
1027,36.63354885565363,0.036633548855653626
1028,73.85107126866286,0.07385107126866286
1029,40.31402041190819,0.04031402041190819
1030,56.18189300629993,0.05618189300629993
1031,71.97825350215462,0.07197825350215462
1032,50.893415175135424,0.050893415175135424
1033,90.70863269095085,0.09070863269095085
1034,41.930098792781024,0.04193009879278103
1035,64.70717981433252,0.06470717981433252
1036,34.23624333000541,0.034236243330005404
1037,40.8156668231013,0.0408156668231013
1038,44.00501082335524,0.04400501082335524
1039,12.580701831228524,0.012580701831228523
1040,9.17236790590067,0.00917236790590067
1041,66.74899231467579,0.06674899231467579
1042,65.55177383430522,0.06555177383430523
1043,66.29097142100953,0.06629097142100954
1044,1.9766445342691674,0.0019766445342691676
1045,32.65468426717799,0.03265468426717799
1046,19.780984725919694,0.019780984725919694
1047,77.81514225440124,0.07781514225440124
1048,86.06304013961301,0.08606304013961301
1049,24.668037722614734,0.024668037722614736
1050,66.78491588479864,0.06678491588479864
1051,12.936280345827445,0.012936280345827444
1052,27.515252560171334,0.027515252560171333
1053,13.865449623341952,0.013865449623341953
1054,28.352076659922922,0.028352076659922922
1055,67.47365473492779,0.0674736547349278
1056,91.03269101852524,0.09103269101852524
1057,20.252240792418597,0.020252240792418597
1058,54.20790349507192,0.054207903495071916
1059,70.13911012434323,0.07013911012434323
1060,95.29224684855657,0.09529224684855657
1061,61.00604828871739,0.06100604828871739
1062,25.51069310273807,0.02551069310273807
1063,62.54781569139362,0.06254781569139363
1064,32.049116167801614,0.032049116167801615
1065,97.61283906917078,0.09761283906917077
1066,39.967613516363684,0.03996761351636369
1067,68.54277207610141,0.06854277207610142
1068,2.322758234675848,0.002322758234675848
1069,40.006144613475534,0.040006144613475535
1070,87.51076133225116,0.08751076133225116
1071,61.022744443324584,0.06102274444332458
1072,44.39428863959763,0.044394288639597636
1073,93.59374994357259,0.09359374994357259
1074,85.39843761472291,0.0853984376147229
1075,32.22156738229383,0.03222156738229383
1076,54.45484020413396,0.05445484020413396
1077,48.98242560924627,0.04898242560924627
1078,63.220250011486236,0.06322025001148623
1079,33.41112669587556,0.03341112669587556
1080,24.420500076588823,0.024420500076588823
1081,91.2671835255536,0.0912671835255536
1082,92.38744994985063,0.09238744994985064
1083,84.3322885761979,0.0843322885761979
1084,97.82044307645613,0.09782044307645613
1085,74.49915257796886,0.07449915257796885
1086,76.46672285619997,0.07646672285619996
1087,76.25900919626407,0.07625900919626408
1088,48.06076309423065,0.04806076309423065
1089,45.64521945142717,0.04564521945142717
1090,24.022627614900316,0.024022627614900316
1091,64.48191943592904,0.06448191943592904
1092,28.932013610233454,0.028932013610233454
1093,25.78084097023544,0.025780840970235443
1094,58.596137409605475,0.058596137409605474
1095,40.99823882250432,0.04099823882250432
1096,21.88566087946322,0.02188566087946322
1097,81.60560167528311,0.08160560167528311
1098,86.0569919294376,0.0860569919294376
1099,16.769951967778095,0.016769951967778095
1100,0.7507032799999869,0.0007507032799999869
1101,33.61299685293737,0.03361299685293737
1102,79.75108356807526,0.07975108356807525
1103,83.91738662343245,0.08391738662343246
1104,13.832907011604922,0.013832907011604922
1105,77.43359011830512,0.07743359011830511
1106,11.570416730942945,0.011570416730942945
1107,39.00625901565292,0.039006259015652925
1108,99.86095150119158,0.09986095150119158
1109,19.259082323090983,0.01925908232309098
1110,15.396358257762643,0.015396358257762642
1111,42.28003325467935,0.042280033254679356
1112,61.96685259698614,0.061966852596986144
1113,93.29007824132532,0.09329007824132532
1114,98.08211455330343,0.09808211455330343
1115,6.964063659139463,0.006964063659139463
1116,13.799751734790533,0.013799751734790533
1117,79.07379738959939,0.0790737973895994
1118,27.063215227086047,0.027063215227086046
1119,88.48490595063606,0.08848490595063606
1120,66.34532572290868,0.06634532572290869
1121,11.184480238067717,0.011184480238067717
1122,83.25292849240071,0.08325292849240071
1123,17.635638000807585,0.017635638000807585
1124,42.34953946796538,0.04234953946796538
1125,55.218492855933,0.055218492855933
1126,50.07661490802783,0.050076614908027825
1127,68.61629156151504,0.06861629156151504
1128,65.26867348692552,0.06526867348692553
1129,99.20420055280549,0.09920420055280549
1130,99.94219092241879,0.0999421909224188
1131,51.64594026356409,0.051645940263564095
1132,9.519908696086398,0.009519908696086399
1133,72.78432989687184,0.07278432989687184
1134,97.66640782165892,0.09766640782165892
1135,31.832638762902032,0.03183263876290203
1136,46.12088858375738,0.046120888583757375
1137,42.477692481545596,0.04247769248154559
1138,5.141915455692936,0.005141915455692936
1139,67.22644312234448,0.06722644312234448
1140,35.33376950684678,0.03533376950684678
1141,78.74638746315023,0.07874638746315023
1142,83.21200752819861,0.08321200752819861
1143,82.12307865978454,0.08212307865978453
1144,41.666599803988014,0.041666599803988014
1145,32.15456822408995,0.03215456822408995
1146,74.88207796670548,0.07488207796670548
1147,80.1389433842723,0.0801389433842723
1148,49.12574463913661,0.04912574463913661
1149,89.3031019536303,0.08930310195363031
1150,14.390869607855826,0.014390869607855827
1151,87.90687796589602,0.08790687796589601
1152,9.609523297188128,0.009609523297188128
1153,15.35255220546139,0.01535255220546139
1154,53.384001327396035,0.053384001327396034
1155,6.7518480187415015,0.006751848018741502
1156,5.280710140011036,0.005280710140011036
1157,0.05187441657055203,5.187441657055203e-05
1158,43.631665969426315,0.04363166596942632
1159,77.46238812922299,0.07746238812922299
1160,3.4838350279915664,0.0034838350279915663
1161,65.22576064658554,0.06522576064658554
1162,82.31273174161865,0.08231273174161866
1163,16.800084857787112,0.016800084857787112
1164,14.686373482140425,0.014686373482140426
1165,86.0800973620536,0.0860800973620536
1166,82.31246099500947,0.08231246099500947
1167,53.89417662641869,0.05389417662641869
1168,81.91998792939803,0.08191998792939803
1169,9.275607742449477,0.009275607742449477
1170,39.44815179387544,0.03944815179387544
1171,73.77975561063728,0.07377975561063728
1172,25.745195932396335,0.025745195932396336
1173,75.23289144335527,0.07523289144335527
1174,50.41786043908139,0.050417860439081384
1175,75.0265987948233,0.0750265987948233
1176,46.467963785732955,0.04646796378573295
1177,36.79043402218176,0.03679043402218176
1178,21.918921647863232,0.021918921647863233
1179,20.837934143501503,0.0208379341435015
1180,75.1490810571396,0.07514908105713959
1181,11.89103480339605,0.01189103480339605
1182,8.598235011094513,0.008598235011094513
1183,17.629136502213015,0.017629136502213014
1184,17.53465114539219,0.01753465114539219
1185,82.31076228068997,0.08231076228068997
1186,39.85066234742124,0.03985066234742124
1187,99.03884573604824,0.09903884573604825
1188,13.72112577906124,0.01372112577906124
1189,65.35398256936433,0.06535398256936434
1190,44.87295072012506,0.04487295072012506
1191,39.2918176697074,0.0392918176697074
1192,87.50841990540823,0.08750841990540824
1193,97.55956458283997,0.09755956458283997
1194,87.28589587741787,0.08728589587741788
1195,19.230067903513305,0.019230067903513306
1196,22.079792120893405,0.022079792120893404
1197,65.60738790950633,0.06560738790950633
1198,28.90835816381917,0.02890835816381917
1199,73.47251307805799,0.07347251307805798
1200,56.642065080964464,0.05664206508096446
1201,55.09087684904029,0.05509087684904029
1202,82.85469248387858,0.08285469248387858
1203,71.05327717426778,0.07105327717426778
1204,2.6577764997291697,0.0026577764997291697
1205,4.945913714601568,0.004945913714601568
1206,60.15584524560157,0.060155845245601566
1207,48.61920756222755,0.048619207562227554
1208,26.01846553429914,0.02601846553429914
1209,41.865608731480165,0.04186560873148017
1210,75.79103187328606,0.07579103187328606
1211,82.661148465793,0.082661148465793
1212,56.12230678900442,0.05612230678900442
1213,38.5369480857103,0.0385369480857103
1214,27.069676149510702,0.027069676149510703
1215,52.19184707692535,0.05219184707692535
1216,31.4749618564381,0.0314749618564381
1217,56.40951370472229,0.056409513704722296
1218,67.66523825096377,0.06766523825096377
1219,6.607921091939484,0.006607921091939484
1220,0.10674650227472382,0.00010674650227472382
1221,21.227713884074294,0.021227713884074295
1222,89.45114977187811,0.08945114977187811
1223,64.62907632285592,0.06462907632285592
1224,17.196035193702286,0.017196035193702285
1225,89.02639618236188,0.08902639618236188
1226,46.995594028734,0.046995594028733996
1227,47.60917566786607,0.04760917566786607
1228,93.55419438426551,0.09355419438426552
1229,5.948669218334002,0.005948669218334002
1230,21.517827462871853,0.021517827462871852
1231,58.57713251547224,0.058577132515472245
1232,19.548650958200408,0.01954865095820041
1233,67.95270092089578,0.06795270092089578
1234,21.40922893367202,0.021409228933672017
1235,9.915697059881435,0.009915697059881434
1236,20.698515964083974,0.020698515964083973
1237,42.273403427206226,0.04227340342720622
1238,17.61382991730799,0.017613829917307987
1239,13.46920249233473,0.01346920249233473
1240,86.02818862189409,0.08602818862189408
1241,32.03972035973079,0.03203972035973079
1242,36.07586865182536,0.03607586865182536
1243,5.527040950122764,0.005527040950122764
1244,35.73696235020542,0.03573696235020542
1245,26.480717732157967,0.026480717732157967
1246,61.04850673417885,0.06104850673417885
1247,20.53902976724067,0.02053902976724067
1248,88.83654530628405,0.08883654530628406
1249,92.96666209195551,0.09296666209195552
1250,9.98310571767902,0.009983105717679021
1251,10.740295628857721,0.010740295628857722
1252,11.532643811098797,0.011532643811098798
1253,61.956925631031204,0.0619569256310312
1254,12.19689642096229,0.01219689642096229
1255,85.23823179302663,0.08523823179302663
1256,75.42715149378924,0.07542715149378924
1257,81.98088582380241,0.0819808858238024
1258,52.60605268860209,0.05260605268860209
1259,99.66772115191534,0.09966772115191534
1260,4.417510294416127,0.004417510294416127
1261,40.12649641861133,0.04012649641861133
1262,32.393666893763616,0.03239366689376361
1263,94.8645498712641,0.09486454987126411
1264,57.68609584975929,0.05768609584975929
1265,80.61909654447253,0.08061909654447252
1266,17.034119365851886,0.017034119365851887
1267,97.86341439004389,0.09786341439004388
1268,49.86395468763152,0.049863954687631516
1269,49.36720762706458,0.04936720762706458
1270,97.08847285457378,0.09708847285457378
1271,38.0732361217145,0.0380732361217145
1272,39.7525024554993,0.0397525024554993
1273,58.47527028049366,0.05847527028049366
1274,12.805261054778693,0.012805261054778694
1275,32.108562641185486,0.03210856264118549
1276,19.320832244513053,0.019320832244513052
1277,10.32834791070496,0.01032834791070496
1278,86.61446063310201,0.08661446063310202
1279,58.933116612747604,0.0589331166127476
1280,35.86727915279112,0.03586727915279112
1281,40.86693773667128,0.040866937736671285
1282,43.15190036873546,0.04315190036873546
1283,63.314918214470936,0.06331491821447094
1284,92.67693914889932,0.09267693914889932
1285,93.27796196569825,0.09327796196569825
1286,39.14919795306634,0.039149197953066345
1287,32.926245959776956,0.03292624595977696
1288,45.104650018525504,0.045104650018525504
1289,56.793423042849255,0.056793423042849255
1290,46.181791144974824,0.046181791144974824
1291,65.87534098167009,0.0658753409816701
1292,55.43990233797636,0.05543990233797636
1293,32.07155466940761,0.03207155466940761
1294,34.57308057626326,0.03457308057626326
1295,37.859278755973094,0.03785927875597309
1296,9.463976824938868,0.009463976824938868
1297,16.60626324139731,0.01660626324139731
1298,72.31138021453862,0.07231138021453862
1299,38.909671152208006,0.038909671152208
1300,21.453897256014365,0.021453897256014366
1301,56.26724105748573,0.05626724105748573
1302,75.55395424734273,0.07555395424734274
1303,25.742236234537142,0.02574223623453714
1304,82.67898819237445,0.08267898819237444
1305,92.75048596250495,0.09275048596250496
1306,59.73945290738407,0.05973945290738407
1307,66.89476589915796,0.06689476589915797
1308,5.257599032305538,0.0052575990323055375
1309,94.55198910219065,0.09455198910219065
1310,39.24847342649438,0.03924847342649438
1311,92.390040054543,0.09239004005454299
1312,57.897752475024255,0.05789775247502425
1313,0.46187988433276095,0.00046187988433276094
1314,3.8541999323435716,0.0038541999323435717
1315,68.04188056699219,0.06804188056699219
1316,56.26680138319331,0.05626680138319331
1317,2.6532437206074344,0.0026532437206074344
1318,74.34599612223853,0.07434599612223854
1319,85.21453370691817,0.08521453370691817
1320,49.64174824393083,0.049641748243930826
1321,46.5757440357255,0.0465757440357255
1322,0.5473108834627483,0.0005473108834627482
1323,78.66497124935992,0.07866497124935992
1324,33.07160667461054,0.033071606674610544
1325,87.87636197825395,0.08787636197825395
1326,37.3060587558053,0.0373060587558053
1327,56.507791063070556,0.05650779106307056
1328,27.03417881993275,0.027034178819932753
1329,16.058831258491868,0.016058831258491866
1330,77.4907903381328,0.0774907903381328
1331,49.65904788462816,0.04965904788462816
1332,53.64879237522507,0.053648792375225074
1333,96.54159534817354,0.09654159534817354
1334,96.35799122221536,0.09635799122221536
1335,85.56421217024035,0.08556421217024035
1336,18.760929276503358,0.018760929276503358
1337,59.42726943015799,0.05942726943015799
1338,87.81474246555373,0.08781474246555374
1339,37.446393644893774,0.03744639364489377
1340,10.110616593558497,0.010110616593558497
1341,81.09629022399218,0.08109629022399219
1342,48.17635513621716,0.04817635513621716
1343,56.439268035917856,0.05643926803591785
1344,98.21442963178444,0.09821442963178444
1345,60.72114304940721,0.06072114304940721
1346,42.49793856661014,0.04249793856661014
1347,36.99843678471978,0.03699843678471978
1348,41.76192926540456,0.04176192926540456
1349,11.839908317866875,0.011839908317866875
1350,79.47505584175718,0.07947505584175718
1351,83.77168581870411,0.08377168581870412
1352,28.439713457340886,0.028439713457340886
1353,30.37966184099441,0.03037966184099441
1354,87.43342563348132,0.08743342563348132
1355,2.3970355527955456,0.0023970355527955455
1356,52.045744376722766,0.05204574437672277
1357,46.3675714681501,0.046367571468150105
1358,69.01267695784597,0.06901267695784596
1359,16.33917001494545,0.016339170014945448
1360,66.83307407951537,0.06683307407951537
1361,37.673400787487644,0.03767340078748765
1362,61.8714778169642,0.0618714778169642
1363,4.009500987277592,0.004009500987277592
1364,46.172719718450935,0.04617271971845093
1365,52.22508939823721,0.05222508939823721
1366,21.43264028549866,0.02143264028549866
1367,13.962365417912071,0.013962365417912072
1368,18.84743030123014,0.01884743030123014
1369,34.414107806334805,0.034414107806334804
1370,9.681014930497145,0.009681014930497145
1371,94.73197957296044,0.09473197957296044
1372,40.49940614958173,0.04049940614958173
1373,80.8969602506749,0.08089696025067489
1374,97.44171231088467,0.09744171231088467
1375,8.07352800027391,0.008073528000273911
1376,65.1669467934994,0.06516694679349941
1377,87.14090867412139,0.08714090867412139
1378,63.42344339667283,0.06342344339667283
1379,42.90261213574127,0.04290261213574127
1380,43.10763576379383,0.04310763576379383
1381,3.589888600735891,0.003589888600735891
1382,53.46007512892753,0.05346007512892753
1383,99.35429967868474,0.09935429967868474
1384,95.87075259719342,0.09587075259719341
1385,4.039922884216319,0.004039922884216319
1386,70.57970036294881,0.07057970036294882
1387,30.17648666969308,0.03017648666969308
1388,90.29891534061368,0.09029891534061367
1389,4.511474570927854,0.004511474570927854
1390,93.58741020110806,0.09358741020110806
1391,83.74757437877768,0.08374757437877768
1392,11.750438225260151,0.011750438225260151
1393,5.98243373172992,0.005982433731729919
1394,83.4707664326936,0.08347076643269359
1395,15.575767097457938,0.015575767097457938
1396,53.48981529758705,0.05348981529758705
1397,91.57448578787096,0.09157448578787096
1398,56.74481135493233,0.05674481135493233
1399,39.72333014728241,0.03972333014728241
1400,44.50160548539922,0.04450160548539922
1401,6.311717070387102,0.006311717070387102
1402,96.87523213615988,0.09687523213615988
1403,31.065418508108277,0.031065418508108275
1404,18.936349167285382,0.01893634916728538
1405,28.60473018403953,0.02860473018403953
1406,96.43731948914788,0.09643731948914788
1407,9.428605348800701,0.009428605348800701
1408,86.73030405011814,0.08673030405011814
1409,70.78438944014478,0.07078438944014478
1410,83.00191791590281,0.0830019179159028
1411,97.58975403678963,0.09758975403678963
1412,84.21546555168719,0.08421546555168719
1413,94.33823512778528,0.09433823512778529
1414,12.693525679091977,0.012693525679091976
1415,79.578856516697,0.07957885651669701
1416,54.567569408104774,0.054567569408104775
1417,54.349559507986065,0.05434955950798606
1418,89.89215763205137,0.08989215763205137
1419,97.18038186467113,0.09718038186467114
1420,70.4838323043181,0.0704838323043181
1421,48.29383894717839,0.0482938389471784
1422,45.64038579018453,0.045640385790184534
1423,38.63414572231818,0.03863414572231818
1424,36.15990295726627,0.03615990295726627
1425,39.15068416844314,0.03915068416844314
1426,8.975323525119528,0.008975323525119528
1427,7.743608526043822,0.007743608526043822
1428,77.98698438723117,0.07798698438723117
1429,44.607289292022614,0.044607289292022616
1430,93.06844885446205,0.09306844885446205
1431,61.22210085939525,0.06122210085939525
1432,3.517598218441975,0.0035175982184419753
1433,15.752334131747947,0.015752334131747946
1434,20.581979301300755,0.020581979301300755
1435,97.57360243896606,0.09757360243896607
1436,21.870422615163488,0.021870422615163487
1437,51.57556762880513,0.05157556762880513
1438,93.61769316401961,0.09361769316401962
1439,97.71927299143573,0.09771927299143573
1440,23.636043538354457,0.023636043538354457
1441,4.911764375004013,0.004911764375004014
1442,15.36018325377585,0.015360183253775849
1443,6.332847870255809,0.006332847870255809
1444,19.51242410923364,0.01951242410923364
1445,56.85697147037354,0.05685697147037354
1446,91.24487962956418,0.09124487962956418
1447,53.721888369434,0.053721888369434
1448,62.59895566990807,0.06259895566990807
1449,20.18672516095411,0.02018672516095411
1450,80.05836206738502,0.08005836206738502
1451,61.77889085055832,0.06177889085055832
1452,86.41368291927249,0.08641368291927248
1453,94.88431070057841,0.09488431070057841
1454,34.790077575659225,0.034790077575659224
1455,9.057905853543936,0.009057905853543937
1456,22.592895791678245,0.022592895791678246
1457,43.78415656758372,0.04378415656758372
1458,94.56936518244733,0.09456936518244732
1459,37.83098223734152,0.03783098223734152
1460,77.077321366537,0.07707732136653701
1461,54.0476692170755,0.0540476692170755
1462,18.280877043097654,0.018280877043097655
1463,32.07341189534516,0.03207341189534516
1464,65.31918850228186,0.06531918850228186
1465,67.28533946848934,0.06728533946848934
1466,43.47597468090461,0.04347597468090461
1467,22.864560266211463,0.02286456026621146
1468,72.19067795126763,0.07219067795126763
1469,16.887304161271476,0.016887304161271478
1470,93.66696918651266,0.09366696918651266
1471,18.79035790364767,0.01879035790364767
1472,10.731236283252043,0.010731236283252043
1473,49.76477023653788,0.04976477023653788
1474,51.954959810969406,0.051954959810969405
1475,50.81929147782448,0.05081929147782448
1476,43.666748933883945,0.04366674893388395
1477,99.48148928296084,0.09948148928296084
1478,48.628061267058186,0.04862806126705819
1479,47.7946580739831,0.0477946580739831
1480,42.17660627145613,0.04217660627145613
1481,6.68257547014629,0.00668257547014629
1482,59.295663114961606,0.05929566311496161
1483,22.796777222318244,0.022796777222318244
1484,63.76089802290499,0.063760898022905
1485,5.083346194847715,0.005083346194847715
1486,98.13871012530016,0.09813871012530016
1487,46.90050790126722,0.04690050790126722
1488,89.67553715906985,0.08967553715906985
1489,47.55611732329348,0.04755611732329348
1490,6.033081857422173,0.006033081857422173
1491,82.2213546093807,0.0822213546093807
1492,64.81837296671344,0.06481837296671344
1493,78.17570475739451,0.0781757047573945
1494,42.81698635088733,0.042816986350887334
1495,63.793674424664495,0.06379367442466449
1496,85.62290037966075,0.08562290037966075
1497,63.10654428718875,0.06310654428718875
1498,34.76736348359033,0.03476736348359033
1499,66.25295943661999,0.06625295943661999
1500,67.18541886140673,0.06718541886140673
1501,96.0586962506625,0.0960586962506625
1502,37.09123215416692,0.03709123215416692
1503,42.50817675141312,0.042508176751413114
1504,81.21229611870592,0.08121229611870592
1505,50.576231474274124,0.050576231474274126
1506,73.6573093115733,0.0736573093115733
1507,45.9709464453592,0.045970946445359206
1508,21.549514181270048,0.02154951418127005
1509,74.52038427810108,0.07452038427810108
1510,13.115516918470993,0.013115516918470993
1511,19.85836635313081,0.019858366353130808
1512,62.68249827842086,0.06268249827842086
1513,74.72698001920698,0.07472698001920698
1514,89.4687886867815,0.0894687886867815
1515,27.25864974158917,0.02725864974158917
1516,11.072425860055436,0.011072425860055435
1517,95.6046659522629,0.0956046659522629
1518,15.442308802214244,0.015442308802214245
1519,19.76669822546395,0.019766698225463952
1520,29.132945355846573,0.02913294535584657
1521,52.93913540262874,0.05293913540262874
1522,88.2825566034078,0.0882825566034078
1523,76.0546022729867,0.0760546022729867
1524,70.81575538426351,0.07081575538426352
1525,17.518056785600365,0.017518056785600363
1526,35.76826315259743,0.03576826315259743
1527,47.840492608667795,0.047840492608667795
1528,14.742595348558584,0.014742595348558584
1529,27.34297021266725,0.02734297021266725
1530,30.833320395284424,0.030833320395284424
1531,12.727619832903924,0.012727619832903924
1532,55.02396919082576,0.05502396919082576
1533,70.50281965241929,0.0705028196524193
1534,6.993163147686121,0.006993163147686121
1535,48.11231017631498,0.048112310176314975
1536,78.2211195267795,0.0782211195267795
1537,74.79901289524469,0.07479901289524468
1538,81.50730962187541,0.08150730962187541
1539,44.824063317060705,0.04482406331706071
1540,82.05570826398608,0.08205570826398607
1541,24.07530712142695,0.02407530712142695
1542,36.08105614175153,0.036081056141751534
1543,17.63555764178013,0.017635557641780132
1544,46.74845394285718,0.046748453942857184
1545,39.206002241544326,0.03920600224154432
1546,24.09271164143122,0.02409271164143122
1547,75.17807092307815,0.07517807092307816
1548,31.384677211164657,0.031384677211164655
1549,27.280433014583572,0.027280433014583574
1550,13.089033085049506,0.013089033085049506
1551,43.88217018019487,0.04388217018019487
1552,30.2964628837302,0.0302964628837302
1553,36.92728413409686,0.036927284134096856
1554,23.599726262055263,0.023599726262055264
1555,76.31554898199005,0.07631554898199004
1556,93.00033473547174,0.09300033473547174
1557,49.793185278888764,0.04979318527888876
1558,64.29984233408325,0.06429984233408326
1559,86.7172276606706,0.0867172276606706
1560,99.88296373336586,0.09988296373336586
1561,61.351648472983214,0.06135164847298322
1562,88.97794665398688,0.08897794665398688
1563,90.8608246555642,0.0908608246555642
1564,79.14514878076223,0.07914514878076223
1565,46.09313910731102,0.04609313910731102
1566,8.11540004238993,0.00811540004238993
1567,1.5805555440133845,0.0015805555440133845
1568,47.72006332829246,0.04772006332829246
1569,49.43145335346178,0.049431453353461774
1570,40.73623878629723,0.04073623878629723
1571,56.816735129136454,0.05681673512913645
1572,55.216270330442704,0.055216270330442706
1573,83.6613041032693,0.0836613041032693
1574,10.86571032622624,0.010865710326226241
1575,22.517766610554546,0.022517766610554546
1576,79.30049789596303,0.07930049789596304
1577,84.78368672236546,0.08478368672236546
1578,99.48242136208678,0.09948242136208678
1579,87.29120163870842,0.08729120163870842
1580,88.9899007072331,0.0889899007072331
1581,31.434794262990483,0.031434794262990486
1582,40.166163400937634,0.040166163400937635
1583,26.808510482055105,0.026808510482055105
1584,60.62993981927156,0.06062993981927156
1585,93.88053542070384,0.09388053542070383
1586,34.464088651161774,0.034464088651161774
1587,55.700178188145024,0.05570017818814502
1588,29.629963045348507,0.02962996304534851
1589,16.97999737727075,0.01697999737727075
1590,19.518552981865568,0.01951855298186557
1591,5.794534453812994,0.005794534453812994
1592,94.92935230092574,0.09492935230092574
1593,40.28796085076296,0.04028796085076296
1594,83.41208920021081,0.08341208920021081
1595,68.13294726896912,0.06813294726896912
1596,19.19211614110854,0.01919211614110854
1597,17.54622465790878,0.01754622465790878
1598,81.19882015105449,0.0811988201510545
1599,26.471171061953736,0.026471171061953735
1600,91.32851837019757,0.09132851837019756
1601,14.005540468949063,0.014005540468949062
1602,67.77086144544695,0.06777086144544696
1603,81.44738760309339,0.08144738760309339
1604,23.5256388415645,0.0235256388415645
1605,27.620736345656603,0.027620736345656604
1606,96.45188861392016,0.09645188861392016
1607,26.459760534615828,0.02645976053461583
1608,42.99570499000478,0.04299570499000478
1609,43.25155932423661,0.04325155932423661
1610,25.303474992968354,0.025303474992968353
1611,77.57910864370905,0.07757910864370905
1612,77.18493432291552,0.07718493432291552
1613,37.83180142237856,0.03783180142237856
1614,83.51257910807337,0.08351257910807337
1615,21.307493439900238,0.021307493439900238
1616,0.43057756676786463,0.00043057756676786465
1617,57.11673620557411,0.05711673620557411
1618,99.40777724523785,0.09940777724523785
1619,3.8644309826884604,0.0038644309826884604
1620,20.799807370846057,0.02079980737084606
1621,51.89146424870842,0.05189146424870841
1622,80.99407364448706,0.08099407364448706
1623,8.904200507505323,0.008904200507505322
1624,39.52346537588943,0.03952346537588943
1625,74.70758006298863,0.07470758006298862
1626,37.15432084063616,0.03715432084063616
1627,18.883642047563896,0.018883642047563896
1628,19.54958273965873,0.019549582739658733
1629,41.00487869149943,0.04100487869149943
1630,47.941707480589116,0.04794170748058912
1631,86.1814417816014,0.08618144178160139
1632,64.22524185679936,0.06422524185679936
1633,69.04019545155015,0.06904019545155014
1634,98.2987171535907,0.0982987171535907
1635,41.18434403009738,0.04118434403009738
1636,40.33544032491283,0.04033544032491283
1637,92.33469677258122,0.09233469677258123
1638,24.587558700505863,0.024587558700505864
1639,72.98152463028667,0.07298152463028668
1640,75.45731382181347,0.07545731382181348
1641,9.778799744544308,0.009778799744544308
1642,46.8231405693584,0.0468231405693584
1643,20.056247132155402,0.0200562471321554
1644,18.537527280248568,0.01853752728024857
1645,46.38281104628762,0.04638281104628762
1646,28.942970750806495,0.028942970750806495
1647,79.60604476258709,0.07960604476258709
1648,90.76048913904825,0.09076048913904824
1649,80.27206052883656,0.08027206052883656
1650,26.603087262166525,0.026603087262166526
1651,27.413439368860836,0.027413439368860835
1652,25.472835011746742,0.02547283501174674
1653,13.503809605623607,0.013503809605623607
1654,94.37983681037112,0.09437983681037111
1655,40.204779815706935,0.040204779815706936
1656,22.468947454587372,0.02246894745458737
1657,84.66710505082435,0.08466710505082435
1658,39.919530265779045,0.039919530265779046
1659,3.511681110966658,0.0035116811109666577
1660,16.19415702496312,0.01619415702496312
1661,63.925034035617,0.063925034035617
1662,78.2905274171724,0.07829052741717239
1663,21.093438848871294,0.021093438848871295
1664,91.73955892661422,0.09173955892661423
1665,85.09971200521645,0.08509971200521645
1666,84.83807540610809,0.08483807540610809
1667,22.76611467992141,0.02276611467992141
1668,5.053598865005771,0.005053598865005771
1669,86.74235394825837,0.08674235394825837
1670,30.580022873856738,0.03058002287385674
1671,61.891638117352585,0.061891638117352585
1672,75.996688370073,0.075996688370073
1673,12.829325851112017,0.012829325851112017
1674,78.08383545190479,0.0780838354519048
1675,93.85114589610659,0.09385114589610659
1676,72.83749657464091,0.0728374965746409
1677,44.12227484805581,0.04412227484805581
1678,87.66781387517028,0.08766781387517028
1679,52.745763007255896,0.0527457630072559
1680,74.47709278167541,0.07447709278167541
1681,82.0505943858604,0.0820505943858604
1682,74.93528616990059,0.0749352861699006
1683,28.785487604815398,0.028785487604815398
1684,11.784390090583107,0.011784390090583107
1685,23.833852936206014,0.023833852936206015
1686,50.28749369803533,0.05028749369803533
1687,50.52769222930959,0.050527692229309584
1688,58.264434931453756,0.05826443493145376
1689,39.51018375478908,0.03951018375478908
1690,78.68913814500277,0.07868913814500277
1691,91.31537503472077,0.09131537503472077
1692,24.672505347947126,0.024672505347947127
1693,73.6523217701888,0.07365232177018881
1694,67.79718525450447,0.06779718525450447
1695,52.3090499279315,0.0523090499279315
1696,18.853023387416023,0.018853023387416023
1697,79.52322585827095,0.07952322585827094
1698,96.06262856288326,0.09606262856288326
1699,72.18363322336134,0.07218363322336134
1700,91.7859996625734,0.0917859996625734
1701,98.41852649479998,0.09841852649479997
1702,35.20506742392382,0.03520506742392382
1703,63.822355292633695,0.06382235529263369
1704,47.3932737638078,0.0473932737638078
1705,98.66287468632301,0.09866287468632301
1706,9.380782400772492,0.009380782400772492
1707,41.23749142972246,0.04123749142972246
1708,87.55390445272361,0.08755390445272361
1709,28.405131052651544,0.028405131052651543
1710,78.77928506388727,0.07877928506388727
1711,38.27831627802557,0.03827831627802557
1712,97.99785398901582,0.09799785398901582
1713,88.35298364237076,0.08835298364237076
1714,30.132035766261534,0.030132035766261535
1715,77.01931135378551,0.07701931135378551
1716,33.68565438332687,0.03368565438332687
1717,60.63628402155351,0.06063628402155351
1718,65.8480768393292,0.0658480768393292
1719,82.95954090857049,0.0829595409085705
1720,2.445084088201488,0.002445084088201488
1721,22.015789115229968,0.02201578911522997
1722,71.19178105885787,0.07119178105885787
1723,56.35232369695373,0.056352323696953734
1724,49.56050782011431,0.04956050782011431
1725,5.520995670798046,0.0055209956707980455
1726,34.827588346145625,0.034827588346145626
1727,86.51002319106483,0.08651002319106484
1728,3.0892837036032184,0.003089283703603218
1729,39.64362353648121,0.03964362353648121
1730,94.51482876707726,0.09451482876707726
1731,5.088073454501463,0.005088073454501463
1732,74.97057510446368,0.07497057510446367
1733,25.761261618203648,0.02576126161820365
1734,86.66088321536725,0.08666088321536725
1735,74.60679789593651,0.07460679789593651
1736,88.57051708583629,0.08857051708583628
1737,21.592479043126602,0.0215924790431266
1738,53.129275481860496,0.0531292754818605
1739,77.92699435748007,0.07792699435748007
1740,24.5699742994981,0.024569974299498098
1741,23.074630526721695,0.023074630526721696
1742,2.7182133497585026,0.0027182133497585027
1743,95.85152939754524,0.09585152939754524
1744,71.00168800546234,0.07100168800546235
1745,63.556035401018484,0.06355603540101848
1746,74.39947226949909,0.07439947226949908
1747,53.16129186954394,0.053161291869543936
1748,47.613382109041034,0.047613382109041036
1749,44.95322411235209,0.044953224112352086
1750,64.04392121036413,0.06404392121036413
1751,20.15349753923832,0.02015349753923832
1752,88.80586950148697,0.08880586950148697
1753,81.17523712192651,0.08117523712192651
1754,34.95636114520339,0.03495636114520339
1755,57.860929681252436,0.057860929681252435
1756,14.10272999500146,0.014102729995001461
1757,97.2346247933598,0.0972346247933598
1758,90.28926876302835,0.09028926876302834
1759,92.18975064992004,0.09218975064992005
1760,33.21630477034516,0.03321630477034516
1761,16.913470738285575,0.016913470738285575
1762,21.177216346631035,0.021177216346631035
1763,9.000139104508985,0.009000139104508986
1764,12.011063010138434,0.012011063010138434
1765,7.130453418484539,0.007130453418484539
1766,98.98230692048735,0.09898230692048735
1767,7.405768336907359,0.007405768336907359
1768,13.254208095141362,0.013254208095141362
1769,82.72545955907364,0.08272545955907364
1770,58.02402167429431,0.05802402167429431
1771,77.44172045693324,0.07744172045693323
1772,63.0912007772655,0.0630912007772655
1773,88.2175070328948,0.0882175070328948
1774,63.846752776474055,0.06384675277647406
1775,52.21250929031509,0.05221250929031509
1776,71.27496937612997,0.07127496937612997
1777,44.73927517921095,0.04473927517921095
1778,34.60638229047347,0.03460638229047347
1779,46.76524524502125,0.04676524524502125
1780,16.971410509856067,0.016971410509856066
1781,79.65717298026914,0.07965717298026914
1782,26.070378133594463,0.026070378133594464
1783,15.353154633704747,0.015353154633704747
1784,24.63522417832268,0.02463522417832268
1785,84.20701517722398,0.08420701517722398
1786,33.02012955977314,0.03302012955977314
1787,68.60498695059002,0.06860498695059002
1788,85.64096306557393,0.08564096306557392
1789,7.774466692504212,0.007774466692504212
1790,76.50244051780429,0.07650244051780429
1791,30.766546637903,0.030766546637903
1792,21.66223641840427,0.02166223641840427
1793,68.89014524529722,0.06889014524529721
1794,90.97966227332338,0.09097966227332338
1795,29.50192087123954,0.02950192087123954
1796,56.88338053843191,0.05688338053843191
1797,28.983411384949154,0.028983411384949153
1798,55.42855857264279,0.05542855857264279
1799,62.18620306543406,0.062186203065434056
1800,61.03353887901798,0.06103353887901798
1801,62.35463696427459,0.06235463696427459
1802,13.507979221752409,0.01350797922175241
1803,69.35404695867196,0.06935404695867196
1804,67.47503563802233,0.06747503563802233
1805,68.25881222168832,0.06825881222168832
1806,7.407055273870633,0.007407055273870633
1807,44.683884241415264,0.04468388424141526
1808,40.903513204572974,0.04090351320457297
1809,8.671148364319913,0.008671148364319913
1810,22.23679278968107,0.02223679278968107
1811,44.09626317980367,0.04409626317980367
1812,74.29063098580822,0.07429063098580822
1813,23.70620769846632,0.02370620769846632
1814,82.97499101249115,0.08297499101249114
1815,54.579828573946344,0.054579828573946346
1816,76.04216851846175,0.07604216851846175
1817,47.25559833368571,0.047255598333685714
1818,49.919422542222335,0.049919422542222334
1819,61.97193893796402,0.061971938937964016
1820,92.79706081658242,0.09279706081658241
1821,49.181258141290996,0.049181258141291
1822,52.8657538108291,0.0528657538108291
1823,60.19969635275295,0.06019969635275295
1824,73.75151372977258,0.07375151372977258
1825,7.185033548623432,0.007185033548623432
1826,51.56874385219721,0.05156874385219721
1827,48.15915892060435,0.04815915892060435
1828,92.16849842375704,0.09216849842375704
1829,49.35065804363411,0.049350658043634116
1830,46.8320534694331,0.0468320534694331
1831,96.2199988534702,0.0962199988534702
1832,45.05764636008816,0.045057646360088154
1833,18.088443032209035,0.018088443032209037
1834,21.69161228057883,0.02169161228057883
1835,9.518753833697414,0.009518753833697413
1836,0.05681292589444498,5.6812925894444974e-05
1837,43.19456610004819,0.04319456610004819
1838,76.92425812982215,0.07692425812982215
1839,73.3466442799836,0.0733466442799836
1840,3.2149087802850196,0.0032149087802850196
1841,56.99829035940329,0.05699829035940329
1842,15.4283125413476,0.0154283125413476
1843,94.10762847646973,0.09410762847646972
1844,16.736499964417927,0.016736499964417926
1845,62.66392176974816,0.06266392176974815
1846,32.62383621640568,0.03262383621640568
1847,64.15613259643523,0.06415613259643523
1848,41.225859646407514,0.041225859646407514
1849,75.96430523063947,0.07596430523063946
1850,23.067912532785783,0.023067912532785784
1851,90.57918529142601,0.09057918529142601
1852,50.02096493133521,0.050020964931335204
1853,75.60931477128528,0.07560931477128528
1854,84.9730191401227,0.0849730191401227
1855,99.8828610954805,0.09988286109548049
1856,22.394566559395823,0.022394566559395822
1857,28.689241356345484,0.028689241356345485
1858,25.043308673188825,0.025043308673188824
1859,26.287133215978265,0.026287133215978264
1860,58.244474153937745,0.05824447415393774
1861,99.3522523145843,0.0993522523145843
1862,99.02780870927545,0.09902780870927545
1863,52.67732313623077,0.05267732313623077
1864,63.90272102646738,0.06390272102646738
1865,85.9970543701606,0.0859970543701606
1866,93.29334584535052,0.09329334584535051
1867,20.38606273295439,0.020386062732954388
1868,52.85417289424529,0.05285417289424529
1869,83.28370546615122,0.08328370546615121
1870,30.320207663459165,0.030320207663459164
1871,43.98090424804667,0.04398090424804667
1872,98.5621101512008,0.0985621101512008
1873,98.5046696720871,0.0985046696720871
1874,90.61068107651816,0.09061068107651817
1875,79.84483448280577,0.07984483448280577
1876,26.913050072280576,0.026913050072280575
1877,32.085007406718745,0.03208500740671875
1878,54.72828412048747,0.054728284120487476
1879,56.07773745620121,0.05607773745620121
1880,50.5502819357067,0.0505502819357067
1881,63.66702799163061,0.06366702799163061
1882,40.83230226329888,0.04083230226329888
1883,74.91741573155329,0.07491741573155329
1884,33.35499264783554,0.033354992647835535
1885,33.06769969463525,0.03306769969463525
1886,12.7225961891828,0.0127225961891828
1887,18.871221002891925,0.018871221002891927
1888,85.05208789213576,0.08505208789213575
1889,44.628233858044155,0.04462823385804415
1890,22.786778655283378,0.022786778655283377
1891,75.93411000223874,0.07593411000223874
1892,55.39811258168594,0.05539811258168594
1893,2.1156011423293486,0.0021156011423293488
1894,31.636145733671516,0.03163614573367152
1895,17.700141112134105,0.017700141112134107
1896,65.58728609828405,0.06558728609828406
1897,27.503104063025287,0.027503104063025287
1898,6.494677920994363,0.006494677920994363
1899,5.493498919766926,0.005493498919766926
1900,58.17272979587149,0.05817272979587149
1901,2.1723455704089623,0.0021723455704089623
1902,84.87921131360888,0.08487921131360887
1903,15.539711925727563,0.015539711925727564
1904,60.65663351954298,0.06065663351954298
1905,44.46880280107457,0.04446880280107457
1906,44.28515212319025,0.04428515212319025
1907,7.179714236004586,0.007179714236004586
1908,80.27522502122156,0.08027522502122156
1909,89.30524847532526,0.08930524847532526
1910,1.1016667384228462,0.0011016667384228462
1911,17.86041756971177,0.01786041756971177
1912,90.39041887954788,0.09039041887954788
1913,54.94936128000582,0.05494936128000582
1914,15.003957824821013,0.015003957824821014
1915,20.279045260915886,0.020279045260915885
1916,65.99862442371142,0.06599862442371142
1917,72.4816822246873,0.0724816822246873
1918,59.94268085799352,0.05994268085799352
1919,95.31483799125257,0.09531483799125258
1920,49.4063603661777,0.0494063603661777
1921,30.027191214252667,0.030027191214252666
1922,47.723290997579646,0.047723290997579645
1923,35.966629366661095,0.0359666293666611
1924,22.441589267468633,0.022441589267468632
1925,4.596324934014007,0.0045963249340140065
1926,35.221249356512416,0.03522124935651241
1927,71.14093477097423,0.07114093477097423
1928,1.843780287519381,0.0018437802875193809
1929,43.91785132059347,0.04391785132059347
1930,64.40094014498683,0.06440094014498683
1931,61.04041091743072,0.06104041091743072
1932,77.66484358887159,0.07766484358887159
1933,81.05197156597976,0.08105197156597975
1934,71.17058209193878,0.07117058209193879
1935,10.279769614474944,0.010279769614474944
1936,47.50224440043607,0.04750224440043607
1937,60.34059574876086,0.06034059574876086
1938,24.55660388094516,0.02455660388094516
1939,4.255181764677651,0.004255181764677651
1940,22.359032087604692,0.022359032087604692
1941,45.48944017326389,0.04548944017326389
1942,41.393031905460084,0.041393031905460086
1943,17.666698132716164,0.017666698132716162
1944,82.44155426834928,0.08244155426834927
1945,92.56866687367246,0.09256866687367246
1946,20.134831905271522,0.020134831905271523
1947,92.95729155672217,0.09295729155672217
1948,1.7860959175180824,0.0017860959175180825
1949,92.49624727069454,0.09249624727069454
1950,95.19287900809078,0.09519287900809079
1951,1.2051863015925202,0.00120518630159252
1952,76.3019296776748,0.07630192967767481
1953,97.02015725698433,0.09702015725698433
1954,90.59022188177784,0.09059022188177783
1955,97.0710161196213,0.09707101611962131
1956,55.032350569763935,0.05503235056976394
1957,7.815613988538828,0.007815613988538828
1958,84.97891978050362,0.08497891978050362
1959,61.382825580901155,0.061382825580901156
1960,61.47367441882891,0.06147367441882891
1961,41.72536098586862,0.04172536098586862
1962,57.18419765211091,0.05718419765211091
1963,15.357977908611453,0.015357977908611454
1964,73.97700265661503,0.07397700265661503
1965,7.501730735154233,0.0075017307351542325
1966,72.9780767043792,0.07297807670437921
1967,84.8978422624854,0.0848978422624854
1968,47.24686775644882,0.047246867756448825
1969,50.98303660570493,0.05098303660570493
1970,31.221427292207828,0.031221427292207827
1971,96.94585837255876,0.09694585837255876
1972,73.31244745595453,0.07331244745595453
1973,36.89885533003449,0.036898855330034494
1974,17.480738623300507,0.017480738623300508
1975,21.957959220209133,0.021957959220209135
1976,46.392228611005,0.046392228611005004
1977,94.25684003143378,0.09425684003143378
1978,73.41463457609181,0.07341463457609182
1979,21.524374817914982,0.02152437481791498
1980,85.9561133418898,0.08595611334188981
1981,37.82005230096811,0.037820052300968104
1982,85.17221827525186,0.08517221827525187
1983,24.169959798113094,0.024169959798113094
1984,61.86606119363176,0.061866061193631756
1985,92.6670488081282,0.0926670488081282
1986,25.789400914779414,0.025789400914779412
1987,69.2926590585855,0.0692926590585855
1988,98.73126199571438,0.09873126199571437
1989,15.05982872430035,0.015059828724300351
1990,8.84022907006744,0.008840229070067441
1991,67.41951924448162,0.06741951924448163
1992,33.973594774903034,0.03397359477490303
1993,7.124447736659112,0.007124447736659112
1994,47.530561788360416,0.04753056178836042
1995,75.37706796439558,0.07537706796439558
1996,28.512240041518876,0.028512240041518876
1997,33.504687750513476,0.033504687750513476
1998,84.5699400646972,0.0845699400646972
1999,52.007191226148805,0.0520071912261488
2000,84.2731968806472,0.0842731968806472
2001,44.638949214370946,0.04463894921437095
2002,95.29751615601035,0.09529751615601034
2003,65.07945897177368,0.06507945897177368
2004,11.589886531924943,0.011589886531924944
2005,88.50929882268007,0.08850929882268006
2006,48.926519083079775,0.048926519083079774
2007,14.163896797290498,0.014163896797290498
2008,15.269013384142072,0.015269013384142072
2009,68.75339351098718,0.06875339351098718
2010,4.737250672948978,0.004737250672948978
2011,28.659376491381327,0.02865937649138133
2012,13.978759046986811,0.01397875904698681
2013,44.10774296172843,0.044107742961728424
2014,41.43537719943613,0.04143537719943613
2015,52.18764346888559,0.05218764346888559
2016,27.963632910253022,0.02796363291025302
2017,3.2043589378177195,0.0032043589378177193
2018,61.43861065351858,0.06143861065351858
2019,37.371800288235136,0.037371800288235134
2020,65.13349987400464,0.06513349987400464
2021,10.866697080426846,0.010866697080426846
2022,1.377735529405033,0.001377735529405033
2023,24.829424788529273,0.024829424788529272
2024,45.65473229940522,0.04565473229940522
2025,39.40719741684673,0.03940719741684673
2026,81.03025552734664,0.08103025552734663
2027,37.78376441928239,0.03778376441928239
2028,53.044117960307894,0.05304411796030789
2029,59.35155924421922,0.05935155924421922
2030,2.1831391645811604,0.0021831391645811605
2031,51.5133376846189,0.051513337684618896
2032,34.483125939883784,0.034483125939883785
2033,42.12801276832546,0.042128012768325465
2034,10.028739849525026,0.010028739849525027
2035,78.28205656486452,0.07828205656486452
2036,94.24042508085225,0.09424042508085224
2037,2.2268820629600006,0.0022268820629600004
2038,60.13727628113479,0.060137276281134786
2039,76.38440672883581,0.07638440672883581
2040,28.480758864988942,0.028480758864988943
2041,78.75555848632168,0.07875555848632168
2042,63.235505076630126,0.06323550507663013
2043,92.916263227107,0.092916263227107
2044,98.10048113537728,0.09810048113537728
2045,4.234611399870481,0.004234611399870481
2046,44.49377610270062,0.044493776102700625
2047,54.69877875782182,0.05469877875782182
2048,14.674323320765248,0.014674323320765249
2049,33.62858304273617,0.033628583042736165
2050,98.76474477564618,0.09876474477564617
2051,1.6230456342471444,0.0016230456342471444
2052,45.250793152438405,0.04525079315243841
2053,84.26546217181962,0.08426546217181963
2054,32.39012627192884,0.032390126271928846
2055,47.97985027551533,0.04797985027551533
2056,97.804574578798,0.097804574578798
2057,47.48768364757039,0.047487683647570396
2058,13.092131214649905,0.013092131214649905
2059,5.172149166639106,0.005172149166639106
2060,94.54165724399485,0.09454165724399485
2061,26.58094132750657,0.026580941327506567
2062,50.40639065645509,0.05040639065645509
2063,9.07017660899686,0.00907017660899686
2064,42.365512055060506,0.042365512055060506
2065,93.01055192501241,0.09301055192501241
2066,50.24129936309384,0.050241299363093836
2067,97.1135151802328,0.0971135151802328
2068,25.883563723739968,0.02588356372373997
2069,50.454523970393716,0.05045452397039372
2070,85.95307918093252,0.08595307918093252
2071,44.82523545537438,0.04482523545537438
2072,27.94873735701896,0.02794873735701896
2073,85.54753634178816,0.08554753634178816
2074,38.9889468872609,0.0389889468872609
2075,53.07232910602341,0.053072329106023414
2076,97.65270664151457,0.09765270664151457
2077,18.64832947558639,0.01864832947558639
2078,30.14006367201857,0.03014006367201857
2079,3.106960006983994,0.0031069600069839943
2080,39.183770991005275,0.03918377099100528
2081,20.018343058485954,0.020018343058485953
2082,68.00349354078914,0.06800349354078913
2083,18.132145876585238,0.018132145876585237
2084,67.48127524058697,0.06748127524058697
2085,26.347542818931768,0.026347542818931768
2086,35.52178341211998,0.03552178341211998
2087,34.88606520463975,0.03488606520463975
2088,71.67517501636094,0.07167517501636093
2089,46.650926313834304,0.0466509263138343
2090,36.129889885268305,0.03612988988526831
2091,85.26227190394499,0.08526227190394499
2092,57.19506256412027,0.05719506256412027
2093,21.38308212779978,0.021383082127799782
2094,90.00912781436826,0.09000912781436826
2095,34.26502960336406,0.03426502960336406
2096,3.897937753732039,0.003897937753732039
2097,49.46002239744529,0.04946002239744529
2098,12.39380544408778,0.01239380544408778
2099,23.846644371574254,0.023846644371574254
2100,74.71108726874111,0.07471108726874111
2101,13.075181337631857,0.013075181337631856
2102,80.69442243540357,0.08069442243540356
2103,93.69072881309538,0.09369072881309537
2104,60.65321004079447,0.06065321004079447
2105,71.03591920228293,0.07103591920228293
2106,71.35866099074174,0.07135866099074174
2107,99.28079572704449,0.09928079572704449
2108,34.15382622016229,0.03415382622016229
2109,16.28565512427025,0.01628565512427025
2110,51.91672349143215,0.05191672349143215
2111,53.324980983170825,0.053324980983170824
2112,17.791248829614446,0.017791248829614446
2113,61.31094189941395,0.06131094189941395
2114,1.412473347682397,0.001412473347682397
2115,92.76684024542216,0.09276684024542216
2116,26.457427782126164,0.026457427782126165
2117,3.956020839019181,0.003956020839019181
2118,10.824944147485704,0.010824944147485704
2119,24.02489482796417,0.02402489482796417
2120,27.39061686060452,0.02739061686060452
2121,3.280999949772867,0.003280999949772867
2122,27.935481219372914,0.027935481219372914
2123,19.294173649348213,0.019294173649348212
2124,37.86209274345186,0.03786209274345186
2125,38.51677373559692,0.03851677373559692
2126,33.90077406028791,0.03390077406028791
2127,32.7923883530704,0.0327923883530704
2128,8.973127774125123,0.008973127774125123
2129,2.520494712616217,0.0025204947126162168
2130,20.21143001564666,0.02021143001564666
2131,75.66494274166153,0.07566494274166154
2132,99.08097655511222,0.09908097655511222
2133,92.85261750573291,0.09285261750573291
2134,50.42193555377686,0.05042193555377686
2135,53.182385577793426,0.05318238557779342
2136,31.458156903584257,0.03145815690358426
2137,77.39394386376563,0.07739394386376562
2138,76.47566879326486,0.07647566879326485
2139,84.42723575824445,0.08442723575824446
2140,89.55045771968844,0.08955045771968843
2141,43.434924822529574,0.04343492482252957
2142,76.68755681071976,0.07668755681071976
2143,80.63987287958786,0.08063987287958786
2144,30.845962249775017,0.030845962249775018
2145,92.924224400615,0.092924224400615
2146,9.434150263965545,0.009434150263965544
2147,99.42691791632828,0.09942691791632828
2148,77.00907181588694,0.07700907181588694
2149,9.327090532432724,0.009327090532432724
2150,65.62296481050006,0.06562296481050006
2151,3.4179410928260157,0.003417941092826016
2152,77.01869494441829,0.07701869494441829
2153,79.92229216590553,0.07992229216590553
2154,60.24102530914477,0.06024102530914477
2155,85.68603919165704,0.08568603919165704
2156,9.78832802148597,0.00978832802148597
2157,27.59238420408132,0.02759238420408132
2158,41.41775215926705,0.04141775215926705
2159,4.245795282809828,0.004245795282809829
2160,44.821608757116614,0.04482160875711661
2161,26.521345611256596,0.026521345611256596
2162,39.2735012101753,0.039273501210175296
2163,42.51026319923065,0.04251026319923065
2164,87.94117334876852,0.08794117334876851
2165,27.034097052763904,0.027034097052763904
2166,89.37431287162721,0.08937431287162721
2167,42.59709648128492,0.04259709648128492
2168,32.7807720693986,0.032780772069398605
2169,50.2512049335146,0.0502512049335146
2170,41.77432863628396,0.04177432863628396
2171,25.73723130551461,0.02573723130551461
2172,50.26793247960669,0.05026793247960669
2173,15.180173307883127,0.015180173307883127
2174,35.19299430229661,0.03519299430229661
2175,56.57902193740906,0.05657902193740906
2176,41.340824438985855,0.04134082443898585
2177,82.39123610507964,0.08239123610507965
2178,25.672176153516624,0.025672176153516624
2179,96.977157883101,0.096977157883101
2180,78.47220208513514,0.07847220208513514
2181,96.75930259974722,0.09675930259974722
2182,83.81365548303042,0.08381365548303042
2183,14.210392585164266,0.014210392585164267
2184,52.646009063501374,0.05264600906350137
2185,16.99785211957857,0.01699785211957857
2186,81.82273526272573,0.08182273526272572
2187,58.41621491832959,0.05841621491832959
2188,26.344931435690576,0.026344931435690576
2189,92.95989720071714,0.09295989720071714
2190,11.518605331426068,0.011518605331426068
2191,56.3862403471314,0.0563862403471314
2192,72.10405546667255,0.07210405546667255
2193,5.884853733243178,0.005884853733243178
2194,59.78560332062036,0.05978560332062036
2195,81.59012154630942,0.08159012154630942
2196,6.752731441805338,0.006752731441805338
2197,51.22429711066271,0.05122429711066271
2198,25.855717814874,0.025855717814874002
2199,66.29244515369209,0.06629244515369209
2200,11.867736707884491,0.01186773670788449
2201,93.70514306705068,0.09370514306705069
2202,89.47285817147318,0.08947285817147317
2203,18.597441987570917,0.018597441987570917
2204,32.32658843651046,0.03232658843651046
2205,58.763497465304305,0.05876349746530431
2206,71.80623366342505,0.07180623366342505
2207,44.26560151602582,0.04426560151602582
2208,15.629132196097506,0.015629132196097507
2209,10.415149380287158,0.010415149380287158
2210,99.97653369143438,0.09997653369143439
2211,45.535212144348726,0.045535212144348726
2212,87.25317491484982,0.08725317491484982
2213,48.237600462911445,0.048237600462911444
2214,92.23576385460032,0.09223576385460032
2215,8.77593827715506,0.00877593827715506
2216,11.401919133455095,0.011401919133455096
2217,92.96321877242242,0.09296321877242242
2218,94.74930450447849,0.0947493045044785
2219,31.471744746536334,0.031471744746536336
2220,35.51648869938718,0.03551648869938718
2221,45.2450234834758,0.045245023483475796
2222,41.61616800672908,0.041616168006729085
2223,19.004521595959666,0.019004521595959667
2224,89.83753839393745,0.08983753839393745
2225,25.330760070564374,0.025330760070564375
2226,70.52724094776515,0.07052724094776515
2227,6.7155677734972885,0.006715567773497288
2228,3.8751331528429467,0.003875133152842947
2229,65.37304725769206,0.06537304725769207
2230,33.90158575732604,0.03390158575732604
2231,65.54593927200013,0.06554593927200013
2232,9.402120216883036,0.009402120216883036
2233,94.98513799158633,0.09498513799158632
2234,74.85144668930954,0.07485144668930954
2235,87.62672330257992,0.08762672330257992
2236,13.647055404451091,0.01364705540445109
2237,32.016096889286935,0.03201609688928694
2238,36.83441642063441,0.03683441642063441
2239,53.717264832681856,0.053717264832681855
2240,29.68684855074143,0.02968684855074143
2241,6.063074218940512,0.006063074218940512
2242,36.88783807374707,0.03688783807374707
2243,25.454931462728215,0.025454931462728213
2244,38.59212914632148,0.038592129146321485
2245,19.695954262002623,0.019695954262002623
2246,26.189637456473548,0.026189637456473548
2247,62.695234043226876,0.06269523404322687
2248,38.815383457806504,0.0388153834578065
2249,34.538339316949205,0.034538339316949204
2250,53.39056327223729,0.05339056327223729
2251,77.18605408439258,0.07718605408439258
2252,37.886795634795725,0.037886795634795724
2253,58.75194925558406,0.05875194925558406
2254,96.62026253681762,0.09662026253681762
2255,52.19801141180507,0.05219801141180507
2256,90.97975765175444,0.09097975765175444
2257,79.36726242564269,0.0793672624256427
2258,5.871868165014971,0.005871868165014971
2259,42.90988714692568,0.04290988714692568
2260,69.8318407868588,0.0698318407868588
2261,98.67119124482,0.09867119124481999
2262,45.837629116151255,0.04583762911615125
2263,9.278545412673944,0.009278545412673945
2264,56.20091747128678,0.056200917471286777
2265,12.656379212396029,0.012656379212396028
2266,75.15195602793933,0.07515195602793934
2267,50.76769974617778,0.050767699746177786
2268,72.34313683772865,0.07234313683772865
2269,86.93618268785237,0.08693618268785236
2270,62.89480171627771,0.06289480171627772
2271,61.243932925318155,0.061243932925318156
2272,75.45702954396313,0.07545702954396313
2273,84.24550014526673,0.08424550014526673
2274,86.90537862770027,0.08690537862770027
2275,3.6430195682883304,0.0036430195682883304
2276,55.61902967977893,0.055619029679778935
2277,21.626930979755144,0.021626930979755144
2278,86.03458907817834,0.08603458907817835
2279,64.83976852033612,0.06483976852033613
2280,42.022247903243816,0.04202224790324382
2281,18.81042281213513,0.01881042281213513
2282,33.90236259198265,0.03390236259198265
2283,70.37776945402246,0.07037776945402245
2284,20.43595452116388,0.02043595452116388
2285,9.358294533837274,0.009358294533837274
2286,88.8028758227551,0.0888028758227551
2287,76.42103495801167,0.07642103495801167
2288,19.97949306581326,0.01997949306581326
2289,29.231154342999165,0.029231154342999166
2290,97.20701771308858,0.09720701771308858
2291,70.81844867591174,0.07081844867591174
2292,61.05220042138247,0.06105220042138247
2293,30.762848542413035,0.030762848542413037
2294,29.912514416652225,0.029912514416652224
2295,3.9523618690230466,0.003952361869023047
2296,72.84818669019315,0.07284818669019315
2297,4.317522505688453,0.004317522505688453
2298,0.4857337777279036,0.0004857337777279036
2299,72.94950878609792,0.07294950878609792
2300,94.88737571491254,0.09488737571491254
2301,75.65030477273105,0.07565030477273105
2302,47.164019062437866,0.04716401906243787
2303,48.6045249560873,0.0486045249560873
2304,43.61364226491054,0.04361364226491054
2305,32.464366711033364,0.032464366711033366
2306,52.17142141858402,0.05217142141858402
2307,43.115095714111504,0.043115095714111505
2308,59.81678800407747,0.05981678800407747
2309,89.81200805010945,0.08981200805010946
2310,99.50094173238104,0.09950094173238104
2311,7.874328988291712,0.007874328988291712
2312,38.46834726613414,0.038468347266134136
2313,18.070619576680947,0.018070619576680946
2314,35.21204739255337,0.035212047392553375
2315,28.7473018548423,0.028747301854842297
2316,17.45371316267883,0.01745371316267883
2317,76.40760534212905,0.07640760534212905
2318,49.62887428292358,0.049628874282923584
2319,91.92455822172258,0.09192455822172257
2320,3.259244324701449,0.003259244324701449
2321,6.697801313198992,0.0066978013131989925
2322,40.32735829303441,0.04032735829303441
2323,8.027732040403713,0.008027732040403713
2324,26.27295964148335,0.02627295964148335
2325,98.60297430766236,0.09860297430766236
2326,20.895960748461405,0.020895960748461406
2327,19.81177414120907,0.01981177414120907
2328,57.364066879570906,0.05736406687957091
2329,49.79982907931567,0.04979982907931567
2330,58.04382972028448,0.058043829720284476
2331,37.673527820854666,0.03767352782085467
2332,82.6762359894947,0.0826762359894947
2333,13.858055144246284,0.013858055144246284
2334,42.83926458414656,0.04283926458414656
2335,68.9761848444087,0.0689761848444087
2336,86.82364402828998,0.08682364402828997
2337,36.95716063567577,0.03695716063567577
2338,56.77455990937528,0.05677455990937528
2339,6.913994500726151,0.006913994500726151
2340,17.031908811182895,0.017031908811182894
2341,6.913816246611448,0.006913816246611448
2342,72.7880891998522,0.07278808919985219
2343,28.805996872214067,0.028805996872214065
2344,72.37452901918377,0.07237452901918377
2345,6.639827904327456,0.006639827904327456
2346,86.25478004083254,0.08625478004083255
2347,83.55301981110917,0.08355301981110917
2348,8.892874305028265,0.008892874305028265
2349,2.375650645718652,0.002375650645718652
2350,5.628881298199118,0.005628881298199118
2351,85.3630173146734,0.0853630173146734
2352,23.470348905189574,0.023470348905189575
2353,54.82733178581887,0.05482733178581887
2354,42.624420318005676,0.042624420318005674
2355,79.5525526228602,0.0795525526228602
2356,48.88983014706706,0.04888983014706706
2357,50.06608406612697,0.05006608406612697
2358,98.90919394999024,0.09890919394999025
2359,15.01295567492571,0.01501295567492571
2360,83.07039387459314,0.08307039387459314
2361,5.174974560388479,0.005174974560388479
2362,47.764876957297076,0.04776487695729708
2363,88.63348239330236,0.08863348239330236
2364,66.52139656041213,0.06652139656041213
2365,68.52146193661329,0.06852146193661329
2366,26.331728225648554,0.026331728225648554
2367,41.85747913614543,0.04185747913614543
2368,36.658106349905054,0.03665810634990505
2369,52.14432101579942,0.05214432101579942
2370,46.222793014366815,0.04622279301436681
2371,32.68983518769893,0.03268983518769893
2372,30.548061237117007,0.030548061237117008
2373,25.085289165512215,0.025085289165512215
2374,36.50472468847584,0.03650472468847584
2375,14.994147793406064,0.014994147793406064
2376,87.21043020035738,0.08721043020035738
2377,60.211939183342736,0.060211939183342736
2378,13.378642559385545,0.013378642559385544
2379,69.38593342090013,0.06938593342090013
2380,84.76664679979731,0.08476664679979731
2381,23.753567205225888,0.023753567205225888
2382,15.06005943372639,0.01506005943372639
2383,0.8617257133752054,0.0008617257133752054
2384,4.725033885648511,0.004725033885648511
2385,76.22513483035117,0.07622513483035116
2386,98.71863320416938,0.09871863320416938
2387,4.48803224762766,0.00448803224762766
2388,74.80709590798926,0.07480709590798927
2389,7.186216584096005,0.0071862165840960055
2390,59.21328249036668,0.05921328249036668
2391,75.60752824282379,0.0756075282428238
2392,35.920439726773765,0.035920439726773765
2393,1.0934721110663737,0.0010934721110663736
2394,59.51893521254259,0.05951893521254259
2395,99.12446281400278,0.09912446281400278
2396,25.761742283849575,0.025761742283849576
2397,18.94912771872158,0.018949127718721582
2398,12.392589275351495,0.012392589275351496
2399,55.52556199000561,0.05552556199000561
2400,59.64450993602733,0.05964450993602733
2401,79.22708371704023,0.07922708371704024
2402,75.30732736205097,0.07530732736205097
2403,89.25414947950871,0.08925414947950872
2404,80.57726983423014,0.08057726983423014
2405,24.726708307944445,0.024726708307944444
2406,55.58774048757611,0.055587740487576115
2407,29.741195909357998,0.029741195909357997
2408,32.978537955150244,0.032978537955150246
2409,93.19443692299963,0.09319443692299963
2410,68.18959050670735,0.06818959050670735
2411,97.45904132511059,0.09745904132511059
2412,41.69125367187445,0.04169125367187445
2413,53.74375733539766,0.05374375733539766
2414,48.71154199164217,0.04871154199164217
2415,10.728705752372692,0.010728705752372692
2416,23.670199452660334,0.023670199452660336
2417,52.76363606044821,0.05276363606044821
2418,6.737430513300624,0.006737430513300624
2419,93.14619293088893,0.09314619293088892
2420,12.384368194337082,0.012384368194337083
2421,19.79807464169071,0.01979807464169071
2422,76.53212239386366,0.07653212239386366
2423,9.693454178931372,0.009693454178931372
2424,90.02780996154094,0.09002780996154094
2425,72.57009707225356,0.07257009707225356
2426,6.86208571088589,0.0068620857108858905
2427,69.18470612856528,0.06918470612856528
2428,63.16285421713178,0.06316285421713178
2429,75.73494327399186,0.07573494327399186
2430,82.81978524893358,0.08281978524893359
2431,71.8350563173155,0.0718350563173155
2432,58.61762952709719,0.0586176295270972
2433,32.24633185817777,0.03224633185817777
2434,69.72736618299291,0.06972736618299291
2435,95.69715846307794,0.09569715846307794
2436,58.75217805288743,0.05875217805288743
2437,66.43448684342539,0.06643448684342539
2438,43.71280421998007,0.04371280421998007
2439,75.61208097430743,0.07561208097430744
2440,99.76673923386359,0.09976673923386359
2441,16.03893240677361,0.01603893240677361
2442,20.24052795037623,0.02024052795037623
2443,53.94377586643895,0.05394377586643895
2444,48.137539726165826,0.04813753972616583
2445,57.15697845067188,0.05715697845067188
2446,4.907404772427304,0.004907404772427304
2447,40.4276456330449,0.0404276456330449
2448,58.29782620655608,0.05829782620655608
2449,58.51913513049627,0.058519135130496266
2450,65.73339617683736,0.06573339617683736
2451,72.02160290026637,0.07202160290026638
2452,64.15472033408565,0.06415472033408565
2453,79.0243155389435,0.0790243155389435
2454,62.47606346845917,0.062476063468459166
2455,53.75076625372045,0.05375076625372045
2456,60.61964288878109,0.060619642888781085
2457,10.119336675333235,0.010119336675333235
2458,27.315654072551997,0.027315654072551997
2459,52.73997806581312,0.05273997806581312
2460,87.2987215401707,0.08729872154017071
2461,67.9051556287993,0.06790515562879931
2462,9.040807847189757,0.009040807847189757
2463,59.22749504444044,0.059227495044440436
2464,22.173798763709897,0.022173798763709895
2465,73.4016559788723,0.0734016559788723
2466,82.74408525087472,0.08274408525087472
2467,59.34562725899733,0.059345627258997335
2468,59.13626097517097,0.05913626097517097
2469,33.8591443210814,0.033859144321081405
2470,44.62500211613094,0.04462500211613094
2471,86.41083538153454,0.08641083538153455
2472,72.33203309671565,0.07233203309671565
2473,51.97536596958431,0.05197536596958431
2474,36.823238624837096,0.03682323862483709
2475,5.037973828855435,0.005037973828855435
2476,14.300740132638513,0.014300740132638512
2477,19.302518953937064,0.019302518953937062
2478,37.33835432586747,0.03733835432586747
2479,94.41436470762746,0.09441436470762746
2480,50.51533948587487,0.05051533948587487
2481,23.484016325923108,0.023484016325923108
2482,10.575013746151408,0.010575013746151407
2483,33.8305524602964,0.033830552460296405
2484,81.57306355510569,0.08157306355510568
2485,38.334279341050795,0.0383342793410508
2486,77.25058060224134,0.07725058060224134
2487,80.27049761268789,0.0802704976126879
2488,11.082076969870414,0.011082076969870415
2489,60.865975262678376,0.060865975262678375
2490,95.90960633711107,0.09590960633711107
2491,40.21380749035539,0.04021380749035539
2492,5.094408900302227,0.005094408900302227
2493,92.33026902578786,0.09233026902578785
2494,88.3666281572483,0.0883666281572483
2495,52.21414472090018,0.05221414472090018
2496,55.225312034400964,0.05522531203440097
2497,21.174110277612492,0.02117411027761249
2498,81.94507555446373,0.08194507555446373
2499,49.86000383921264,0.04986000383921264
2500,3.387779514255651,0.003387779514255651
2501,68.30149564489977,0.06830149564489978
2502,95.0496269802706,0.0950496269802706
2503,82.91504903457503,0.08291504903457503
2504,27.719814021053978,0.027719814021053977
2505,5.332508493334065,0.005332508493334065
2506,94.03514125381805,0.09403514125381805
2507,93.70627248797014,0.09370627248797014
2508,53.24153197128694,0.05324153197128694
2509,64.23174116715352,0.06423174116715352
2510,46.26000607108083,0.04626000607108083
2511,41.976536709875866,0.04197653670987587
2512,11.944843592870036,0.011944843592870036
2513,9.675289836109602,0.009675289836109602
2514,23.273214667618745,0.023273214667618745
2515,83.66407464065443,0.08366407464065444
2516,14.583230073567998,0.014583230073567998
2517,22.66986519147107,0.022669865191471072
2518,54.861405932220755,0.054861405932220754
2519,21.51312180782744,0.02151312180782744
2520,16.32066847177871,0.01632066847177871
2521,56.33162416979622,0.05633162416979622
2522,36.80932709966155,0.03680932709966155
2523,62.61592858404692,0.06261592858404692
2524,91.22053404086763,0.09122053404086763
2525,15.099313143506766,0.015099313143506767
2526,91.34336598130639,0.0913433659813064
2527,90.24899674229187,0.09024899674229186
2528,82.90875833359028,0.08290875833359028
2529,63.12859173060852,0.06312859173060852
2530,62.01466574655474,0.06201466574655474
2531,63.92126599365015,0.06392126599365015
2532,69.04955512178131,0.0690495551217813
2533,1.6482200596157015,0.0016482200596157014
2534,95.80925791606496,0.09580925791606497
2535,58.56037614655798,0.05856037614655798
2536,78.14658394024217,0.07814658394024217
2537,37.728183906136316,0.03772818390613632
2538,1.2397213915795957,0.0012397213915795956
2539,50.973465987644396,0.05097346598764439
2540,50.719011931592895,0.050719011931592894
2541,43.69892883114518,0.04369892883114518
2542,33.971705416207676,0.03397170541620768
2543,24.982608780972203,0.024982608780972203
2544,52.754487449718276,0.05275448744971828
2545,37.52781396934941,0.037527813969349406
2546,96.99318830498088,0.09699318830498088
2547,17.292730776693144,0.017292730776693143
2548,31.9665567627087,0.0319665567627087
2549,29.3960470924571,0.0293960470924571
2550,54.330917623595695,0.054330917623595695
2551,49.92802569741479,0.049928025697414787
2552,64.37404654242731,0.0643740465424273
2553,95.00017705742079,0.09500017705742078
2554,28.522108549386736,0.028522108549386735
2555,69.27715692549965,0.06927715692549966
2556,2.5040203005183614,0.0025040203005183615
2557,26.238847273362452,0.026238847273362453
2558,46.371972799659275,0.046371972799659274
2559,3.099478848113446,0.003099478848113446
2560,61.76694605536389,0.06176694605536389
2561,67.83106084017082,0.06783106084017082
2562,74.67317148380467,0.07467317148380466
2563,51.65745048430123,0.05165745048430123
2564,60.394466497862666,0.06039446649786267
2565,39.60652512784873,0.03960652512784873
2566,4.125303250656254,0.004125303250656254
2567,9.995185577451304,0.009995185577451304
2568,65.49959242014641,0.06549959242014641
2569,99.55552995857762,0.09955552995857762
2570,1.5803239163296179,0.0015803239163296179
2571,55.758349682638276,0.05575834968263828
2572,75.10087528825579,0.07510087528825579
2573,82.67748280138787,0.08267748280138787
2574,54.52049012226401,0.05452049012226401
2575,61.99159801841051,0.061991598018410504
2576,69.67249452745534,0.06967249452745534
2577,85.89662496934307,0.08589662496934307
2578,12.228953720281865,0.012228953720281864
2579,92.61821962748634,0.09261821962748634
2580,2.6017403551570006,0.0026017403551570006
2581,83.61997509577753,0.08361997509577754
2582,7.674042655969727,0.007674042655969726
2583,19.462821160492226,0.019462821160492225
2584,0.38941463811326127,0.00038941463811326127
2585,44.525670553604066,0.04452567055360407
2586,33.43592267173923,0.03343592267173923
2587,16.599291148702733,0.016599291148702733
2588,45.10901608039063,0.04510901608039063
2589,40.23708831721839,0.04023708831721839
2590,76.76610326987415,0.07676610326987415
2591,89.31303060700324,0.08931303060700324
2592,65.25672517670819,0.06525672517670819
2593,12.441038872652388,0.012441038872652388
2594,29.539079470985065,0.029539079470985066
2595,91.33182968322798,0.09133182968322798
2596,8.873449300788916,0.008873449300788917
2597,40.68558393908265,0.04068558393908265
2598,94.25046192334813,0.09425046192334813
2599,95.06648414694857,0.09506648414694857
2600,41.120317704889246,0.04112031770488925
2601,66.73968880987974,0.06673968880987974
2602,45.6745598353999,0.0456745598353999
2603,75.34605394363417,0.07534605394363418
2604,3.158133069299851,0.003158133069299851
2605,14.415714892135846,0.014415714892135846
2606,61.419880354359925,0.061419880354359926
2607,23.25522624430636,0.02325522624430636
2608,66.60522992691486,0.06660522992691485
2609,35.12229274612984,0.03512229274612984
2610,88.66455581278214,0.08866455581278214
2611,81.92593855599864,0.08192593855599864
2612,49.28378000687822,0.04928378000687822
2613,77.28950870948577,0.07728950870948577
2614,27.113788623509038,0.02711378862350904
2615,49.42597768118626,0.04942597768118626
2616,19.748205186327816,0.019748205186327816
2617,86.08861685209939,0.0860886168520994
2618,82.30676165684149,0.08230676165684149
2619,90.21496684090012,0.09021496684090012
2620,87.74769812242594,0.08774769812242594
2621,95.95962620594948,0.09595962620594947
2622,22.833623163192595,0.022833623163192596
2623,93.18242907953154,0.09318242907953155
2624,57.12131913519977,0.05712131913519977
2625,42.24950839181522,0.04224950839181522
2626,56.0373895967873,0.0560373895967873
2627,34.260235665027786,0.03426023566502778
2628,28.85530069609521,0.02885530069609521
2629,24.131433797752877,0.024131433797752875
2630,8.242798945712682,0.008242798945712683
2631,49.656489714718745,0.04965648971471875
2632,88.77616757138874,0.08877616757138874
2633,63.01519692743847,0.06301519692743847
2634,52.09756327557735,0.05209756327557735
2635,42.85929182509165,0.042859291825091655
2636,46.4401626317192,0.0464401626317192
2637,20.927734757195093,0.020927734757195095
2638,82.29358771930973,0.08229358771930972
2639,19.838296328152804,0.019838296328152805
2640,71.6622756727313,0.0716622756727313
2641,75.99850114961527,0.07599850114961526
2642,57.486904202773424,0.05748690420277342
2643,86.29263749548285,0.08629263749548285
2644,29.105035245065004,0.029105035245065004
2645,88.16172212428633,0.08816172212428633
2646,72.94104595993042,0.07294104595993042
2647,79.87498277617607,0.07987498277617607
2648,66.45797095273142,0.06645797095273141
2649,84.63430169899694,0.08463430169899694
2650,99.30988627176359,0.09930988627176358
2651,42.01628545246386,0.04201628545246386
2652,81.39156837095703,0.08139156837095703
2653,74.45797595180336,0.07445797595180337
2654,45.2870165712018,0.045287016571201794
2655,92.6948999732512,0.0926948999732512
2656,39.44259295725947,0.03944259295725947
2657,56.546591627623755,0.05654659162762375
2658,10.594235699096155,0.010594235699096155
2659,22.57751940662662,0.022577519406626622
2660,84.06961705337606,0.08406961705337607
2661,39.65527228288474,0.039655272282884735
2662,39.40840894152582,0.03940840894152582
2663,24.598101819062023,0.024598101819062024
2664,49.16103342974544,0.04916103342974544
2665,80.58169613506224,0.08058169613506225
2666,89.51641177737396,0.08951641177737396
2667,7.011443204418388,0.007011443204418388
2668,57.48207312401155,0.05748207312401155
2669,46.727336789233455,0.04672733678923346
2670,61.42818504715783,0.06142818504715783
2671,44.727568690826914,0.04472756869082691
2672,39.864482085341514,0.03986448208534151
2673,47.188071242948936,0.04718807124294894
2674,58.19991287564142,0.05819991287564142
2675,50.09832110317768,0.05009832110317768
2676,47.214445102064616,0.047214445102064614
2677,81.78353099580808,0.08178353099580808
2678,74.56479912378578,0.07456479912378577
2679,34.13784941811928,0.03413784941811928
2680,80.05771175153204,0.08005771175153203
2681,85.36506690045002,0.08536506690045002
2682,15.34922053741905,0.01534922053741905
2683,58.26824617307588,0.05826824617307588
2684,28.531199359921377,0.028531199359921378
2685,73.91723219267226,0.07391723219267225
2686,23.878532935868325,0.023878532935868325
2687,67.14035241730318,0.06714035241730318
2688,25.51246560576339,0.02551246560576339
2689,51.11437634299432,0.05111437634299432
2690,94.86464679161921,0.09486464679161921
2691,38.13075384564345,0.03813075384564345
2692,87.57384859632077,0.08757384859632077
2693,98.69445812038946,0.09869445812038946
2694,87.48508488051633,0.08748508488051633
2695,16.586602972334287,0.01658660297233429
2696,81.96582195351631,0.08196582195351632
2697,3.214939510056125,0.003214939510056125
2698,39.33018836993079,0.03933018836993079
2699,87.07333733178638,0.08707333733178638
2700,68.87522127599198,0.06887522127599198
2701,53.27404273378781,0.05327404273378781
2702,38.78640250826205,0.03878640250826205
2703,81.22969464702861,0.0812296946470286
2704,70.95584039482209,0.07095584039482208
2705,46.840531961567336,0.04684053196156734
2706,89.24843372096598,0.08924843372096598
2707,22.994801781863238,0.02299480178186324
2708,17.03915091586249,0.01703915091586249
2709,64.28037643335816,0.06428037643335816
2710,97.19943427017704,0.09719943427017703
2711,24.72565733067703,0.02472565733067703
2712,24.96703789338265,0.02496703789338265
2713,13.949884796218992,0.013949884796218993
2714,86.05635552736321,0.08605635552736321
2715,22.639754041133408,0.022639754041133407
2716,50.31785267248878,0.05031785267248878
2717,99.08724780022045,0.09908724780022045
2718,1.2140900922043563,0.0012140900922043563
2719,55.64860905107941,0.05564860905107941
2720,51.22890427049458,0.051228904270494584
2721,80.74473764101548,0.08074473764101547
2722,35.528153955277695,0.0355281539552777
2723,41.03413588990416,0.04103413588990416
2724,16.793798059886367,0.016793798059886365
2725,74.08152316357867,0.07408152316357866
2726,78.47089091881483,0.07847089091881483
2727,13.666332077883025,0.013666332077883024
2728,39.345707398832175,0.039345707398832176
2729,89.2904995362683,0.0892904995362683
2730,0.27072736757871585,0.00027072736757871585
2731,29.87590706226323,0.02987590706226323
2732,55.50422850525477,0.05550422850525477
2733,33.409385965995334,0.03340938596599533
2734,27.20451891776694,0.02720451891776694
2735,46.003748490321264,0.04600374849032127
2736,18.152310810969375,0.018152310810969376
2737,52.96252409594838,0.052962524095948385
2738,70.66959213132259,0.0706695921313226
2739,57.52949526285022,0.05752949526285022
2740,9.31093308585309,0.00931093308585309
2741,84.44086141655733,0.08444086141655732
2742,17.49778374874882,0.01749778374874882
2743,76.48120006111286,0.07648120006111286
2744,36.05651107758504,0.03605651107758504
2745,78.27613480561023,0.07827613480561023
2746,20.627290340534575,0.020627290340534576
2747,18.66621036954298,0.018666210369542982
2748,49.70258462174822,0.04970258462174822
2749,3.2936014698360494,0.0032936014698360496
2750,22.529733878233337,0.022529733878233336
2751,72.40122521843483,0.07240122521843483
2752,83.73834783054255,0.08373834783054256
2753,8.078536393781043,0.008078536393781043
2754,88.20777094381043,0.08820777094381044
2755,79.75172040531791,0.07975172040531792
2756,86.96842957069654,0.08696842957069655
2757,69.84285545788399,0.06984285545788399
2758,67.41530672939648,0.06741530672939648
2759,52.50932333448638,0.05250932333448638
2760,65.2787224491315,0.0652787224491315
2761,91.91096645666052,0.09191096645666051
2762,10.052200141670841,0.01005220014167084
2763,31.57644778460912,0.03157644778460912
2764,7.245497359587183,0.007245497359587184
2765,94.48051719440384,0.09448051719440384
2766,44.5265465999388,0.0445265465999388
2767,67.53444706761884,0.06753444706761884
2768,84.11200645043215,0.08411200645043215
2769,99.10002480764885,0.09910002480764885
2770,16.178245779226575,0.016178245779226576
2771,79.95126057182287,0.07995126057182288
2772,88.74228981367364,0.08874228981367363
2773,4.887537685087562,0.004887537685087562
2774,75.40905601855734,0.07540905601855734
2775,35.47253211965503,0.03547253211965503
2776,64.85967914704321,0.06485967914704321
2777,51.40481960388647,0.05140481960388647
2778,25.974225208663693,0.025974225208663694
2779,13.522136200398604,0.013522136200398605
2780,11.694723308920828,0.011694723308920829
2781,10.33228577084917,0.01033228577084917
2782,63.77900401345777,0.06377900401345778
2783,35.14108513995381,0.03514108513995381
2784,21.663343820587244,0.021663343820587242
2785,69.1885092705903,0.0691885092705903
2786,68.68495657664668,0.06868495657664668
2787,53.91682923569977,0.05391682923569977
2788,93.49578168658509,0.0934957816865851
2789,38.54142314414213,0.03854142314414213
2790,83.5862971269293,0.08358629712692929
2791,7.513940793219631,0.007513940793219631
2792,73.98310940385045,0.07398310940385044
2793,98.844741383193,0.09884474138319299
2794,84.65982162878169,0.08465982162878169
2795,57.966471931005934,0.05796647193100593
2796,62.67660643271606,0.06267660643271607
2797,35.32895494369468,0.03532895494369468
2798,67.94852182581039,0.06794852182581039
2799,77.0395383181327,0.0770395383181327
2800,99.82284811178539,0.09982284811178539
2801,49.2462917000433,0.0492462917000433
2802,6.130406577344227,0.006130406577344228
2803,59.585795073098524,0.059585795073098524
2804,11.902414998216859,0.011902414998216858
2805,24.476504355611006,0.024476504355611006
2806,32.877991130573726,0.03287799113057373
2807,73.10298731484106,0.07310298731484106
2808,18.380812387850053,0.018380812387850054
2809,16.575294684235253,0.016575294684235253
2810,4.496424249882747,0.004496424249882747
2811,87.32399363538809,0.08732399363538809
2812,69.35054243560607,0.06935054243560607
2813,3.994646561762649,0.0039946465617626496
2814,2.829230563811458,0.002829230563811458
2815,55.86742964750561,0.05586742964750561
2816,28.2534401286711,0.028253440128671103
2817,59.67263504319288,0.059672635043192875
2818,43.46041756809653,0.04346041756809653
2819,92.33125623102546,0.09233125623102546
2820,28.780901496136792,0.028780901496136792
2821,67.91453684388935,0.06791453684388934
2822,5.405431161859919,0.005405431161859919
2823,95.58605341889253,0.09558605341889254
2824,98.07574679083521,0.09807574679083521
2825,73.90746290164124,0.07390746290164124
2826,46.52124715635731,0.04652124715635731
2827,21.999343932726134,0.021999343932726134
2828,81.25163402479647,0.08125163402479647
2829,73.63540971470222,0.07363540971470223
2830,22.195403956094907,0.022195403956094907
2831,45.12152941572657,0.04512152941572657
2832,46.2798937816785,0.0462798937816785
2833,82.64105499727091,0.08264105499727091
2834,68.38446843340765,0.06838446843340765
2835,64.31675435400551,0.06431675435400551
2836,64.98274225632784,0.06498274225632784
2837,27.04700793824789,0.02704700793824789
2838,37.1711259829534,0.0371711259829534
2839,4.566228543670614,0.004566228543670614
2840,78.69411358121238,0.07869411358121238
2841,43.29982151698138,0.043299821516981384
2842,43.82383570875735,0.04382383570875735
2843,24.53562649336267,0.02453562649336267
2844,20.94272814594289,0.02094272814594289
2845,58.782192956902925,0.05878219295690292
2846,23.255301520367578,0.023255301520367578
2847,6.420885156546441,0.006420885156546441
2848,76.75074159808983,0.07675074159808982
2849,37.64694344063659,0.03764694344063659
2850,38.02355838993044,0.03802355838993044
2851,43.131828151579136,0.043131828151579135
2852,81.50448234080937,0.08150448234080937
2853,32.08368959398171,0.03208368959398171
2854,75.80362112578361,0.07580362112578361
2855,93.95448407795432,0.09395448407795431
2856,66.08681959247994,0.06608681959247995
2857,43.16810811770247,0.04316810811770247
2858,74.77897231466648,0.07477897231466647
2859,45.78973697513855,0.04578973697513855
2860,41.44272711081408,0.041442727110814086
2861,52.528316357268324,0.052528316357268325
2862,31.77223348092938,0.03177223348092938
2863,10.42502162800012,0.01042502162800012
2864,41.48520055261652,0.04148520055261652
2865,12.385688112930193,0.012385688112930194
2866,41.044147355544666,0.041044147355544666
2867,55.69337212134503,0.05569337212134503
2868,93.07111812056468,0.09307111812056468
2869,3.622233104530359,0.003622233104530359
2870,62.145840650194415,0.06214584065019441
2871,45.77351866500773,0.04577351866500773
2872,2.0261128204139167,0.0020261128204139165
2873,24.954817593872036,0.024954817593872036
2874,11.848525235480157,0.011848525235480157
2875,21.679414573144474,0.021679414573144474
2876,27.457024346091817,0.02745702434609182
2877,40.13063353821963,0.04013063353821963
2878,52.903939348889025,0.052903939348889026
2879,0.09899939263861013,9.899939263861013e-05
2880,16.18693606287408,0.01618693606287408
2881,9.356638560880072,0.009356638560880072
2882,54.96733992627437,0.05496733992627437
2883,32.90748704012698,0.03290748704012698
2884,54.83977360347181,0.054839773603471816
2885,22.182330217467783,0.022182330217467783
2886,2.4229354087584865,0.0024229354087584865
2887,94.13669012702468,0.09413669012702468
2888,10.830812118899402,0.010830812118899403
2889,12.685874796171682,0.012685874796171682
2890,14.65468265101405,0.01465468265101405
2891,98.12765239932727,0.09812765239932728
2892,61.76602401699961,0.061766024016999606
2893,61.02899517038506,0.061028995170385056
2894,98.66982015185296,0.09866982015185297
2895,8.843876927465477,0.008843876927465476
2896,97.45008925422891,0.09745008925422892
2897,20.40131465540409,0.02040131465540409
2898,62.30715035620354,0.062307150356203544
2899,42.008356530279165,0.042008356530279164
2900,38.39518134771782,0.03839518134771782
2901,93.12433284794625,0.09312433284794625
2902,14.922772844025644,0.014922772844025644
2903,99.70690110762436,0.09970690110762435
2904,37.912506109154855,0.03791250610915486
2905,64.87749038885543,0.06487749038885543
2906,96.79067314833601,0.09679067314833602
2907,5.760105037897478,0.005760105037897478
2908,92.28643629251906,0.09228643629251905
2909,56.78113853543433,0.05678113853543433
2910,70.43968789774523,0.07043968789774523
2911,14.918418388634835,0.014918418388634835
2912,53.338743083103225,0.05333874308310323
2913,67.35137147252436,0.06735137147252436
2914,45.62473073876818,0.04562473073876818
2915,15.498517810605673,0.015498517810605673
2916,24.41190750855766,0.02441190750855766
2917,85.43927909934985,0.08543927909934984
2918,3.447099283276278,0.003447099283276278
2919,70.88620784408124,0.07088620784408124
2920,99.93900365145268,0.09993900365145268
2921,0.7482996106766615,0.0007482996106766615
2922,16.10456828199399,0.01610456828199399
2923,67.41443008931344,0.06741443008931344
2924,5.999083458534827,0.005999083458534827
2925,58.97899838558589,0.05897899838558589
2926,68.40001035610561,0.06840001035610561
2927,58.81463481140702,0.058814634811407016
2928,36.51847030210672,0.03651847030210672
2929,69.72822959866389,0.06972822959866389
2930,59.42944280138205,0.05942944280138205
2931,20.763717209391974,0.020763717209391973
2932,56.31355435851098,0.05631355435851098
2933,88.19072171389276,0.08819072171389275
2934,66.683328569045,0.066683328569045
2935,47.17915073938471,0.04717915073938471
2936,32.15841028694511,0.03215841028694511
2937,8.588620943757286,0.008588620943757286
2938,24.46271327590287,0.02446271327590287
2939,1.1186753086876888,0.0011186753086876889
2940,98.66259175249644,0.09866259175249643
2941,22.248225212873997,0.022248225212873996
2942,81.48759426853726,0.08148759426853726
2943,16.86448818049786,0.01686448818049786
2944,28.360114960557393,0.028360114960557393
2945,41.827731922836676,0.041827731922836675
2946,32.44056641416051,0.03244056641416051
2947,79.83508127598611,0.07983508127598611
2948,95.76934080154231,0.09576934080154231
2949,87.52944836508485,0.08752944836508485
2950,15.357786694775655,0.015357786694775655
2951,77.66886763492903,0.07766886763492903
2952,14.794691330471144,0.014794691330471144
2953,91.33811065621013,0.09133811065621013
2954,51.787857566857845,0.051787857566857845
2955,33.638108805670676,0.033638108805670676
2956,15.70254973341928,0.01570254973341928
2957,1.1809088179004612,0.0011809088179004612
2958,24.794699166088474,0.024794699166088473
2959,91.4020063281312,0.0914020063281312
2960,79.72621922722276,0.07972621922722276
2961,96.97937077507194,0.09697937077507195
2962,10.076152112137304,0.010076152112137304
2963,59.217874350566944,0.05921787435056695
2964,25.715047403077662,0.025715047403077663
2965,54.29417057724074,0.054294170577240744
2966,32.04548855634551,0.03204548855634551
2967,28.34655502433575,0.02834655502433575
2968,57.38453020245975,0.05738453020245975
2969,18.33181618695403,0.01833181618695403
2970,46.91334369721169,0.04691334369721169
2971,65.08122650440347,0.06508122650440347
2972,12.818207318280406,0.012818207318280405
2973,93.05942708769041,0.09305942708769041
2974,50.57246994541248,0.05057246994541248
2975,81.95279718843422,0.08195279718843422
2976,65.39054306210633,0.06539054306210633
2977,71.00009412225455,0.07100009412225455
2978,71.6130940992838,0.0716130940992838
2979,87.50998970614727,0.08750998970614726
2980,61.36054350469241,0.06136054350469241
2981,27.821715172138962,0.027821715172138963
2982,9.950964286545716,0.009950964286545716
2983,60.625061945014146,0.060625061945014144
2984,6.6352803770581055,0.006635280377058106
2985,24.12934516895302,0.024129345168953018
2986,6.070718460191172,0.006070718460191172
2987,54.88875890065671,0.05488875890065671
2988,16.033812494286803,0.016033812494286804
2989,61.040731943347325,0.061040731943347325
2990,79.08651308632676,0.07908651308632676
2991,82.18807207718623,0.08218807207718623
2992,30.954350813762744,0.030954350813762743
2993,54.895453269449604,0.054895453269449605
2994,56.301076008635896,0.056301076008635896
2995,47.28871821541666,0.04728871821541666
2996,65.51138914247649,0.06551138914247649
2997,21.008712382353355,0.021008712382353356
2998,97.92432395867942,0.09792432395867942
2999,9.807982709093244,0.009807982709093244
3000,82.92211412031192,0.08292211412031192
3001,59.40959869511878,0.05940959869511878
3002,24.48547471937159,0.02448547471937159
3003,74.56750006602998,0.07456750006602998
3004,8.448089567707196,0.008448089567707196
3005,77.44178344487831,0.07744178344487831
3006,58.998522224301354,0.05899852222430135
3007,11.07503183964016,0.011075031839640159
3008,7.950556309237022,0.007950556309237022
3009,75.08363334364626,0.07508363334364626
3010,29.293590650383717,0.029293590650383717
3011,88.93018507672134,0.08893018507672135
3012,76.20730210301761,0.07620730210301761
3013,69.81902447177161,0.06981902447177162
3014,27.860605263345096,0.027860605263345096
3015,70.89445190216179,0.07089445190216179
3016,94.8147684514834,0.0948147684514834
3017,9.155983437056891,0.009155983437056892
3018,32.6162642003566,0.032616264200356605
3019,23.467226546159413,0.023467226546159414
3020,39.32501344006667,0.03932501344006667
3021,74.23326548539464,0.07423326548539463
3022,47.424258142538655,0.04742425814253865
3023,57.073060612024626,0.05707306061202463
3024,31.415488807834237,0.031415488807834235
3025,14.128926708710054,0.014128926708710054
3026,26.693364893772852,0.02669336489377285
3027,85.9680301241987,0.08596803012419871
3028,60.241696215341044,0.06024169621534104
3029,37.79886731972337,0.03779886731972337
3030,78.99059817355875,0.07899059817355875
3031,6.445743245490876,0.006445743245490876
3032,25.389108792238567,0.025389108792238567
3033,23.010315405733927,0.023010315405733926
3034,98.53645621682222,0.09853645621682222
3035,70.60985823927602,0.07060985823927603
3036,61.77859363885542,0.06177859363885542
3037,0.49849652944728984,0.0004984965294472898
3038,18.431000208985736,0.018431000208985738
3039,63.554129297307824,0.06355412929730782
3040,37.97193264816657,0.03797193264816657
3041,92.42803836790608,0.09242803836790608
3042,76.4724219141758,0.0764724219141758
3043,44.738407280412,0.044738407280412
3044,74.95149775382704,0.07495149775382705
3045,97.54043238262216,0.09754043238262215
3046,46.09808247014706,0.046098082470147066
3047,64.25258878885333,0.06425258878885333
3048,91.86646150612951,0.09186646150612951
3049,24.867466203617326,0.024867466203617326
3050,88.65579136662784,0.08865579136662784
3051,9.754470677298265,0.009754470677298266
3052,64.84481705876465,0.06484481705876464
3053,78.28381550557843,0.07828381550557843
3054,61.460621925242606,0.061460621925242605
3055,49.553480415254306,0.04955348041525431
3056,61.734709992568604,0.0617347099925686
3057,15.166370877944457,0.015166370877944457
3058,21.557071033021835,0.021557071033021836
3059,26.989934395634197,0.026989934395634196
3060,59.77793406300381,0.059777934063003815
3061,44.19010737450705,0.04419010737450705
3062,24.447584248583954,0.024447584248583953
3063,88.28093321445802,0.08828093321445801
3064,37.39218402932234,0.03739218402932234
3065,44.60317192298911,0.04460317192298911
3066,40.97010765489946,0.04097010765489946
3067,18.194295527675266,0.018194295527675267
3068,73.16270154302333,0.07316270154302333
3069,44.8458262268858,0.0448458262268858
3070,1.6257109892718447,0.0016257109892718446
3071,96.4013702359797,0.0964013702359797
3072,81.57636115954136,0.08157636115954137
3073,72.35593540918033,0.07235593540918034
3074,86.9091870518529,0.0869091870518529
3075,90.68072536055503,0.09068072536055503
3076,33.748970638443865,0.03374897063844386
3077,61.09586784166986,0.06109586784166986
3078,60.88078092055942,0.060880780920559416
3079,26.729966881059696,0.026729966881059695
3080,22.195225144706722,0.02219522514470672
3081,11.390725481902209,0.011390725481902208
3082,65.93141959164528,0.06593141959164528
3083,78.09189910307799,0.078091899103078
3084,76.09529795170037,0.07609529795170038
3085,31.627537718497432,0.03162753771849743
3086,20.525985046520223,0.020525985046520222
3087,45.36141784546219,0.045361417845462194
3088,54.68134602405106,0.05468134602405106
3089,91.90871279685557,0.09190871279685557
3090,87.48231542740541,0.08748231542740541
3091,91.60583313018277,0.09160583313018278
3092,85.02623851359796,0.08502623851359796
3093,96.45812044363112,0.09645812044363111
3094,46.549999716905745,0.046549999716905745
3095,4.747349743309437,0.004747349743309437
3096,8.356203214847824,0.008356203214847823
3097,39.02761417723431,0.03902761417723431
3098,25.768709127299726,0.025768709127299727
3099,16.99405913610673,0.016994059136106732
3100,95.32037745086485,0.09532037745086486
3101,19.541958841062247,0.019541958841062246
3102,95.9379272315231,0.0959379272315231
3103,76.08388403212071,0.07608388403212071
3104,64.09456721252235,0.06409456721252235
3105,67.60189600893783,0.06760189600893783
3106,33.1474323659124,0.0331474323659124
3107,64.64270380582822,0.06464270380582822
3108,18.66921182812653,0.01866921182812653
3109,93.77054325359795,0.09377054325359795
3110,30.179333996059356,0.030179333996059356
3111,25.518651229354216,0.025518651229354216
3112,71.11627981941575,0.07111627981941575
3113,65.64487180661818,0.06564487180661818
3114,45.12989183433053,0.04512989183433053
3115,63.24462346907863,0.06324462346907864
3116,15.949307176085615,0.015949307176085614
3117,67.3328307401955,0.0673328307401955
3118,27.061069519519386,0.027061069519519386
3119,27.283597667645733,0.027283597667645734
3120,16.217993494378458,0.01621799349437846
3121,33.23771350361646,0.03323771350361646
3122,33.12510603113281,0.033125106031132806
3123,45.417901170226926,0.045417901170226926
3124,19.04195046663495,0.01904195046663495
3125,19.30075361587663,0.01930075361587663
3126,54.17385716632283,0.05417385716632283
3127,12.887740467047514,0.012887740467047515
3128,68.88970079888351,0.06888970079888351
3129,94.39471258625966,0.09439471258625966
3130,42.679562166437826,0.042679562166437826
3131,90.11053131506767,0.09011053131506767
3132,9.831659112586443,0.009831659112586443
3133,4.295762737564457,0.004295762737564457
3134,72.136887751384,0.072136887751384
3135,76.10215729814965,0.07610215729814965
3136,84.30582409657514,0.08430582409657514
3137,5.681767839998142,0.005681767839998142
3138,77.69070549568305,0.07769070549568305
3139,37.65387327965818,0.037653873279658176
3140,30.33376326821986,0.030333763268219863
3141,17.302392134329693,0.017302392134329693
3142,99.6015755102527,0.0996015755102527
3143,6.366358931886362,0.006366358931886361
3144,82.70080146079994,0.08270080146079993
3145,63.94944354905275,0.06394944354905276
3146,73.50804442618671,0.07350804442618672
3147,71.17171199217964,0.07117171199217964
3148,85.84344850731826,0.08584344850731826
3149,18.37920698561083,0.018379206985610828
3150,0.08246168346853766,8.246168346853766e-05
3151,59.85284890432661,0.059852848904326614
3152,35.38586393233339,0.035385863932333395
3153,12.37873311171377,0.01237873311171377
3154,18.613875410423887,0.018613875410423888
3155,33.17493124592229,0.03317493124592229
3156,7.023337088670322,0.007023337088670322
3157,5.691320212845086,0.005691320212845086
3158,91.60262548324441,0.09160262548324441
3159,31.21027493536962,0.031210274935369618
3160,98.2230697473585,0.09822306974735849
3161,96.43670083303999,0.09643670083304
3162,14.25712823271138,0.01425712823271138
3163,71.4924302896191,0.07149243028961909
3164,60.08048891270692,0.06008048891270692
3165,69.06470731051536,0.06906470731051537
3166,9.619100001447478,0.009619100001447478
3167,18.856007863455805,0.018856007863455804
3168,7.66386614508815,0.00766386614508815
3169,60.41342052170712,0.06041342052170712
3170,98.65910758490911,0.0986591075849091
3171,67.19845376579414,0.06719845376579414
3172,71.07615350219297,0.07107615350219297
3173,98.45850415432811,0.09845850415432811
3174,67.80115541717961,0.06780115541717961
3175,4.0181572628470335,0.004018157262847034
3176,86.70056008565976,0.08670056008565975
3177,36.46782903787963,0.03646782903787963
3178,0.43636215147153656,0.0004363621514715366
3179,50.72341775608206,0.05072341775608206
3180,93.70150008762637,0.09370150008762637
3181,25.73306871949832,0.02573306871949832
3182,49.151317305283996,0.049151317305284
3183,17.377688778239076,0.017377688778239076
3184,5.76926716664401,0.00576926716664401
3185,8.054494671311318,0.008054494671311318
3186,72.70109059613554,0.07270109059613554
3187,86.4074470742149,0.0864074470742149
3188,14.32988392524911,0.01432988392524911
3189,28.831856781046874,0.028831856781046872
3190,19.502946764482733,0.019502946764482734
3191,2.6855776926427932,0.002685577692642793
3192,55.34313698869836,0.05534313698869836
3193,69.99221701376476,0.06999221701376476
3194,64.78774808850704,0.06478774808850704
3195,38.805354730224764,0.03880535473022476
3196,55.501024593990536,0.05550102459399053
3197,9.409930663622468,0.009409930663622468
3198,15.430371872268445,0.015430371872268445
3199,93.17946195529834,0.09317946195529833
3200,76.15077478198968,0.07615077478198969
3201,92.27390958251674,0.09227390958251673
3202,91.66802844993673,0.09166802844993673
3203,64.93926171077406,0.06493926171077406
3204,92.82386481121651,0.0928238648112165
3205,41.67041030824632,0.041670410308246315
3206,0.3616244784940936,0.00036162447849409364
3207,6.257111584615938,0.006257111584615938
3208,10.948732570081521,0.010948732570081521
3209,9.535345318286026,0.009535345318286027
3210,35.170239085026346,0.035170239085026346
3211,70.12708071093576,0.07012708071093576
3212,79.0648806600495,0.07906488066004949
3213,59.021327434462464,0.059021327434462464
3214,14.643617455697955,0.014643617455697954
3215,74.79016021481752,0.07479016021481752
3216,35.480191913759896,0.035480191913759895
3217,1.2993348671796245,0.0012993348671796246
3218,28.058862053274936,0.028058862053274937
3219,33.06005541409779,0.03306005541409779
3220,27.424553521810292,0.027424553521810294
3221,81.18701531875855,0.08118701531875855
3222,75.99263975940903,0.07599263975940904
3223,69.55520304126415,0.06955520304126415
3224,13.900507851226529,0.013900507851226528
3225,80.7833909706282,0.0807833909706282
3226,67.71759616633237,0.06771759616633237
3227,19.48376864813919,0.01948376864813919
3228,64.80939302815165,0.06480939302815164
3229,48.3511641003681,0.048351164100368105
3230,43.935006185622505,0.0439350061856225
3231,11.212316347238882,0.011212316347238882
3232,51.830427584516535,0.05183042758451654
3233,9.993180897236364,0.009993180897236364
3234,16.425338725426663,0.016425338725426664
3235,13.254631427476271,0.01325463142747627
3236,95.41082790700077,0.09541082790700077
3237,28.486469044389008,0.028486469044389007
3238,35.520432359600775,0.03552043235960078
3239,32.20806062960361,0.03220806062960361
3240,89.82504451781438,0.08982504451781438
3241,56.296591133488846,0.056296591133488845
3242,91.91598989333117,0.09191598989333118
3243,29.992490582789554,0.029992490582789553
3244,11.483467443194895,0.011483467443194895
3245,55.62184527241746,0.05562184527241746
3246,34.553699179001754,0.03455369917900175
3247,80.19068334907483,0.08019068334907484
3248,87.94234089116586,0.08794234089116586
3249,47.257351090707175,0.047257351090707174
3250,97.13590240855083,0.09713590240855083
3251,55.30130063444059,0.05530130063444059
3252,27.092039338631245,0.027092039338631246
3253,48.89755153442745,0.04889755153442745
3254,3.7310292402927603,0.0037310292402927604
3255,80.40011602630676,0.08040011602630676
3256,10.143505085442095,0.010143505085442095
3257,30.874848850300495,0.030874848850300497
3258,56.531654700494336,0.05653165470049434
3259,4.297512564689887,0.004297512564689887
3260,7.931689918144825,0.007931689918144825
3261,69.61163576130129,0.06961163576130129
3262,7.177709306076874,0.007177709306076874
3263,47.70828662473765,0.04770828662473765
3264,33.86956334207504,0.03386956334207504
3265,22.807940795641645,0.022807940795641645
3266,18.87788978636654,0.01887788978636654
3267,76.34112937325794,0.07634112937325795
3268,95.15421931502826,0.09515421931502825
3269,14.017974220333173,0.014017974220333173
3270,95.9681219174127,0.0959681219174127
3271,59.47625034751037,0.059476250347510376
3272,64.16604053632571,0.06416604053632571
3273,70.99263781425819,0.07099263781425819
3274,70.4118890354581,0.0704118890354581
3275,81.98111081856882,0.08198111081856882
3276,48.34686513476974,0.04834686513476974
3277,53.33585875147011,0.053335858751470115
3278,32.38270024634159,0.03238270024634159
3279,10.525759378311704,0.010525759378311704
3280,66.46401909262191,0.06646401909262191
3281,3.360996918625092,0.003360996918625092
3282,27.563505108336827,0.027563505108336828
3283,9.422986444610027,0.009422986444610027
3284,19.072715732271806,0.019072715732271806
3285,63.873091289738085,0.06387309128973809
3286,62.847663020491815,0.06284766302049181
3287,42.105491299571206,0.0421054912995712
3288,9.017197648949116,0.009017197648949116
3289,43.33739164594084,0.04333739164594084
3290,35.27448718582934,0.03527448718582934
3291,72.04591528559497,0.07204591528559497
3292,57.90266081990517,0.05790266081990517
3293,49.1565767336999,0.0491565767336999
3294,48.69820823049952,0.048698208230499515
3295,96.62968872604189,0.09662968872604188
3296,75.62942217034505,0.07562942217034505
3297,49.697956046012784,0.049697956046012785
3298,47.92226128889776,0.04792226128889776
3299,2.647910130496345,0.002647910130496345
3300,94.25092633198066,0.09425092633198066
3301,31.917397176732965,0.03191739717673297
3302,25.593908188074376,0.025593908188074378
3303,99.94089253876713,0.09994089253876713
3304,71.86896715045245,0.07186896715045245
3305,4.736377329928798,0.004736377329928798
3306,6.188547702557646,0.006188547702557646
3307,2.550156396019787,0.002550156396019787
3308,59.961889951286906,0.05996188995128691
3309,7.156450006195181,0.007156450006195181
3310,93.33883568449306,0.09333883568449307
3311,93.69065400226779,0.0936906540022678
3312,54.60540667480798,0.05460540667480798
3313,61.66389313959508,0.06166389313959508
3314,29.18944015252498,0.02918944015252498
3315,6.3972542408273325,0.006397254240827333
3316,73.74604451918155,0.07374604451918156
3317,10.178598874901745,0.010178598874901745
3318,8.555764101839314,0.008555764101839313
3319,31.12231092042238,0.031122310920422377
3320,1.246565983788206,0.0012465659837882059
3321,43.4035615756316,0.0434035615756316
3322,70.76809100800767,0.07076809100800767
3323,80.1348931421939,0.08013489314219391
3324,60.430730379892125,0.06043073037989213
3325,84.68742031139126,0.08468742031139126
3326,40.65022037671103,0.04065022037671103
3327,84.87720850604767,0.08487720850604767
3328,50.64733104983793,0.05064733104983793
3329,22.30361279982953,0.02230361279982953
3330,94.4145646660466,0.0944145646660466
3331,27.497087383711648,0.02749708738371165
3332,2.620148418779311,0.0026201484187793112
3333,24.267404295502693,0.024267404295502695
3334,36.668756125742775,0.036668756125742774
3335,35.134968328926405,0.0351349683289264
3336,52.466750944357166,0.05246675094435717
3337,88.31268820359234,0.08831268820359234
3338,29.233822710969914,0.029233822710969914
3339,52.077060795916886,0.05207706079591688
3340,34.01389536884793,0.034013895368847934
3341,82.17730593732004,0.08217730593732005
3342,15.760151328847838,0.015760151328847838
3343,10.35102683100585,0.01035102683100585
3344,50.29952532376017,0.05029952532376017
3345,67.18875857654919,0.06718875857654918
3346,79.55252010907665,0.07955252010907665
3347,58.96248529053164,0.058962485290531635
3348,77.38497613190006,0.07738497613190005
3349,39.27100585609238,0.03927100585609238
3350,3.2867670266468973,0.0032867670266468973
3351,11.609930790155653,0.011609930790155654
3352,3.872260122899618,0.0038722601228996178
3353,32.894365047649266,0.03289436504764927
3354,49.54913412686823,0.04954913412686823
3355,35.63174836569394,0.03563174836569394
3356,56.05994750663922,0.056059947506639216
3357,48.06091484927877,0.04806091484927877
3358,67.79428018639403,0.06779428018639404
3359,66.69621635634061,0.06669621635634061
3360,31.806414710867948,0.031806414710867946
3361,34.62144553610915,0.03462144553610915
3362,58.51478216413033,0.05851478216413033
3363,59.64324678908418,0.059643246789084184
3364,31.469991363713312,0.03146999136371331
3365,33.03178857754252,0.03303178857754252
3366,69.4045013186147,0.06940450131861471
3367,64.74108228760696,0.06474108228760696
3368,13.505080467977471,0.013505080467977472
3369,44.104187967539346,0.04410418796753934
3370,89.27060787105903,0.08927060787105903
3371,3.6305676104475215,0.0036305676104475214
3372,85.51639464842137,0.08551639464842137
3373,16.31781570641436,0.01631781570641436
3374,50.724863246171594,0.05072486324617159
3375,42.43364289230115,0.04243364289230115
3376,1.0129337341458822,0.0010129337341458823
3377,91.5396937089632,0.0915396937089632
3378,45.49252273343056,0.04549252273343056
3379,95.42682767606149,0.09542682767606149
3380,28.674390097921787,0.028674390097921786
3381,86.62757734159725,0.08662757734159725
3382,92.23895739956305,0.09223895739956305
3383,55.68324163707806,0.055683241637078065
3384,20.26777878677175,0.02026777878677175
3385,68.524743210572,0.068524743210572
3386,54.89780665294602,0.05489780665294602
3387,94.45296658526259,0.09445296658526259
3388,43.927206181049186,0.043927206181049186
3389,26.8513647639822,0.0268513647639822
3390,13.828700149410711,0.01382870014941071
3391,69.86335686866795,0.06986335686866794
3392,97.41096189805822,0.09741096189805822
3393,2.8343770571398474,0.0028343770571398474
3394,74.04453547781267,0.07404453547781267
3395,92.69303625596666,0.09269303625596666
3396,7.478153422734934,0.007478153422734934
3397,11.017004510613315,0.011017004510613316
3398,69.19570984497086,0.06919570984497087
3399,64.79633758957884,0.06479633758957884
3400,6.8827415316245695,0.006882741531624569
3401,83.44227521511564,0.08344227521511564
3402,52.34238478448924,0.05234238478448924
3403,90.71973733366126,0.09071973733366126
3404,87.79908809927043,0.08779908809927044
3405,81.25077690501658,0.08125077690501657
3406,51.58988962444213,0.05158988962444213
3407,25.171064174943226,0.025171064174943227
3408,50.59755039111325,0.05059755039111325
3409,10.081137780178008,0.010081137780178008
3410,65.88461484734262,0.06588461484734262
3411,13.397721922900763,0.013397721922900762
3412,51.11729625007231,0.05111729625007231
3413,5.438197416681778,0.005438197416681777
3414,29.951249027464588,0.02995124902746459
3415,23.20804606697878,0.02320804606697878
3416,62.00315427116705,0.062003154271167045
3417,78.67867120225087,0.07867867120225087
3418,5.730295454052614,0.005730295454052614
3419,85.02836851553842,0.08502836851553842
3420,86.07676949546045,0.08607676949546045
3421,34.22690742880228,0.03422690742880228
3422,65.90040659703222,0.06590040659703221
3423,40.26130317034495,0.04026130317034495
3424,15.41908821896315,0.01541908821896315
3425,52.866241856311035,0.05286624185631104
3426,8.635967450159665,0.008635967450159664
3427,87.84721553959879,0.08784721553959879
3428,92.42897594096085,0.09242897594096085
3429,82.16131370114036,0.08216131370114035
3430,56.25281207559786,0.05625281207559786
3431,55.7598591125455,0.055759859112545496
3432,98.46073766009297,0.09846073766009297
3433,24.79016898311829,0.02479016898311829
3434,7.594836590520748,0.0075948365905207475
3435,56.19409236011778,0.05619409236011778
3436,32.87855978101033,0.032878559781010334
3437,32.23387728080442,0.03223387728080442
3438,0.7085354169948044,0.0007085354169948044
3439,59.6239409547933,0.0596239409547933
3440,26.403370227561407,0.026403370227561406
3441,18.7858548192681,0.0187858548192681
3442,4.043193139300372,0.004043193139300372
3443,36.43615764756113,0.03643615764756113
3444,87.89688723864573,0.08789688723864574
3445,33.66708075973723,0.03366708075973723
3446,67.90742101195937,0.06790742101195937
3447,75.65469634019072,0.07565469634019073
3448,32.81008091901996,0.03281008091901996
3449,82.16407350120413,0.08216407350120412
3450,69.1879659666949,0.06918796596669491
3451,55.92422287009515,0.05592422287009515
3452,0.09924640506289162,9.924640506289161e-05
3453,3.509076592280813,0.0035090765922808132
3454,99.08658441060633,0.09908658441060633
3455,78.22839235035593,0.07822839235035593
3456,93.7565258772947,0.0937565258772947
3457,90.23032049180276,0.09023032049180275
3458,2.0442983142750837,0.0020442983142750838
3459,79.18472897910739,0.07918472897910739
3460,45.11457440111546,0.045114574401115465
3461,78.95582040006556,0.07895582040006556
3462,0.6715784163385141,0.0006715784163385142
3463,28.819930120056426,0.028819930120056427
3464,75.13237757913022,0.07513237757913022
3465,79.30207886015897,0.07930207886015897
3466,61.9714601214624,0.0619714601214624
3467,30.125618944626375,0.030125618944626373
3468,31.03625912878629,0.03103625912878629
3469,96.67639636420327,0.09667639636420328
3470,43.92121792342045,0.04392121792342045
3471,44.712555024383704,0.044712555024383704
3472,55.23327502406995,0.055233275024069946
3473,40.95023368643888,0.04095023368643888
3474,55.267156459741415,0.055267156459741416
3475,43.233542276755784,0.043233542276755785
3476,82.67149196021867,0.08267149196021867
3477,90.9051019798284,0.0909051019798284
3478,93.21102598153617,0.09321102598153616
3479,56.429620582938654,0.056429620582938655
3480,44.21485574644953,0.04421485574644953
3481,70.52400587918379,0.0705240058791838
3482,83.83235912959066,0.08383235912959065
3483,56.29822420663771,0.056298224206637715
3484,69.99810218222613,0.06999810218222613
3485,74.9729350721248,0.0749729350721248
3486,67.63937767172867,0.06763937767172867
3487,74.61335557293096,0.07461335557293096
3488,20.864533255599838,0.020864533255599838
3489,49.83745470217975,0.04983745470217975
3490,58.82685546050872,0.05882685546050872
3491,0.24779308570230807,0.00024779308570230805
3492,85.59625088136819,0.08559625088136819
3493,61.00245084449121,0.061002450844491206
3494,12.913633169820326,0.012913633169820325
3495,81.63570725758271,0.08163570725758271
3496,71.70569664405446,0.07170569664405446
3497,75.8299543463637,0.0758299543463637
3498,39.20424618618562,0.03920424618618562
3499,85.42025066949921,0.08542025066949921
3500,41.402758213236226,0.041402758213236225
3501,57.05091529455913,0.057050915294559135
3502,0.06423036998737253,6.423036998737253e-05
3503,64.48731146778623,0.06448731146778623
3504,71.81757921279367,0.07181757921279368
3505,56.71093654887923,0.05671093654887923
3506,49.655881704361605,0.0496558817043616
3507,80.99364737117082,0.08099364737117082
3508,68.13727171652418,0.06813727171652419
3509,27.807403972002298,0.0278074039720023
3510,95.90733380799858,0.09590733380799858
3511,70.72671941953408,0.07072671941953408
3512,98.79389289124246,0.09879389289124246
3513,97.12613162688683,0.09712613162688682
3514,91.89097228100898,0.09189097228100898
3515,75.53715412253077,0.07553715412253076
3516,60.942936849696736,0.06094293684969673
3517,17.21706636829242,0.01721706636829242
3518,54.33514174237577,0.05433514174237577
3519,76.53765223943273,0.07653765223943274
3520,52.08571587055678,0.052085715870556784
3521,86.82391284056578,0.08682391284056579
3522,10.965589919169826,0.010965589919169827
3523,38.094034804863405,0.038094034804863404
3524,50.596441859365726,0.05059644185936572
3525,43.23252958691081,0.04323252958691081
3526,10.858654782155309,0.01085865478215531
3527,15.352829404463053,0.015352829404463053
3528,83.76172928554871,0.08376172928554872
3529,48.4384259201451,0.0484384259201451
3530,4.872242675272764,0.004872242675272764
3531,1.6491258977649914,0.0016491258977649915
3532,47.34754019943266,0.04734754019943266
3533,16.437872592444368,0.016437872592444367
3534,70.51259459992218,0.07051259459992218
3535,79.53234625277513,0.07953234625277512
3536,22.82967084571056,0.02282967084571056
3537,59.217694488178076,0.059217694488178076
3538,15.4444643485386,0.0154444643485386
3539,30.3582651594387,0.0303582651594387
3540,88.87954941814333,0.08887954941814333
3541,54.40980914823108,0.054409809148231084
3542,88.58886951442001,0.08858886951442001
3543,22.524780417950694,0.022524780417950693
3544,33.002434324866606,0.0330024343248666
3545,47.095213845681705,0.0470952138456817
3546,48.00800751945429,0.04800800751945429
3547,99.76479671837004,0.09976479671837003
3548,11.44453189711301,0.01144453189711301
3549,85.19650356015907,0.08519650356015908
3550,86.36820394218702,0.08636820394218703
3551,55.31986315377873,0.05531986315377874
3552,34.403716825915374,0.03440371682591537
3553,51.92261042882962,0.05192261042882962
3554,29.24677048065638,0.02924677048065638
3555,79.91074484399395,0.07991074484399395
3556,49.827915871033014,0.04982791587103302
3557,92.58421788774506,0.09258421788774505
3558,62.26913443560438,0.062269134435604376
3559,51.431933311468335,0.051431933311468336
3560,71.10693539776523,0.07110693539776523
3561,50.39329644302343,0.05039329644302343
3562,90.45063504194472,0.09045063504194473
3563,18.44459608868413,0.01844459608868413
3564,97.33486837459057,0.09733486837459057
3565,81.2190551851192,0.0812190551851192
3566,86.07333618648696,0.08607333618648695
3567,48.290783237107114,0.048290783237107116
3568,83.72015493375974,0.08372015493375974
3569,30.677408357720516,0.030677408357720516
3570,76.19481785641752,0.07619481785641752
3571,14.045015838902264,0.014045015838902265
3572,30.70519159625087,0.03070519159625087
3573,44.57326633597328,0.04457326633597328
3574,32.23197181434219,0.03223197181434219
3575,38.70171156241836,0.03870171156241836
3576,82.0104744783698,0.0820104744783698
3577,25.667589214216758,0.025667589214216757
3578,74.52811721545723,0.07452811721545723
3579,7.371206911165185,0.007371206911165185
3580,76.57391075150608,0.07657391075150607
3581,79.2023242829773,0.0792023242829773
3582,40.1698775502482,0.0401698775502482
3583,72.24778231674705,0.07224778231674706
3584,91.51384037450991,0.09151384037450991
3585,80.07129735545269,0.08007129735545268
3586,39.044651039695985,0.03904465103969598
3587,48.421351428006446,0.048421351428006444
3588,77.93575447858055,0.07793575447858055
3589,29.259458984912357,0.029259458984912355
3590,80.38827403088735,0.08038827403088734
3591,32.80711425609412,0.032807114256094116
3592,80.59905823855381,0.0805990582385538
3593,8.680044335072335,0.008680044335072334
3594,4.439729691059013,0.004439729691059014
3595,99.76754473698223,0.09976754473698222
3596,86.94571232346891,0.08694571232346891
3597,88.28475034662038,0.08828475034662038
3598,95.12799476066175,0.09512799476066175
3599,43.831630941448786,0.04383163094144878
3600,28.68355546801522,0.02868355546801522
3601,13.002499501790298,0.0130024995017903
3602,50.120913353846454,0.050120913353846455
3603,22.004832047660784,0.022004832047660784
3604,93.55508567393197,0.09355508567393198
3605,0.40031624427790957,0.0004003162442779096
3606,14.319673774312157,0.014319673774312158
3607,24.647585308342677,0.024647585308342677
3608,19.895671159319505,0.019895671159319506
3609,22.57784365797103,0.02257784365797103
3610,65.60476050611784,0.06560476050611784
3611,32.75120783131492,0.032751207831314924
3612,61.50243819033733,0.06150243819033733
3613,89.02579336462912,0.08902579336462912
3614,60.2556765525702,0.0602556765525702
3615,69.45327912863814,0.06945327912863815
3616,36.55032982213573,0.03655032982213573
3617,15.973846762270917,0.015973846762270916
3618,32.058406244990614,0.032058406244990616
3619,96.4282648704108,0.0964282648704108
3620,62.181138445313714,0.06218113844531371
3621,27.75111194340152,0.02775111194340152
3622,45.09152671621038,0.04509152671621038
3623,83.55130374309944,0.08355130374309944
3624,66.84435707057736,0.06684435707057736
3625,56.065284072916825,0.056065284072916825
3626,88.5162876633841,0.08851628766338411
3627,67.24395722167903,0.06724395722167903
3628,64.27297307910955,0.06427297307910955
3629,18.976813721076812,0.01897681372107681
3630,10.638868301240779,0.010638868301240778
3631,96.51421170573991,0.09651421170573991
3632,59.88583701003527,0.05988583701003527
3633,41.56834091464291,0.04156834091464291
3634,58.902082091021754,0.058902082091021754
3635,6.181196107171538,0.006181196107171538
3636,82.21272739041068,0.08221272739041068
3637,21.664553556433596,0.021664553556433597
3638,80.4546006317947,0.0804546006317947
3639,53.43784432636106,0.05343784432636106
3640,27.657201365690277,0.027657201365690276
3641,3.020994824207046,0.0030209948242070463
3642,81.58333553266057,0.08158333553266058
3643,17.646014146930668,0.017646014146930667
3644,5.180511563987345,0.005180511563987345
3645,75.58777308258809,0.07558777308258809
3646,35.00432223729788,0.03500432223729788
3647,38.933400559165,0.038933400559165
3648,24.706758728071897,0.024706758728071897
3649,85.91784786968971,0.08591784786968971
3650,29.732952610653207,0.02973295261065321
3651,21.019256975102387,0.021019256975102388
3652,30.92497263361561,0.03092497263361561
3653,20.314957516739696,0.020314957516739698
3654,31.765522080520746,0.03176552208052075
3655,8.293622286817303,0.008293622286817303
3656,15.853002911945834,0.015853002911945833
3657,41.70528833961479,0.04170528833961479
3658,87.94668555898764,0.08794668555898764
3659,5.729074672228585,0.005729074672228584
3660,21.267470676003065,0.021267470676003066
3661,90.83456755415963,0.09083456755415964
3662,89.00146741599217,0.08900146741599217
3663,67.94508332959413,0.06794508332959413
3664,24.047355409523796,0.024047355409523796
3665,41.981056105578574,0.041981056105578576
3666,21.122099443796504,0.021122099443796505
3667,12.858850912520325,0.012858850912520325
3668,37.99983945138915,0.03799983945138915
3669,57.58216050703502,0.05758216050703502
3670,35.993267546480524,0.03599326754648052
3671,61.082455046596976,0.06108245504659698
3672,29.625473537930546,0.029625473537930547
3673,34.58505277607903,0.03458505277607903
3674,79.06735916446095,0.07906735916446095
3675,87.83147308938581,0.08783147308938581
3676,32.20340815310521,0.032203408153105205
3677,57.15158013452763,0.057151580134527626
3678,27.816228389226804,0.027816228389226805
3679,5.333464170742753,0.005333464170742753
3680,73.7857181360408,0.0737857181360408
3681,17.100348323615034,0.017100348323615035
3682,42.57125237469172,0.04257125237469172
3683,48.70454933791568,0.04870454933791568
3684,18.447158417910593,0.018447158417910593
3685,9.455535066339626,0.009455535066339626
3686,34.80130146710706,0.03480130146710706
3687,95.22859075503185,0.09522859075503184
3688,61.51355899884214,0.061513558998842144
3689,38.14102284029025,0.03814102284029025
3690,3.8910820774214927,0.0038910820774214925
3691,60.027328139108185,0.06002732813910819
3692,9.225764093537258,0.009225764093537257
3693,54.25440710475263,0.05425440710475263
3694,75.1950508271743,0.0751950508271743
3695,42.358534829478636,0.042358534829478635
3696,29.94114948165244,0.02994114948165244
3697,4.73842338175986,0.00473842338175986
3698,2.4777875161596796,0.0024777875161596796
3699,43.00265696455212,0.043002656964552126
3700,88.33452707029679,0.08833452707029679
3701,24.40627787931904,0.024406277879319038
3702,57.40555057818213,0.05740555057818213
3703,68.43058196797618,0.06843058196797618
3704,6.082986750136143,0.006082986750136144
3705,15.31003758033771,0.01531003758033771
3706,33.12767934195671,0.033127679341956706
3707,67.00931741485705,0.06700931741485705
3708,43.90351122280969,0.043903511222809694
3709,73.41950682182453,0.07341950682182452
3710,86.75978655731925,0.08675978655731925
3711,75.83722765985429,0.07583722765985429
3712,99.22472073132491,0.0992247207313249
3713,75.43610687316496,0.07543610687316496
3714,85.21791950074505,0.08521791950074506
3715,83.23663584650009,0.0832366358465001
3716,73.02657622800466,0.07302657622800465
3717,80.18018166558906,0.08018018166558906
3718,93.46832278674103,0.09346832278674103
3719,47.52073785262926,0.04752073785262926
3720,63.82870239125435,0.06382870239125435
3721,51.49397215727727,0.05149397215727727
3722,85.1036987192073,0.0851036987192073
3723,43.13596028715073,0.04313596028715073
3724,81.97267711447329,0.08197267711447329
3725,79.93545750571388,0.07993545750571389
3726,96.18861013685905,0.09618861013685906
3727,24.89206992574188,0.02489206992574188
3728,70.96195098859123,0.07096195098859123
3729,75.69194976474863,0.07569194976474863
3730,93.62784928046656,0.09362784928046657
3731,90.6902418055531,0.0906902418055531
3732,57.35258617084483,0.05735258617084483
3733,57.91531858639798,0.05791531858639798
3734,16.72912284042294,0.01672912284042294
3735,97.49627024237711,0.09749627024237711
3736,25.501746270342686,0.025501746270342684
3737,72.47362184512922,0.07247362184512922
3738,79.57950048053125,0.07957950048053125
3739,44.121550461138106,0.04412155046113811
3740,21.119372002905802,0.0211193720029058
3741,18.896038421968676,0.018896038421968676
3742,85.64960009015917,0.08564960009015916
3743,51.07564867485148,0.05107564867485148
3744,9.01369820382667,0.009013698203826671
3745,71.70194727628886,0.07170194727628887
3746,25.01710528050296,0.02501710528050296
3747,87.63947507508793,0.08763947507508793
3748,30.957178602997526,0.030957178602997525
3749,20.027083009014312,0.02002708300901431
3750,8.485844355493432,0.008485844355493433
3751,51.15311366376475,0.05115311366376475
3752,45.07375878182873,0.04507375878182873
3753,75.13121446031428,0.07513121446031429
3754,46.46025871930364,0.04646025871930364
3755,34.3815968924371,0.034381596892437104
3756,26.165491563294406,0.026165491563294407
3757,27.81467454699711,0.027814674546997112
3758,92.78479018278139,0.0927847901827814
3759,16.50786020878123,0.01650786020878123
3760,98.81764245571502,0.09881764245571502
3761,32.69194551922248,0.03269194551922248
3762,8.839023541749746,0.008839023541749747
3763,24.8690380787865,0.024869038078786498
3764,5.8414379554618705,0.005841437955461871
3765,79.00297691639159,0.07900297691639159
3766,51.255291254110546,0.05125529125411055
3767,33.69866188668009,0.033698661886680095
3768,66.20496046315625,0.06620496046315626
3769,63.06465259503202,0.06306465259503202
3770,93.98720892275902,0.09398720892275902
3771,96.12605167483797,0.09612605167483797
3772,68.06837756654053,0.06806837756654054
3773,81.78159272441685,0.08178159272441686
3774,79.24251003351786,0.07924251003351786
3775,49.13035326998998,0.04913035326998998
3776,70.4458288033417,0.0704458288033417
3777,7.82590076835702,0.007825900768357019
3778,75.8021083150307,0.07580210831503069
3779,96.18330071923677,0.09618330071923677
3780,8.497475312573844,0.008497475312573844
3781,83.61157845918545,0.08361157845918545
3782,93.29800266492713,0.09329800266492713
3783,22.618888980206208,0.022618888980206208
3784,52.481118760920374,0.052481118760920376
3785,92.78582254629885,0.09278582254629884
3786,96.02260045229679,0.09602260045229678
3787,12.788238435231635,0.012788238435231636
3788,34.90042255554506,0.03490042255554506
3789,69.81446411508566,0.06981446411508566
3790,22.15584993859303,0.022155849938593028
3791,32.47706286344808,0.032477062863448085
3792,2.3291060004693276,0.0023291060004693278
3793,15.35216809311989,0.01535216809311989
3794,56.23294944177438,0.05623294944177438
3795,65.30900663041828,0.06530900663041828
3796,64.8911831095837,0.0648911831095837
3797,77.83604707782168,0.07783604707782167
3798,41.528141373879144,0.04152814137387915
3799,27.349071624115552,0.027349071624115553
3800,1.5580700042524986,0.0015580700042524987
3801,20.66298260523869,0.02066298260523869
3802,31.238781220203727,0.031238781220203727
3803,17.820685648046553,0.017820685648046553
3804,2.0144471496602256,0.0020144471496602256
3805,15.744760866519158,0.01574476086651916
3806,66.60995535675724,0.06660995535675723
3807,62.95854164725958,0.06295854164725959
3808,93.56836393980424,0.09356836393980425
3809,79.81682913973093,0.07981682913973093
3810,56.77561168411912,0.05677561168411912
3811,13.755634749321132,0.013755634749321132
3812,56.40718189251569,0.05640718189251569
3813,6.159506091418077,0.0061595060914180775
3814,43.088489741085276,0.04308848974108528
3815,39.025862894719545,0.03902586289471954
3816,42.78138093629417,0.04278138093629417
3817,27.982591839478722,0.027982591839478724
3818,68.58304476238237,0.06858304476238238
3819,84.09444672987794,0.08409444672987794
3820,76.85169925989776,0.07685169925989775
3821,62.775209579088035,0.06277520957908804
3822,53.834479933301324,0.05383447993330132
3823,3.108418000803037,0.0031084180008030373
3824,72.29339986919211,0.07229339986919212
3825,54.49829395784974,0.05449829395784974
3826,27.074105066388686,0.027074105066388687
3827,32.78420388534416,0.032784203885344164
3828,93.56067864697414,0.09356067864697414
3829,62.436224511722706,0.062436224511722704
3830,47.59124346575283,0.04759124346575283
3831,62.09217397084077,0.06209217397084077
3832,41.374232498565696,0.0413742324985657
3833,47.01822732030162,0.04701822732030162
3834,29.03092567076704,0.02903092567076704
3835,43.985330059164454,0.043985330059164454
3836,68.55922324379105,0.06855922324379106
3837,3.994192508646921,0.003994192508646921
3838,79.50274072961548,0.07950274072961548
3839,28.297954086131284,0.028297954086131283
3840,68.25597934324998,0.06825597934324998
3841,64.272531468006,0.06427253146800599
3842,65.26280491413054,0.06526280491413054
3843,60.81289162558029,0.06081289162558029
3844,95.91018380695348,0.09591018380695349
3845,50.83441626953908,0.050834416269539086
3846,73.23191155153515,0.07323191155153515
3847,70.54493312345777,0.07054493312345776
3848,23.626757727833038,0.02362675772783304
3849,28.33058391868256,0.02833058391868256
3850,42.40170981569678,0.042401709815696784
3851,27.769793046320924,0.027769793046320924
3852,36.67430989299597,0.03667430989299597
3853,39.09606139283059,0.03909606139283059
3854,60.3864560938344,0.0603864560938344
3855,21.98900427350616,0.02198900427350616
3856,80.42918658766874,0.08042918658766873
3857,43.75363567715046,0.04375363567715046
3858,70.62441116832468,0.07062441116832469
3859,8.144248124081788,0.008144248124081788
3860,46.99653941243669,0.04699653941243669
3861,2.821953217732831,0.002821953217732831
3862,67.59099918155648,0.06759099918155648
3863,34.37100769970696,0.03437100769970696
3864,94.92528141058287,0.09492528141058287
3865,32.412421460141935,0.032412421460141935
3866,56.380589801772686,0.056380589801772685
3867,25.73875756946147,0.02573875756946147
3868,62.01126289473403,0.062011262894734034
3869,46.704235013323455,0.04670423501332346
3870,37.06282615056329,0.03706282615056329
3871,20.368934908017987,0.02036893490801799
3872,11.152134397145531,0.011152134397145531
3873,11.987913395667327,0.011987913395667326
3874,99.90400175055531,0.0999040017505553
3875,41.23107268572347,0.04123107268572347
3876,0.1929707873339459,0.00019297078733394591
3877,95.29287906260143,0.09529287906260143
3878,1.9979924229812651,0.001997992422981265
3879,41.85861255545337,0.04185861255545337
3880,71.7477585970656,0.0717477585970656
3881,91.45992443717617,0.09145992443717617
3882,71.2886291432101,0.0712886291432101
3883,46.36257549000118,0.046362575490001175
3884,97.44420389841034,0.09744420389841034
3885,3.9319383033270427,0.003931938303327043
3886,98.6892202538008,0.0986892202538008
3887,84.93915517084389,0.08493915517084388
3888,92.89300171263591,0.09289300171263591
3889,25.477242409753664,0.025477242409753666
3890,14.245807228426976,0.014245807228426976
3891,66.33152793727001,0.06633152793727001
3892,51.585943798612,0.051585943798612
3893,52.316796074437946,0.05231679607443795
3894,92.46191784832176,0.09246191784832176
3895,62.00809066532622,0.06200809066532622
3896,31.10638351045899,0.03110638351045899
3897,40.0066556417876,0.040006655641787604
3898,13.349583509185125,0.013349583509185125
3899,19.23140402756893,0.01923140402756893
3900,14.33500702095385,0.01433500702095385
3901,81.02913412113544,0.08102913412113544
3902,70.48734679721188,0.07048734679721189
3903,53.03450176108518,0.05303450176108518
3904,37.436783362757076,0.037436783362757076
3905,66.84942903243505,0.06684942903243506
3906,81.2905347695761,0.0812905347695761
3907,88.1233215671709,0.0881233215671709
3908,54.701622820633354,0.05470162282063335
3909,81.98851218197008,0.08198851218197008
3910,51.130595341269505,0.05113059534126951
3911,47.45300891878909,0.04745300891878909
3912,86.54318556221003,0.08654318556221002
3913,38.6373936264664,0.0386373936264664
3914,39.59126790407023,0.03959126790407023
3915,30.491134528491614,0.030491134528491615
3916,51.870172829461666,0.051870172829461665
3917,54.485003368946074,0.05448500336894607
3918,66.0461145310457,0.0660461145310457
3919,43.05023101095705,0.04305023101095705
3920,21.783729188359935,0.021783729188359933
3921,86.68420624138759,0.08668420624138759
3922,34.60008672380144,0.03460008672380144
3923,92.29434198401746,0.09229434198401747
3924,20.735333302645575,0.020735333302645573
3925,56.00574762362305,0.05600574762362305
3926,53.661509352945224,0.053661509352945225
3927,82.86478479269952,0.08286478479269953
3928,13.885138675082976,0.013885138675082976
3929,90.99371729174614,0.09099371729174614
3930,53.14281721720702,0.05314281721720702
3931,58.61093839143664,0.05861093839143664
3932,51.016629329776706,0.05101662932977671
3933,3.602490683626647,0.003602490683626647
3934,49.70906618065981,0.04970906618065981
3935,26.354966267699055,0.026354966267699054
3936,34.26881803778314,0.034268818037783144
3937,64.910159918714,0.064910159918714
3938,49.769712947410596,0.049769712947410595
3939,9.321821266746044,0.009321821266746045
3940,7.304127476175893,0.007304127476175893
3941,18.565769561737035,0.018565769561737035
3942,19.088514657222365,0.019088514657222364
3943,60.830075697136486,0.060830075697136485
3944,17.78144640455428,0.017781446404554282
3945,88.17194232747705,0.08817194232747705
3946,20.976066061341314,0.020976066061341312
3947,9.113144542638263,0.009113144542638263
3948,87.57460163596468,0.08757460163596469
3949,29.5327576076733,0.0295327576076733
3950,42.54226298337358,0.04254226298337358
3951,95.90263840124423,0.09590263840124423
3952,94.43692191577739,0.09443692191577739
3953,71.49168892649178,0.07149168892649177
3954,6.893895173255471,0.006893895173255471
3955,59.33401254113975,0.05933401254113975
3956,98.90779350422578,0.09890779350422578
3957,94.69162284239805,0.09469162284239804
3958,10.600249251994287,0.010600249251994287
3959,39.596730309036865,0.03959673030903686
3960,31.553674590283933,0.03155367459028393
3961,12.972810690490554,0.012972810690490555
3962,69.47983112487609,0.06947983112487609
3963,27.384836436023676,0.027384836436023675
3964,34.48658031252978,0.03448658031252978
3965,9.035887670141795,0.009035887670141796
3966,49.79675587786656,0.04979675587786656
3967,15.816786365205648,0.015816786365205646
3968,43.20904235794891,0.04320904235794891
3969,14.33422221033015,0.01433422221033015
3970,95.38498899501458,0.09538498899501457
3971,14.49825331971426,0.014498253319714261
3972,52.188715385063325,0.052188715385063325
3973,19.69798253189875,0.01969798253189875
3974,7.6361803472609235,0.007636180347260923
3975,20.230861884209816,0.020230861884209816
3976,5.477410739043609,0.0054774107390436096
3977,13.939738312098882,0.013939738312098882
3978,49.348415776321694,0.049348415776321694
3979,65.18155210575742,0.06518155210575742
3980,8.733981507178346,0.008733981507178346
3981,44.10186239042685,0.04410186239042685
3982,58.1247022853352,0.05812470228533519
3983,23.42256762110615,0.02342256762110615
3984,37.20784115160254,0.037207841151602535
3985,7.183486973360864,0.007183486973360864
3986,22.013108023309492,0.022013108023309493
3987,46.675292591894,0.046675292591894
3988,99.04421789253223,0.09904421789253223
3989,99.62650629391334,0.09962650629391334
3990,97.9621681124288,0.0979621681124288
3991,42.30863863003276,0.04230863863003276
3992,8.068037841466502,0.008068037841466503
3993,32.35734372493335,0.03235734372493335
3994,23.77143753709773,0.02377143753709773
3995,1.4126574909854583,0.0014126574909854583
3996,9.52336102883754,0.00952336102883754
3997,45.31919350490661,0.04531919350490661
3998,33.9662463804297,0.0339662463804297
3999,18.035372163448304,0.018035372163448304
4000,71.60999706587471,0.0716099970658747
4001,35.71155958966186,0.03571155958966186
4002,85.18678557465444,0.08518678557465444
4003,24.097716026311733,0.024097716026311732
4004,53.839349008662474,0.053839349008662475
4005,18.413921714918246,0.018413921714918246
4006,49.5300616385842,0.0495300616385842
4007,15.24665089783862,0.01524665089783862
4008,16.157862437152193,0.016157862437152195
4009,61.22233770420157,0.061222337704201574
4010,26.378604217576672,0.026378604217576672
4011,17.236722656424732,0.017236722656424733
4012,92.97682501350731,0.0929768250135073
4013,4.300325074005107,0.0043003250740051065
4014,56.51481126958872,0.05651481126958872
4015,54.826384183326525,0.054826384183326526
4016,25.06088744030598,0.02506088744030598
4017,45.27717451128178,0.04527717451128178
4018,8.773778308263546,0.008773778308263546
4019,72.12701459238856,0.07212701459238856
4020,22.16971483768232,0.02216971483768232
4021,19.338535982655593,0.019338535982655593
4022,31.487847827750304,0.031487847827750305
4023,90.2369920263142,0.0902369920263142
4024,79.64666482835426,0.07964666482835427
4025,94.68922911337576,0.09468922911337575
4026,65.19623460330854,0.06519623460330853
4027,66.29215110320877,0.06629215110320877
4028,48.003099942621695,0.048003099942621696
4029,90.51863233669755,0.09051863233669755
4030,51.0877149270329,0.0510877149270329
4031,35.50600707950247,0.035506007079502466
4032,64.03750099176652,0.06403750099176653
4033,54.61394934009635,0.05461394934009635
4034,12.401981530989548,0.012401981530989549
4035,39.27254139124295,0.039272541391242956
4036,31.332541109447998,0.031332541109448
4037,84.68337750111317,0.08468337750111317
4038,37.88425569731088,0.037884255697310874
4039,82.15552326388926,0.08215552326388927
4040,44.23895939009456,0.044238959390094555
4041,75.350056344561,0.075350056344561
4042,13.528192851118991,0.013528192851118991
4043,92.46502196584623,0.09246502196584623
4044,48.05598907989182,0.04805598907989182
4045,25.97982456263064,0.02597982456263064
4046,24.148960636480687,0.024148960636480688
4047,26.50772885749719,0.026507728857497193
4048,36.67241729179677,0.036672417291796766
4049,71.75195326756167,0.07175195326756167
4050,94.96030429007935,0.09496030429007934
4051,66.90374301236321,0.06690374301236321
4052,54.71662709441007,0.054716627094410074
4053,44.85978080171347,0.04485978080171347
4054,82.81944670376164,0.08281944670376164
4055,84.96572024460698,0.08496572024460698
4056,29.30376744328186,0.02930376744328186
4057,95.342024865343,0.095342024865343
4058,39.51153632063821,0.03951153632063821
4059,80.00780691915278,0.08000780691915278
4060,96.68198780822334,0.09668198780822335
4061,70.36581008556112,0.07036581008556113
4062,16.155072645119372,0.01615507264511937
4063,58.61369551739308,0.05861369551739308
4064,11.877712309557841,0.011877712309557842
4065,78.91420398689263,0.07891420398689263
4066,28.131517387388293,0.028131517387388293
4067,69.52148230600186,0.06952148230600186
4068,91.00896741301989,0.09100896741301989
4069,18.100985067017238,0.01810098506701724
4070,39.28578386011667,0.03928578386011667
4071,64.71187880735663,0.06471187880735663
4072,41.96585928095011,0.04196585928095011
4073,17.481894162471523,0.017481894162471524
4074,2.9071614168797,0.0029071614168797
4075,40.65981437019629,0.040659814370196286
4076,64.92090265819203,0.06492090265819203
4077,57.39842081524886,0.05739842081524886
4078,15.624123976064242,0.015624123976064242
4079,45.06934438673866,0.045069344386738666
4080,36.94710461812528,0.03694710461812528
4081,27.42024022933999,0.02742024022933999
4082,72.92712438603893,0.07292712438603893
4083,30.965203002718432,0.030965203002718433
4084,54.01419523330292,0.05401419523330292
4085,92.32235352696165,0.09232235352696165
4086,53.92759822535824,0.05392759822535824
4087,61.70229101605608,0.06170229101605608
4088,7.32459861675514,0.00732459861675514
4089,17.813414374173632,0.017813414374173633
4090,10.095119929811347,0.010095119929811347
4091,76.48129483558401,0.07648129483558401
4092,83.59210809168424,0.08359210809168424
4093,18.645529319457765,0.018645529319457763
4094,21.927175092309103,0.0219271750923091
4095,32.32072894927829,0.03232072894927829
4096,59.107761695383545,0.059107761695383544
4097,62.17961938000195,0.06217961938000195
4098,68.67539585414576,0.06867539585414577
4099,90.51927562134627,0.09051927562134626
4100,29.504014049653815,0.029504014049653814
4101,65.87589892067757,0.06587589892067756
4102,55.972284577769216,0.05597228457776922
4103,30.58372404125671,0.03058372404125671
4104,90.74151865936734,0.09074151865936735
4105,9.54834119592175,0.009548341195921751
4106,71.20010268320515,0.07120010268320515
4107,72.7873713022602,0.07278737130226019
4108,91.53265276899616,0.09153265276899616
4109,51.85805923513536,0.05185805923513536
4110,32.16223382192459,0.03216223382192459
4111,82.77406698600205,0.08277406698600205
4112,77.08102818323927,0.07708102818323927
4113,50.031561441947034,0.05003156144194704
4114,76.7857375633811,0.0767857375633811
4115,26.78756020772608,0.02678756020772608
4116,58.95063304034679,0.058950633040346784
4117,86.51834547878755,0.08651834547878755
4118,31.79845046165125,0.03179845046165125
4119,48.35499824307432,0.04835499824307432
4120,95.10448541728894,0.09510448541728894
4121,79.82118419717366,0.07982118419717367
4122,88.70390203305527,0.08870390203305527
4123,38.524706089044635,0.03852470608904463
4124,99.65052596345588,0.09965052596345587
4125,15.256560468381297,0.015256560468381296
4126,51.8770583216309,0.0518770583216309
4127,47.92733822962494,0.04792733822962494
4128,79.84321908001345,0.07984321908001346
4129,90.8617772515012,0.0908617772515012
4130,73.11393769080597,0.07311393769080597
4131,62.68162361303028,0.06268162361303029
4132,42.74291908485037,0.042742919084850374
4133,51.03259170757342,0.05103259170757342
4134,50.930031322482186,0.05093003132248219
4135,2.0368473684377664,0.0020368473684377665
4136,50.30458048276777,0.05030458048276777
4137,85.59708001741248,0.08559708001741248
4138,70.92740111422482,0.07092740111422483
4139,79.57086221250049,0.07957086221250048
4140,39.048498976852095,0.03904849897685209
4141,52.8973236912958,0.0528973236912958
4142,3.3483568997100477,0.0033483568997100476
4143,38.29979421693436,0.03829979421693436
4144,47.4416044892644,0.0474416044892644
4145,25.520889959908168,0.02552088995990817
4146,3.1240978990649815,0.0031240978990649815
4147,69.04081087789521,0.06904081087789521
4148,43.50877508488432,0.04350877508488432
4149,41.56781931122342,0.041567819311223414
4150,24.99867540285089,0.02499867540285089
4151,53.78303989980171,0.05378303989980171
4152,43.80267812707315,0.04380267812707315
4153,47.3984473029091,0.0473984473029091
4154,58.0871348436382,0.0580871348436382
4155,0.6324647239735359,0.000632464723973536
4156,90.76959035384226,0.09076959035384226
4157,7.108739694508126,0.007108739694508126
4158,45.09247473159945,0.045092474731599455
4159,20.737287523938143,0.020737287523938143
4160,52.378236936987534,0.05237823693698753
4161,28.023010879713784,0.028023010879713785
4162,86.00064980626038,0.08600064980626039
4163,39.635983396242025,0.039635983396242025
4164,63.87555557684374,0.06387555557684374
4165,24.887972814787894,0.024887972814787895
4166,1.9406150494017504,0.0019406150494017504
4167,40.41545356132761,0.040415453561327606
4168,53.64864895582902,0.05364864895582902
4169,45.954715126175024,0.04595471512617502
4170,96.201436381886,0.096201436381886
4171,70.68391738460284,0.07068391738460283
4172,99.56698006253953,0.09956698006253953
4173,29.506009031397195,0.029506009031397194
4174,78.90532796071466,0.07890532796071466
4175,55.55584675466139,0.05555584675466139
4176,61.176035444849944,0.061176035444849945
4177,98.58532004423277,0.09858532004423277
4178,65.3987199751117,0.06539871997511171
4179,89.88168923369179,0.08988168923369179
4180,72.57502347192471,0.07257502347192471
4181,12.738612172475005,0.012738612172475005
4182,69.94237103223125,0.06994237103223125
4183,48.431558868548194,0.04843155886854819
4184,91.87979929823425,0.09187979929823424
4185,80.68344471904551,0.08068344471904551
4186,10.413468760722521,0.010413468760722522
4187,13.391564365355846,0.013391564365355846
4188,6.961100179860558,0.0069611001798605575
4189,49.32448747446174,0.04932448747446174
4190,8.077175920735302,0.008077175920735301
4191,72.3678336574694,0.0723678336574694
4192,55.235858145043274,0.055235858145043275
4193,83.58850175531424,0.08358850175531424
4194,27.97957886713163,0.02797957886713163
4195,51.91407841611407,0.051914078416114076
4196,11.747968591054436,0.011747968591054436
4197,88.46100026502805,0.08846100026502805
4198,17.50049622898383,0.017500496228983833
4199,10.236225135040499,0.0102362251350405
4200,20.50505985231833,0.02050505985231833
4201,80.62314887229815,0.08062314887229814
4202,10.58145276846828,0.01058145276846828
4203,61.44274948381659,0.06144274948381659
4204,74.61813006151257,0.07461813006151258
4205,75.10811604828712,0.07510811604828711
4206,19.006088660813113,0.019006088660813113
4207,6.1623998377612015,0.006162399837761201
4208,44.88063837722176,0.044880638377221754
4209,20.24853452445461,0.02024853452445461
4210,69.92708090139381,0.06992708090139381
4211,35.6692799655421,0.0356692799655421
4212,44.93539410331321,0.04493539410331321
4213,11.348493310171182,0.011348493310171183
4214,56.75502865481917,0.05675502865481917
4215,18.552418963190732,0.018552418963190733
4216,67.8985660914937,0.06789856609149371
4217,7.1168822547893695,0.00711688225478937
4218,97.58945922813234,0.09758945922813234
4219,68.45269785858117,0.06845269785858117
4220,18.172956781192617,0.018172956781192618
4221,1.4094645461855793,0.0014094645461855792
4222,33.44628922052188,0.033446289220521876
4223,15.28132640522074,0.01528132640522074
4224,21.841133311954597,0.021841133311954596
4225,87.27502584378894,0.08727502584378893
4226,60.32046600508495,0.06032046600508495
4227,17.64576530288995,0.01764576530288995
4228,55.66594006874488,0.05566594006874488
4229,25.578065342499322,0.02557806534249932
4230,97.62008643580891,0.09762008643580891
4231,3.275723026369526,0.003275723026369526
4232,73.2318422167815,0.0732318422167815
4233,77.29970261914274,0.07729970261914273
4234,6.716276395770027,0.006716276395770027
4235,17.18693642313516,0.01718693642313516
4236,38.43066591039575,0.038430665910395755
4237,86.81548265290678,0.08681548265290678
4238,53.69999384184994,0.05369999384184994
4239,65.53068500072905,0.06553068500072905
4240,78.30128354568427,0.07830128354568427
4241,82.81227883375199,0.08281227883375199
4242,47.628454308368106,0.0476284543083681
4243,50.87931387734813,0.050879313877348134
4244,71.80058570877794,0.07180058570877794
4245,26.33423587356264,0.02633423587356264
4246,85.44897363655244,0.08544897363655243
4247,2.078682447584157,0.002078682447584157
4248,19.577160220972466,0.019577160220972466
4249,80.01999430365032,0.08001999430365032
4250,34.025821189267226,0.034025821189267225
4251,14.983283269230597,0.014983283269230598
4252,18.675475571140332,0.018675475571140333
4253,53.07564019360696,0.05307564019360696
4254,84.61815293449878,0.08461815293449879
4255,7.065071577111059,0.007065071577111059
4256,3.0480909124649402,0.0030480909124649402
4257,46.51681358368431,0.04651681358368431
4258,95.61874150536347,0.09561874150536348
4259,27.90098034141264,0.02790098034141264
4260,95.91705390670484,0.09591705390670484
4261,88.76811765900014,0.08876811765900014
4262,28.313507638751112,0.028313507638751113
4263,81.69480642561467,0.08169480642561468
4264,68.58673025688188,0.06858673025688188
4265,51.182238890475716,0.05118223889047572
4266,42.29161430428747,0.04229161430428747
4267,81.55027559254567,0.08155027559254567
4268,79.30794326950212,0.07930794326950212
4269,75.69363359425591,0.07569363359425592
4270,99.82559512152959,0.09982559512152958
4271,47.85124609413839,0.04785124609413839
4272,80.69229778199158,0.08069229778199158
4273,86.24783669834784,0.08624783669834785
4274,21.160258145368395,0.021160258145368396
4275,4.206644205306098,0.004206644205306098
4276,40.47484021885796,0.040474840218857965
4277,85.6736684436776,0.0856736684436776
4278,28.910328119451023,0.028910328119451024
4279,70.00101540674241,0.07000101540674242
4280,0.7348139064262682,0.0007348139064262682
4281,35.53644323202377,0.03553644323202377
4282,61.55166947581512,0.06155166947581512
4283,12.975719007233689,0.01297571900723369
4284,89.6606912147434,0.08966069121474339
4285,15.627397711707925,0.015627397711707926
4286,90.97935450039947,0.09097935450039947
4287,21.638930868297468,0.02163893086829747
4288,99.42786739158407,0.09942786739158407
4289,60.474871329559086,0.06047487132955909
4290,8.434489443831128,0.008434489443831128
4291,6.527723447865985,0.006527723447865985
4292,7.492169625946876,0.007492169625946876
4293,58.989274729095186,0.05898927472909519
4294,80.95792023273852,0.08095792023273851
4295,40.29627417705057,0.04029627417705057
4296,44.483575928186184,0.044483575928186185
4297,58.9287703664628,0.0589287703664628
4298,53.30406047863557,0.05330406047863557
4299,68.80617331012702,0.06880617331012702
4300,47.17857201630265,0.047178572016302656
4301,71.38606850640676,0.07138606850640676
4302,99.73107425466341,0.09973107425466342
4303,35.029784224876494,0.035029784224876494
4304,1.2215462915350805,0.0012215462915350806
4305,12.562504555165477,0.012562504555165476
4306,55.35141849869538,0.05535141849869538
4307,34.4257787144652,0.0344257787144652
4308,93.99825937049926,0.09399825937049926
4309,62.744609010738294,0.06274460901073829
4310,52.035518596546794,0.052035518596546794
4311,79.80395012720187,0.07980395012720187
4312,25.858987104909513,0.02585898710490951
4313,81.97385402823598,0.08197385402823598
4314,0.3061104864092945,0.0003061104864092945
4315,61.96773621357177,0.06196773621357177
4316,93.4757151045779,0.0934757151045779
4317,78.785995203387,0.078785995203387
4318,85.36341921473594,0.08536341921473595
4319,39.69546951715005,0.03969546951715005
4320,82.42389461001262,0.08242389461001262
4321,55.08316650302666,0.05508316650302666
4322,61.85402365031989,0.06185402365031989
4323,5.891533933580351,0.005891533933580351
4324,20.155169717439215,0.020155169717439216
4325,55.096441551355255,0.055096441551355256
4326,5.880105782349765,0.005880105782349765
4327,74.14468065877132,0.07414468065877132
4328,84.00570085219016,0.08400570085219015
4329,92.03623612948049,0.09203623612948049
4330,10.176845917980593,0.010176845917980593
4331,93.97202480228,0.09397202480228001
4332,6.762000762929499,0.006762000762929499
4333,47.405621592781536,0.047405621592781534
4334,84.02510206278117,0.08402510206278117
4335,7.031113856445536,0.007031113856445536
4336,1.8231072988983632,0.0018231072988983631
4337,2.494771870665069,0.002494771870665069
4338,51.127023943603355,0.051127023943603356
4339,81.15967445966629,0.08115967445966629
4340,12.742667107259964,0.012742667107259964
4341,12.461025407954063,0.012461025407954063
4342,56.854685504979166,0.056854685504979165
4343,23.42956008119237,0.02342956008119237
4344,73.02137351448738,0.07302137351448738
4345,94.96353881767499,0.09496353881767498
4346,76.60334066004131,0.0766033406600413
4347,87.71753663789164,0.08771753663789164
4348,51.95860575716703,0.05195860575716703
4349,83.23193042175333,0.08323193042175334
4350,18.290318398668237,0.018290318398668237
4351,6.834789039562739,0.0068347890395627385
4352,65.5953110124686,0.0655953110124686
4353,5.1952503758055935,0.0051952503758055935
4354,89.24814191396806,0.08924814191396806
4355,69.15541471074185,0.06915541471074185
4356,95.2200725408912,0.0952200725408912
4357,31.388665631323565,0.031388665631323566
4358,48.61583092016208,0.048615830920162084
4359,74.1690365045119,0.0741690365045119
4360,24.277898546082056,0.024277898546082057
4361,54.18488201116669,0.05418488201116669
4362,65.94672750054781,0.06594672750054781
4363,97.88086544470413,0.09788086544470413
4364,74.47032942423849,0.07447032942423848
4365,11.8130850279074,0.0118130850279074
4366,47.53334513833103,0.04753334513833103
4367,58.87707829895721,0.058877078298957206
4368,14.662314286435274,0.014662314286435274
4369,43.19660569810784,0.04319660569810784
4370,28.4005816335823,0.0284005816335823
4371,11.882754226202596,0.011882754226202597
4372,51.20419334634545,0.05120419334634545
4373,16.56330810123454,0.01656330810123454
4374,59.05374085857233,0.05905374085857233
4375,16.969693224186543,0.016969693224186542
4376,72.3594923602821,0.07235949236028211
4377,19.524162302967042,0.01952416230296704
4378,89.62851007761495,0.08962851007761495
4379,2.620935654880885,0.0026209356548808848
4380,52.1997387045736,0.052199738704573596
4381,32.01047658865469,0.03201047658865469
4382,22.50765257745908,0.02250765257745908
4383,47.1602779165148,0.0471602779165148
4384,84.20195363242607,0.08420195363242607
4385,91.52772055266487,0.09152772055266488
4386,30.324861814784576,0.030324861814784575
4387,15.424362209507125,0.015424362209507126
4388,72.01404475663072,0.07201404475663073
4389,58.19987254559883,0.05819987254559883
4390,20.10161486775599,0.020101614867755992
4391,76.02957880874366,0.07602957880874367
4392,51.89304352421411,0.05189304352421411
4393,65.33951995074075,0.06533951995074075
4394,35.93390339633887,0.03593390339633887
4395,43.9097561302376,0.0439097561302376
4396,18.03420983749422,0.01803420983749422
4397,75.6515867645341,0.0756515867645341
4398,15.701132415179186,0.015701132415179186
4399,77.83025947510613,0.07783025947510613
4400,79.8007854884586,0.0798007854884586
4401,74.66009640551216,0.07466009640551216
4402,1.9422788058740426,0.0019422788058740426
4403,27.313321260667355,0.027313321260667354
4404,46.83377427918137,0.04683377427918137
4405,59.554437871679575,0.05955443787167958
4406,91.92220993690502,0.09192220993690502
4407,37.56059721287023,0.03756059721287023
4408,87.5023318773954,0.08750233187739541
4409,16.342928813683656,0.016342928813683655
4410,37.128048750862696,0.037128048750862695
4411,5.2282010821322995,0.005228201082132299
4412,74.24892910556223,0.07424892910556223
4413,15.065275743291295,0.015065275743291294
4414,25.702001564845776,0.025702001564845776
4415,77.52332521932148,0.07752332521932148
4416,53.471671742271,0.053471671742271
4417,1.3972719418462565,0.0013972719418462564
4418,0.22352047473971348,0.00022352047473971347
4419,51.066063173989704,0.051066063173989706
4420,30.495551374919483,0.030495551374919484
4421,18.031144599517713,0.018031144599517712
4422,61.359393771611096,0.06135939377161109
4423,22.84364717174271,0.02284364717174271
4424,59.22071496849479,0.05922071496849479
4425,37.926595058627285,0.037926595058627284
4426,18.674621766978973,0.018674621766978972
4427,13.810473786874866,0.013810473786874866
4428,23.686060312728806,0.023686060312728806
4429,2.983210801298508,0.002983210801298508
4430,30.812696203626842,0.03081269620362684
4431,90.19546901817942,0.09019546901817942
4432,83.13621258830283,0.08313621258830282
4433,37.200375671965894,0.03720037567196589
4434,57.58336185818038,0.05758336185818038
4435,56.73605590140585,0.056736055901405846
4436,82.87375391937123,0.08287375391937123
4437,23.629010151696562,0.02362901015169656
4438,29.638748879301236,0.029638748879301235
4439,30.17854337456115,0.03017854337456115
4440,4.086998977167433,0.004086998977167433
4441,31.46878632891922,0.03146878632891922
4442,87.7913776588007,0.0877913776588007
4443,91.1987647571481,0.0911987647571481
4444,10.96353457685504,0.01096353457685504
4445,45.80585416184314,0.04580585416184314
4446,38.13489015876391,0.03813489015876391
4447,48.93591966233879,0.04893591966233879
4448,55.47195240586772,0.05547195240586772
4449,2.025876001774607,0.0020258760017746067
4450,84.22422479211608,0.08422422479211608
4451,97.36640731733385,0.09736640731733386
4452,65.34048120036424,0.06534048120036423
4453,66.04522384933692,0.06604522384933692
4454,52.79798578307084,0.05279798578307084
4455,33.42734117143817,0.033427341171438175
4456,14.89778241795211,0.01489778241795211
4457,58.40633426960507,0.05840633426960507
4458,4.494140350920706,0.0044941403509207055
4459,82.45025676918739,0.0824502567691874
4460,42.091169947061545,0.042091169947061545
4461,41.47542241619748,0.041475422416197484
4462,32.717085847590575,0.032717085847590574
4463,96.93538886985864,0.09693538886985864
4464,17.491695277071884,0.017491695277071884
4465,15.130782147521115,0.015130782147521116
4466,16.553150154503015,0.016553150154503014
4467,65.8527482850764,0.0658527482850764
4468,99.18953187295983,0.09918953187295983
4469,23.54751704017547,0.02354751704017547
4470,90.56173970674878,0.09056173970674879
4471,27.861655920817242,0.02786165592081724
4472,64.78999201253002,0.06478999201253002
4473,4.049895193336772,0.0040498951933367715
4474,49.5653974576189,0.0495653974576189
4475,65.45699662789818,0.06545699662789818
4476,53.63197772226286,0.05363197772226286
4477,23.78353848817911,0.02378353848817911
4478,82.84969482679155,0.08284969482679155
4479,97.01365112382403,0.09701365112382403
4480,45.91960956920653,0.04591960956920653
4481,63.59192651892537,0.06359192651892537
4482,79.04132683455725,0.07904132683455725
4483,24.1489060621794,0.0241489060621794
4484,86.44503819287854,0.08644503819287855
4485,28.020090530999752,0.028020090530999752
4486,77.58308035152388,0.07758308035152388
4487,11.209923242642205,0.011209923242642205
4488,28.83867034141697,0.02883867034141697
4489,53.36199339398677,0.05336199339398677
4490,52.49220957043151,0.05249220957043151
4491,85.04311844863662,0.08504311844863661
4492,99.61272576386072,0.09961272576386072
4493,10.721084586014062,0.01072108458601406
4494,27.138813282503705,0.027138813282503706
4495,35.759821022307584,0.035759821022307584
4496,47.891840781000504,0.047891840781000505
4497,49.390974315439905,0.04939097431543991
4498,85.61950631484166,0.08561950631484166
4499,77.05593027850998,0.07705593027850997
4500,1.8851579037953314,0.0018851579037953315
4501,45.50217605831879,0.045502176058318786
4502,61.80738382440888,0.06180738382440888
4503,46.03955870930234,0.04603955870930234
4504,13.064525602570232,0.013064525602570232
4505,39.74740836906482,0.03974740836906482
4506,41.16556951297361,0.041165569512973614
4507,18.771592244975878,0.018771592244975877
4508,75.63071144709535,0.07563071144709535
4509,32.14006801424768,0.03214006801424768
4510,58.89872905686162,0.058898729056861616
4511,51.573018095876755,0.051573018095876756
4512,87.74270792163887,0.08774270792163887
4513,12.201493186283818,0.012201493186283817
4514,11.426300825346015,0.011426300825346016
4515,30.031966912301577,0.030031966912301578
4516,43.1214968125835,0.0431214968125835
4517,29.85422487521395,0.029854224875213952
4518,76.31870823952438,0.07631870823952439
4519,24.526584310929966,0.024526584310929966
4520,8.477474277224474,0.008477474277224473
4521,41.37998098841476,0.041379980988414757
4522,77.33792881384841,0.0773379288138484
4523,85.05619435867413,0.08505619435867413
4524,73.33448483633508,0.07333448483633508
4525,55.7886678499744,0.055788667849974403
4526,72.41917017491767,0.07241917017491767
4527,68.13895353038613,0.06813895353038613
4528,23.436663249506083,0.023436663249506082
4529,55.075889220319375,0.05507588922031938
4530,77.0609332638432,0.0770609332638432
4531,31.71206618751382,0.03171206618751382
4532,65.39731467169314,0.06539731467169314
4533,48.14804275187985,0.04814804275187985
4534,50.315885094502,0.050315885094502
4535,9.005503778215973,0.009005503778215972
4536,66.62171653053798,0.06662171653053799
4537,86.568703535452,0.086568703535452
4538,14.14312880258628,0.014143128802586278
4539,36.61056622164494,0.036610566221644936
4540,4.866745484083501,0.004866745484083501
4541,2.9631885976391104,0.0029631885976391104
4542,98.96584966717438,0.09896584966717438
4543,49.34715083063846,0.04934715083063846
4544,35.551901863524634,0.03555190186352463
4545,27.487707662501894,0.027487707662501894
4546,98.00126449449591,0.09800126449449591
4547,25.225078552168366,0.025225078552168365
4548,72.57083957377432,0.07257083957377432
4549,28.37580958059338,0.02837580958059338
4550,7.048950535691912,0.007048950535691912
4551,68.32766145179413,0.06832766145179413
4552,0.16308476298648733,0.00016308476298648733
4553,67.57485115605695,0.06757485115605695
4554,25.037659898982312,0.025037659898982313
4555,74.61042320715012,0.07461042320715013
4556,76.97501673506494,0.07697501673506495
4557,72.4107238817538,0.07241072388175379
4558,2.448344146761039,0.002448344146761039
4559,70.37366196437685,0.07037366196437685
4560,99.01456140557632,0.09901456140557631
4561,24.262536852562288,0.02426253685256229
4562,27.423857222533854,0.027423857222533855
4563,81.35265495805395,0.08135265495805395
4564,16.039680505608057,0.016039680505608056
4565,66.05836755045516,0.06605836755045516
4566,75.50263775005784,0.07550263775005785
4567,3.7160661819357177,0.003716066181935718
4568,55.376209426522614,0.05537620942652261
4569,57.58772585358829,0.05758772585358829
4570,30.34428973917942,0.03034428973917942
4571,87.63446693975172,0.08763446693975172
4572,16.27497192998564,0.01627497192998564
4573,36.41947095058605,0.03641947095058605
4574,84.86686871473293,0.08486686871473294
4575,19.06427566059925,0.01906427566059925
4576,82.1374136327675,0.08213741363276751
4577,7.906917736795571,0.007906917736795572
4578,48.922906718999,0.048922906718999
4579,7.533066244570341,0.00753306624457034
4580,67.79035850615142,0.06779035850615142
4581,79.06014890556003,0.07906014890556003
4582,84.98585482468029,0.08498585482468028
4583,98.12622507439887,0.09812622507439887
4584,67.20157222995869,0.06720157222995869
4585,76.90619138400203,0.07690619138400202
4586,50.57582783213294,0.050575827832132936
4587,91.27369011811261,0.09127369011811261
4588,64.37583821994626,0.06437583821994626
4589,88.35514062513434,0.08835514062513435
4590,23.545201701388084,0.023545201701388085
4591,49.67377807180643,0.04967377807180643
4592,72.9818921063804,0.0729818921063804
4593,20.272175456268325,0.020272175456268325
4594,21.133979326197828,0.021133979326197826
4595,97.80427404056374,0.09780427404056374
4596,43.46103607372061,0.04346103607372061
4597,18.181545292377166,0.018181545292377164
4598,33.1463881981506,0.033146388198150606
4599,39.73761482659256,0.03973761482659256
4600,62.30852574702212,0.062308525747022114
4601,92.30146590477524,0.09230146590477524
4602,98.65900759220911,0.09865900759220911
4603,65.16987589111125,0.06516987589111124
4604,69.99223607977247,0.06999223607977247
4605,32.182916969658905,0.03218291696965891
4606,85.7158595448749,0.0857158595448749
4607,21.77983352203149,0.02177983352203149
4608,10.638064931096757,0.010638064931096756
4609,97.32559900976509,0.09732559900976509
4610,86.41386768205322,0.08641386768205322
4611,30.364513453813334,0.030364513453813333
4612,67.51707163810492,0.06751707163810493
4613,46.701835741319954,0.046701835741319954
4614,32.312820614547086,0.032312820614547086
4615,28.677421076029486,0.028677421076029486
4616,13.60274452209065,0.01360274452209065
4617,54.93180822758392,0.05493180822758392
4618,44.65966901175078,0.04465966901175078
4619,51.218642029994434,0.05121864202999443
4620,21.535716747940448,0.02153571674794045
4621,93.86106707732476,0.09386106707732476
4622,63.85911963305415,0.06385911963305414
4623,89.96006573833368,0.08996006573833368
4624,10.927116603275543,0.010927116603275543
4625,62.28509658561748,0.06228509658561748
4626,84.94618186441612,0.08494618186441612
4627,33.092077981446664,0.033092077981446665
4628,19.51431691359864,0.01951431691359864
4629,26.502130580561968,0.02650213058056197
4630,27.2933726749799,0.027293372674979898
4631,44.71989649235352,0.04471989649235352
4632,32.59636027793316,0.03259636027793316
4633,27.127407270799132,0.027127407270799132
4634,64.8512298405138,0.0648512298405138
4635,5.3032371671884455,0.005303237167188445
4636,34.036377813973,0.034036377813973
4637,68.97519659404749,0.0689751965940475
4638,17.584974928100593,0.017584974928100593
4639,22.092786221291238,0.02209278622129124
4640,20.06666254129175,0.02006666254129175
4641,0.09261067314049187,9.261067314049187e-05
4642,47.37677518315727,0.04737677518315727
4643,3.8958789416123185,0.0038958789416123187
4644,27.29398117749001,0.02729398117749001
4645,99.48034245919716,0.09948034245919717
4646,91.83962113902999,0.09183962113902999
4647,21.50758081563342,0.02150758081563342
4648,31.000243191393274,0.031000243191393273
4649,46.37045822685515,0.04637045822685515
4650,84.44135466592435,0.08444135466592435
4651,80.26459413930911,0.08026459413930911
4652,12.624143656628217,0.012624143656628216
4653,12.444884834835213,0.012444884834835213
4654,41.673225389404465,0.04167322538940446
4655,87.0095389613772,0.0870095389613772
4656,88.20849990955023,0.08820849990955022
4657,10.736584968653018,0.010736584968653018
4658,57.42972879655516,0.05742972879655516
4659,15.567519712511292,0.015567519712511291
4660,68.61293100027828,0.06861293100027828
4661,91.64332479289065,0.09164332479289065
4662,45.47692924755936,0.04547692924755936
4663,8.30827746920515,0.00830827746920515
4664,57.92541958945455,0.057925419589454546
4665,40.85166701358547,0.04085166701358547
4666,81.08987523339603,0.08108987523339603
4667,34.03444639263877,0.03403444639263877
4668,87.48972004725893,0.08748972004725893
4669,27.370040763478485,0.027370040763478484
4670,15.751763588868595,0.015751763588868595
4671,30.64803773185799,0.03064803773185799
4672,3.491579182274651,0.003491579182274651
4673,28.12459668742413,0.02812459668742413
4674,66.01176338820306,0.06601176338820307
4675,14.228297855659234,0.014228297855659234
4676,11.136497278658798,0.011136497278658798
4677,13.23852912543504,0.01323852912543504
4678,7.755167426146636,0.0077551674261466365
4679,87.46354118429396,0.08746354118429396
4680,94.41151154965281,0.09441151154965281
4681,4.656115172878628,0.004656115172878628
4682,76.00717815435402,0.07600717815435402
4683,73.71517467171978,0.07371517467171979
4684,99.69094246100404,0.09969094246100405
4685,34.78706617210682,0.03478706617210682
4686,28.55089916904162,0.028550899169041622
4687,45.30821208098273,0.04530821208098273
4688,85.65751771491905,0.08565751771491906
4689,72.85936425378988,0.07285936425378987
4690,47.16238139675028,0.047162381396750275
4691,24.45628432858732,0.02445628432858732
4692,72.70157412683712,0.07270157412683712
4693,85.45268680421961,0.08545268680421961
4694,39.995123106749084,0.03999512310674908
4695,66.85854458209842,0.06685854458209842
4696,40.02120211765982,0.04002120211765982
4697,47.84934381414848,0.04784934381414848
4698,52.49103799549136,0.05249103799549136
4699,77.5725814022278,0.0775725814022278
4700,97.75059841289311,0.09775059841289312
4701,44.43661626382324,0.04443661626382324
4702,34.23150062476059,0.034231500624760595
4703,37.35910064723913,0.03735910064723913
4704,13.388906937518163,0.013388906937518163
4705,29.69387378177227,0.02969387378177227
4706,8.644741326880624,0.008644741326880624
4707,42.789426317924715,0.04278942631792471
4708,16.73572693110489,0.01673572693110489
4709,34.64067459744087,0.03464067459744087
4710,79.35777493916063,0.07935777493916063
4711,24.592765058913603,0.024592765058913602
4712,61.1894621342069,0.061189462134206896
4713,90.11814192486128,0.09011814192486128
4714,56.692918702954685,0.05669291870295468
4715,19.379261277241266,0.019379261277241266
4716,34.47661939659543,0.03447661939659543
4717,59.036920718406606,0.059036920718406605
4718,50.66111397598535,0.05066111397598535
4719,14.861983627690378,0.014861983627690378
4720,44.67963446905689,0.04467963446905689
4721,54.30666949102484,0.05430666949102484
4722,26.733271445757246,0.026733271445757247
4723,61.244551533985195,0.0612445515339852
4724,7.016009948520985,0.007016009948520985
4725,33.66070335655168,0.03366070335655168
4726,80.42768327775744,0.08042768327775744
4727,25.92848009081554,0.02592848009081554
4728,60.51768500030782,0.060517685000307825
4729,41.002971371031194,0.04100297137103119
4730,31.64601424152468,0.031646014241524675
4731,91.61316879100269,0.09161316879100269
4732,34.32617180803835,0.034326171808038354
4733,23.667590148701834,0.023667590148701834
4734,90.93013156402705,0.09093013156402704
4735,74.5944355935815,0.07459443559358149
4736,68.17997136981974,0.06817997136981974
4737,4.953494206687581,0.004953494206687581
4738,13.12049607157758,0.013120496071577581
4739,63.83399638096628,0.06383399638096629
4740,20.94328365262602,0.020943283652626023
4741,22.56379856303591,0.02256379856303591
4742,77.91385153436107,0.07791385153436108
4743,28.592494883694265,0.028592494883694263
4744,7.1587302151916,0.0071587302151916
4745,3.64319473098611,0.00364319473098611
4746,44.31779872452878,0.044317798724528776
4747,61.7128577684646,0.0617128577684646
4748,86.8885233391803,0.08688852333918029
4749,11.080439503263928,0.011080439503263928
4750,19.66728262882963,0.01966728262882963
4751,52.980061090747114,0.05298006109074711
4752,36.41083622419751,0.03641083622419751
4753,48.25374512454946,0.04825374512454946
4754,92.41246489842155,0.09241246489842155
4755,54.48916538646872,0.05448916538646872
4756,41.512061061207596,0.0415120610612076
4757,98.94399066997448,0.09894399066997449
4758,6.521566989953631,0.006521566989953631
4759,93.2113448371172,0.0932113448371172
4760,50.1661842065483,0.0501661842065483
4761,50.37563377671381,0.050375633776713814
4762,92.19643342032093,0.09219643342032093
4763,50.73239795930695,0.05073239795930695
4764,43.84070905301488,0.04384070905301488
4765,27.2488592117199,0.0272488592117199
4766,65.88167668174208,0.06588167668174208
4767,56.964509097976155,0.05696450909797615
4768,21.434543694778306,0.021434543694778305
4769,70.94129150613247,0.07094129150613247
4770,64.40868573366404,0.06440868573366404
4771,39.73338842065408,0.03973338842065408
4772,0.440092190355057,0.00044009219035505697
4773,44.65811501761877,0.044658115017618766
4774,0.6058117130251728,0.0006058117130251728
4775,7.499848929903985,0.007499848929903985
4776,43.06099024808341,0.04306099024808341
4777,8.19198841853277,0.00819198841853277
4778,27.566543378716624,0.027566543378716623
4779,65.54913685589683,0.06554913685589683
4780,30.8615342609419,0.030861534260941903
4781,99.76485941215104,0.09976485941215105
4782,91.63020339149811,0.09163020339149812
4783,58.53099045855237,0.05853099045855237
4784,96.69471386349304,0.09669471386349303
4785,86.80172944325221,0.0868017294432522
4786,31.889851884048703,0.031889851884048706
4787,74.95962459853094,0.07495962459853094
4788,13.683178400394736,0.013683178400394735
4789,68.4551424378741,0.06845514243787411
4790,49.108182649458044,0.04910818264945804
4791,1.6825939252824718,0.0016825939252824718
4792,27.422982239037076,0.027422982239037077
4793,95.53822174042486,0.09553822174042485
4794,31.58314850884807,0.031583148508848066
4795,18.145445530144066,0.018145445530144067
4796,18.753144657220833,0.018753144657220833
4797,47.921326464194905,0.047921326464194905
4798,84.2649240670535,0.08426492406705349
4799,75.80017651333465,0.07580017651333465
4800,43.68520075377743,0.04368520075377743
4801,20.872688343696055,0.020872688343696055
4802,4.606490010219111,0.004606490010219111
4803,46.2630319482731,0.0462630319482731
4804,81.47753485181917,0.08147753485181917
4805,72.96819935943137,0.07296819935943137
4806,40.86007676272503,0.04086007676272503
4807,59.47026719176003,0.05947026719176003
4808,43.624652094621766,0.04362465209462177
4809,57.90161097901778,0.05790161097901778
4810,51.75052443935492,0.05175052443935492
4811,68.0966600125159,0.0680966600125159
4812,50.7708843533124,0.050770884353312395
4813,94.06109981675586,0.09406109981675585
4814,42.80281815816862,0.042802818158168617
4815,1.5916303039710922,0.0015916303039710921
4816,23.637353540898452,0.02363735354089845
4817,50.060685810665596,0.0500606858106656
4818,54.0571851888662,0.0540571851888662
4819,55.23847893120535,0.05523847893120535
4820,71.45520982700822,0.07145520982700822
4821,27.46481426175279,0.02746481426175279
4822,66.49036790414772,0.06649036790414772
4823,70.40322731192128,0.07040322731192128
4824,41.12807526208263,0.04112807526208263
4825,40.216909914632204,0.040216909914632205
4826,17.892478565644975,0.017892478565644975
4827,41.39873762553737,0.04139873762553737
4828,78.68162917070124,0.07868162917070125
4829,90.89730055498839,0.09089730055498839
4830,59.36131913179654,0.05936131913179654
4831,29.93703433542988,0.02993703433542988
4832,68.22897186597314,0.06822897186597314
4833,74.01462086960039,0.0740146208696004
4834,33.22127787806623,0.03322127787806623
4835,82.65478614895467,0.08265478614895468
4836,7.369583213834008,0.007369583213834008
4837,1.0753717600025525,0.0010753717600025525
4838,12.297077263205258,0.012297077263205258
4839,15.600834782750972,0.015600834782750973
4840,87.89290329477213,0.08789290329477213
4841,42.49817022212808,0.04249817022212808
4842,27.49316919703817,0.027493169197038172
4843,42.907511598681936,0.04290751159868193
4844,39.48408927006323,0.03948408927006323
4845,30.146166798801698,0.030146166798801697
4846,13.789958241196532,0.013789958241196531
4847,65.59154619738806,0.06559154619738805
4848,13.660440277965535,0.013660440277965534
4849,77.54244526726744,0.07754244526726745
4850,20.16880132804536,0.020168801328045362
4851,73.13713071333116,0.07313713071333117
4852,80.5586105695467,0.0805586105695467
4853,12.532600977445075,0.012532600977445074
4854,8.674576828800406,0.008674576828800407
4855,94.95727706536599,0.09495727706536598
4856,46.30468067525807,0.04630468067525807
4857,63.02354949729884,0.06302354949729884
4858,2.3260440121767756,0.0023260440121767754
4859,27.87101805563399,0.027871018055633988
4860,50.53976545593862,0.05053976545593862
4861,88.6218313389404,0.0886218313389404
4862,27.143941756437627,0.027143941756437626
4863,77.51913198587197,0.07751913198587196
4864,66.22129282587018,0.06622129282587018
4865,11.527076780574497,0.011527076780574496
4866,29.337517279199655,0.029337517279199657
4867,23.786403643861973,0.023786403643861972
4868,44.25275875732855,0.04425275875732855
4869,63.53342430475843,0.06353342430475843
4870,43.34197555085066,0.04334197555085066
4871,24.4536575751806,0.0244536575751806
4872,69.58787682282754,0.06958787682282754
4873,58.447109471148984,0.058447109471148985
4874,51.931390741569196,0.051931390741569196
4875,55.44195974459784,0.05544195974459784
4876,22.190064629382356,0.022190064629382354
4877,68.04310610924563,0.06804310610924563
4878,38.75005355387683,0.03875005355387683
4879,36.34678197300196,0.03634678197300196
4880,14.973420826677053,0.014973420826677053
4881,59.68373345504464,0.05968373345504464
4882,60.266441054650656,0.060266441054650656
4883,34.03006436665284,0.03403006436665284
4884,85.98500568655341,0.0859850056865534
4885,84.54578987154284,0.08454578987154283
4886,10.905430648243131,0.010905430648243132
4887,69.50383878099183,0.06950383878099183
4888,39.38347561850223,0.03938347561850223
4889,99.97148510628928,0.09997148510628928
4890,22.50236296846524,0.02250236296846524
4891,28.052420541448942,0.028052420541448943
4892,44.21062945557275,0.04421062945557275
4893,26.871514868066313,0.026871514868066312
4894,69.19933663865142,0.06919933663865142
4895,48.090811218148055,0.04809081121814805
4896,22.08788348495402,0.02208788348495402
4897,50.63740694865626,0.05063740694865626
4898,88.87877663650384,0.08887877663650384
4899,79.23956468500528,0.07923956468500527
4900,49.882892442682106,0.049882892442682104
4901,28.84926031419477,0.02884926031419477
4902,17.988646470252778,0.017988646470252778
4903,87.83828771868954,0.08783828771868954
4904,71.01669404986963,0.07101669404986963
4905,57.216330314745846,0.05721633031474584
4906,87.94346459536683,0.08794346459536684
4907,12.169028737408949,0.012169028737408948
4908,68.24892860020682,0.06824892860020683
4909,21.6712312413232,0.0216712312413232
4910,12.0577441015987,0.0120577441015987
4911,46.56085100069332,0.04656085100069332
4912,38.739292976435365,0.038739292976435365
4913,94.11736093251855,0.09411736093251855
4914,32.39795467518164,0.03239795467518164
4915,81.49022590520025,0.08149022590520025
4916,74.88270004683447,0.07488270004683448
4917,66.79238700585363,0.06679238700585363
4918,92.04004729600595,0.09204004729600596
4919,40.79245943813421,0.040792459438134206
4920,38.96711859828657,0.03896711859828657
4921,16.09474235815094,0.016094742358150938
4922,27.576207549506915,0.027576207549506914
4923,87.97764560608708,0.08797764560608708
4924,47.4382132911368,0.047438213291136795
4925,34.135332219071046,0.03413533221907104
4926,21.61120550821711,0.021611205508217112
4927,48.4960250243615,0.048496025024361504
4928,71.66653704645289,0.07166653704645289
4929,28.669202545707538,0.02866920254570754
4930,75.77165208126542,0.07577165208126542
4931,62.97877747249184,0.06297877747249184
4932,78.75625625397042,0.07875625625397042
4933,25.09096288749123,0.02509096288749123
4934,63.102814473304534,0.06310281447330453
4935,15.373527948884192,0.015373527948884191
4936,36.37969821646367,0.036379698216463675
4937,72.43600948428013,0.07243600948428014
4938,63.166838557993586,0.06316683855799358
4939,18.786072533752197,0.018786072533752196
4940,85.83426720925291,0.08583426720925291
4941,5.335098234518187,0.005335098234518188
4942,59.52156885166495,0.05952156885166495
4943,98.38205002316063,0.09838205002316062
4944,53.15047318427486,0.053150473184274856
4945,80.06718199594206,0.08006718199594207
4946,59.518097318910215,0.05951809731891022
4947,78.30883149229926,0.07830883149229927
4948,65.55941353552872,0.06555941353552872
4949,69.11320145375286,0.06911320145375287
4950,22.781115108638406,0.022781115108638405
4951,74.18209135729177,0.07418209135729177
4952,23.790988666433076,0.023790988666433078
4953,98.06402751425881,0.09806402751425881
4954,22.77871909612047,0.02277871909612047
4955,23.668400359765627,0.023668400359765626
4956,85.86731204838641,0.08586731204838641
4957,24.298586196281914,0.024298586196281915
4958,36.090279349128295,0.03609027934912829
4959,71.4640161179027,0.0714640161179027
4960,15.874858019476324,0.015874858019476325
4961,15.907175482750224,0.015907175482750224
4962,48.635842326661894,0.0486358423266619
4963,24.369675423272685,0.024369675423272685
4964,23.565795556903357,0.023565795556903357
4965,0.923892141851268,0.000923892141851268
4966,37.0449591197948,0.037044959119794794
4967,31.825055461840325,0.03182505546184033
4968,3.1155810826670405,0.0031155810826670404
4969,62.123317821366356,0.062123317821366354
4970,62.6655182003354,0.0626655182003354
4971,7.0800471773658895,0.007080047177365889
4972,31.704156290945306,0.03170415629094531
4973,87.28055319953978,0.08728055319953978
4974,58.216706824457845,0.05821670682445784
4975,41.19747240119879,0.04119747240119879
4976,46.510192846409595,0.046510192846409594
4977,20.827999443580513,0.020827999443580512
4978,81.1881500707928,0.0811881500707928
4979,91.40047054509675,0.09140047054509676
4980,91.06640422500436,0.09106640422500437
4981,22.393439169229968,0.022393439169229968
4982,31.07402677764569,0.031074026777645692
4983,16.06227748095368,0.01606227748095368
4984,30.720113363231317,0.030720113363231317
4985,33.28053721226003,0.03328053721226003
4986,63.31057370646354,0.06331057370646355
4987,18.964638154812462,0.018964638154812464
4988,91.93969243677435,0.09193969243677436
4989,10.309947008530996,0.010309947008530995
4990,0.6878011034333054,0.0006878011034333054
4991,85.49451286305332,0.08549451286305332
4992,70.37698077660497,0.07037698077660497
4993,35.535987035599845,0.03553598703559985
4994,59.5499705910118,0.0595499705910118
4995,22.354410083923337,0.02235441008392334
4996,16.838964864537598,0.0168389648645376
4997,47.11491351387228,0.04711491351387228
4998,35.31878297209609,0.03531878297209609
4999,61.52300505352921,0.06152300505352921
5000,21.81491845610315,0.02181491845610315
5001,66.29277005606187,0.06629277005606186
5002,76.68615203028132,0.07668615203028133
5003,16.663614302847442,0.016663614302847442
5004,4.385828341791598,0.004385828341791598
5005,43.958737530133874,0.04395873753013387
5006,77.40240859924371,0.07740240859924372
5007,65.07798355741427,0.06507798355741427
5008,70.18817204145913,0.07018817204145912
5009,40.28393399933684,0.040283933999336836
5010,23.494554525306988,0.02349455452530699
5011,53.17788432846095,0.05317788432846095
5012,20.43656937491969,0.020436569374919687
5013,72.62286969850658,0.07262286969850658
5014,19.696645595947704,0.019696645595947703
5015,29.126326671434143,0.029126326671434142
5016,50.654477832300536,0.05065447783230054
5017,48.670993414349496,0.048670993414349495
5018,60.08493764070294,0.06008493764070294
5019,43.744460049991694,0.0437444600499917
5020,91.94733085100914,0.09194733085100915
5021,83.99340941971883,0.08399340941971883
5022,87.91134512366384,0.08791134512366383
5023,62.951657140343755,0.06295165714034376
5024,63.50079158608064,0.06350079158608064
5025,60.919868371594866,0.06091986837159487
5026,43.48841544214562,0.04348841544214562
5027,32.21060010672626,0.03221060010672626
5028,59.20028874488703,0.05920028874488703
5029,2.553183713845031,0.002553183713845031
5030,0.7456431423803034,0.0007456431423803033
5031,85.16418262967485,0.08516418262967486
5032,4.642404477762218,0.004642404477762218
5033,52.479515033341805,0.052479515033341806
5034,61.49877629496451,0.06149877629496451
5035,19.81712296224356,0.01981712296224356
5036,89.57308382651483,0.08957308382651483
5037,19.0095771748375,0.0190095771748375
5038,88.45149873666746,0.08845149873666747
5039,76.29902693330351,0.07629902693330351
5040,24.074295352419394,0.024074295352419395
5041,15.074416627609356,0.015074416627609355
5042,31.623271018623512,0.031623271018623514
5043,39.79505662702747,0.039795056627027474
5044,24.578467649892342,0.02457846764989234
5045,99.88915487544232,0.09988915487544231
5046,22.965233623958103,0.022965233623958102
5047,83.0634826982857,0.0830634826982857
5048,15.911774709047277,0.015911774709047276
5049,98.02446252759475,0.09802446252759475
5050,22.552345828308486,0.022552345828308486
5051,42.16885547835923,0.042168855478359225
5052,55.85640667679065,0.05585640667679065
5053,12.028571515609332,0.012028571515609333
5054,81.68200674791012,0.08168200674791012
5055,27.468553268082985,0.027468553268082986
5056,54.926990160166376,0.054926990160166375
5057,54.96338106932469,0.05496338106932469
5058,60.2640652325785,0.060264065232578504
5059,5.548598652431469,0.005548598652431469
5060,16.861876183156788,0.01686187618315679
5061,16.11922429233642,0.01611922429233642
5062,30.205125941585187,0.030205125941585188
5063,14.491415685833985,0.014491415685833986
5064,92.19213207742897,0.09219213207742896
5065,51.29544505113007,0.051295445051130074
5066,62.35751477026844,0.062357514770268435
5067,35.74881753981208,0.03574881753981208
5068,27.624614103391153,0.027624614103391152
5069,50.3177170232213,0.0503177170232213
5070,29.43229748348336,0.02943229748348336
5071,34.36459257297643,0.03436459257297643
5072,45.275087427085715,0.04527508742708571
5073,50.57336871843555,0.050573368718435555
5074,98.43140117818388,0.09843140117818387
5075,22.33225881619405,0.022332258816194047
5076,48.797616488264715,0.048797616488264715
5077,14.951173948933894,0.014951173948933893
5078,34.99992327079726,0.03499992327079726
5079,71.73107187064043,0.07173107187064043
5080,17.446214376057455,0.017446214376057454
5081,58.13513075500432,0.058135130755004316
5082,41.67010235680072,0.04167010235680072
5083,5.157954440447298,0.005157954440447299
5084,93.30752414784446,0.09330752414784446
5085,41.36031402928864,0.041360314029288636
5086,78.39265357511663,0.07839265357511663
5087,41.63134887318003,0.041631348873180034
5088,93.73603215787845,0.09373603215787846
5089,29.04703344288975,0.02904703344288975
5090,41.223064968769684,0.041223064968769686
5091,75.88642402592863,0.07588642402592863
5092,34.366731528085694,0.03436673152808569
5093,36.43570713351794,0.03643570713351794
5094,99.48231734142234,0.09948231734142235
5095,55.5614525690352,0.0555614525690352
5096,68.93804536701481,0.06893804536701481
5097,64.34622341536098,0.06434622341536098
5098,82.79241471565723,0.08279241471565724
5099,86.1825099441743,0.0861825099441743
5100,56.32561324703096,0.056325613247030955
5101,29.455607496639935,0.029455607496639936
5102,2.2800247574969457,0.0022800247574969457
5103,61.44032510643201,0.06144032510643201
5104,82.54688332656195,0.08254688332656196
5105,45.05398055116595,0.04505398055116595
5106,16.47061404908643,0.016470614049086427
5107,28.80820729356409,0.028808207293564092
5108,50.998892951186455,0.05099889295118645
5109,83.66812189776665,0.08366812189776665
5110,17.17531460684206,0.01717531460684206
5111,61.214987570951415,0.06121498757095142
5112,75.33686139505454,0.07533686139505454
5113,93.60475203348231,0.09360475203348231
5114,11.67036916788594,0.011670369167885941
5115,92.63916341645574,0.09263916341645574
5116,60.14675351744795,0.06014675351744795
5117,76.6701587432286,0.07667015874322859
5118,5.377470956855546,0.005377470956855546
5119,50.61481556405951,0.050614815564059515
5120,62.262967408079376,0.06226296740807938
5121,30.683383987284017,0.030683383987284017
5122,43.16502081012526,0.043165020810125264
5123,55.4298135279598,0.0554298135279598
5124,55.254793977297986,0.05525479397729799
5125,4.186152540683807,0.004186152540683807
5126,43.948176657889235,0.043948176657889235
5127,21.381815479223086,0.021381815479223087
5128,91.66950780853497,0.09166950780853497
5129,97.6579990123334,0.09765799901233341
5130,29.96468963520691,0.02996468963520691
5131,17.518539725105875,0.017518539725105874
5132,21.95041509483431,0.021950415094834308
5133,47.77522553529538,0.047775225535295375
5134,87.45055991131784,0.08745055991131784
5135,50.00362149376396,0.05000362149376396
5136,5.539206171529765,0.005539206171529765
5137,3.988560271314401,0.003988560271314401
5138,22.739094562284855,0.022739094562284855
5139,84.27712776094289,0.08427712776094289
5140,62.1480557535144,0.0621480557535144
5141,56.29578537862915,0.05629578537862915
5142,31.89695925826421,0.03189695925826421
5143,92.94254050461873,0.09294254050461874
5144,33.117824496213245,0.03311782449621325
5145,83.49444126529467,0.08349444126529466
5146,89.59035179758841,0.08959035179758841
5147,48.33350132161367,0.04833350132161367
5148,89.42892694807426,0.08942892694807426
5149,27.68032873910471,0.02768032873910471
5150,65.84334261832758,0.06584334261832758
5151,8.796374852438626,0.008796374852438626
5152,47.39342140923939,0.04739342140923939
5153,21.733180215834793,0.021733180215834792
5154,6.276327793060288,0.0062763277930602875
5155,0.37255080776207317,0.0003725508077620732
5156,32.47521164408084,0.032475211644080834
5157,58.95305945367628,0.05895305945367628
5158,45.52303476511573,0.04552303476511573
5159,30.17692985194961,0.03017692985194961
5160,99.12000307762511,0.09912000307762511
5161,93.95250399796778,0.09395250399796778
5162,12.565330683749687,0.012565330683749687
5163,41.510742666849474,0.041510742666849475
5164,64.88469339936108,0.06488469339936108
5165,73.34907975299367,0.07334907975299368
5166,36.63721549094904,0.03663721549094904
5167,74.62818127353476,0.07462818127353477
5168,12.415001291067828,0.012415001291067828
5169,33.18126252577047,0.03318126252577047
5170,71.6433175755905,0.0716433175755905
5171,62.56827902603751,0.06256827902603751
5172,83.7210214861655,0.0837210214861655
5173,4.6857022667155075,0.004685702266715507
5174,17.439171782304854,0.017439171782304853
5175,4.849458227196646,0.004849458227196646
5176,19.211422424921132,0.019211422424921132
5177,0.4282810632935008,0.0004282810632935008
5178,50.42103016788663,0.05042103016788663
5179,52.83143955682554,0.052831439556825545
5180,65.78917814059947,0.06578917814059948
5181,38.49124472010435,0.038491244720104345
5182,0.3207690685184006,0.0003207690685184006
5183,67.38911544076372,0.06738911544076372
5184,5.429108774791258,0.005429108774791258
5185,86.6170430817744,0.0866170430817744
5186,2.265398770793736,0.002265398770793736
5187,53.04751232566325,0.05304751232566325
5188,89.49178823855208,0.08949178823855207
5189,57.24895757887801,0.05724895757887801
5190,60.841674654392996,0.060841674654392996
5191,68.16108483374057,0.06816108483374057
5192,12.240884773046702,0.012240884773046702
5193,67.49271008105595,0.06749271008105595
5194,88.03548820128152,0.08803548820128153
5195,97.42208328353165,0.09742208328353165
5196,44.30519993583471,0.044305199935834705
5197,34.450485167754685,0.03445048516775469
5198,75.3309615596317,0.0753309615596317
5199,54.287428809531455,0.054287428809531454
5200,25.730465445503047,0.025730465445503045
5201,17.215788496970298,0.017215788496970297
5202,17.02303005927437,0.017023030059274368
5203,45.9177036606152,0.045917703660615206
5204,17.01244056156501,0.01701244056156501
5205,1.9718944011485773,0.001971894401148577
5206,5.208877496969,0.0052088774969690005
5207,92.98845439529657,0.09298845439529657
5208,7.296134116013575,0.007296134116013575
5209,7.318069058095955,0.007318069058095955
5210,45.11884455335324,0.04511884455335324
5211,24.510028233503256,0.024510028233503255
5212,96.26938521724978,0.09626938521724977
5213,91.09858394978042,0.09109858394978042
5214,40.47432486712671,0.04047432486712671
5215,44.87315194162592,0.04487315194162592
5216,37.51136530755702,0.03751136530755702
5217,3.7866116643128223,0.0037866116643128223
5218,29.284683925470866,0.029284683925470865
5219,12.267346961198411,0.012267346961198411
5220,10.237033001512275,0.010237033001512274
5221,56.086157293638784,0.056086157293638784
5222,9.876485771356226,0.009876485771356226
5223,10.293132379526359,0.010293132379526358
5224,48.05137148193486,0.048051371481934856
5225,44.22823651226388,0.044228236512263874
5226,13.763478513236937,0.013763478513236936
5227,0.4449024808863,0.0004449024808863
5228,19.297444176784385,0.019297444176784386
5229,23.589225418204073,0.023589225418204074
5230,80.02484436088676,0.08002484436088676
5231,91.5438350527215,0.09154383505272151
5232,40.59443974879697,0.04059443974879697
5233,40.50267265009778,0.04050267265009778
5234,71.24812837598668,0.07124812837598668
5235,62.692201570468896,0.0626922015704689
5236,18.414018669340916,0.018414018669340917
5237,10.768912229586135,0.010768912229586135
5238,43.76118906550508,0.04376118906550508
5239,56.4828363162763,0.0564828363162763
5240,13.870760315880926,0.013870760315880925
5241,29.327349340844457,0.029327349340844456
5242,30.59429964305749,0.03059429964305749
5243,26.129820102416403,0.026129820102416403
5244,46.0761266291791,0.0460761266291791
5245,65.30635843197385,0.06530635843197385
5246,50.938988361599236,0.050938988361599234
5247,20.14565622473442,0.02014565622473442
5248,10.293904704739976,0.010293904704739976
5249,82.18704628987004,0.08218704628987004
5250,47.93046827177857,0.047930468271778576
5251,6.21391841338772,0.0062139184133877205
5252,25.8121499649558,0.0258121499649558
5253,80.40337783841548,0.08040337783841547
5254,75.172632477355,0.07517263247735499
5255,87.58166328973778,0.08758166328973778
5256,60.20878260016921,0.06020878260016921
5257,42.290593435805505,0.042290593435805504
5258,42.663499755445066,0.04266349975544507
5259,19.40000444929437,0.01940000444929437
5260,65.07989615178819,0.06507989615178819
5261,58.5068756092854,0.0585068756092854
5262,15.486441142883589,0.015486441142883589
5263,88.56629200453749,0.08856629200453749
5264,36.8468203310597,0.0368468203310597
5265,4.973876552106848,0.0049738765521068476
5266,32.78809207797838,0.032788092077978385
5267,86.98567147115757,0.08698567147115757
5268,91.69565858617845,0.09169565858617845
5269,49.03984172596335,0.049039841725963346
5270,95.6339940073418,0.0956339940073418
5271,87.5241809211976,0.0875241809211976
5272,82.52307170992253,0.08252307170992253
5273,85.9710064682206,0.08597100646822059
5274,38.18754121688235,0.03818754121688235
5275,75.64689407555436,0.07564689407555436
5276,57.733900307614924,0.057733900307614924
5277,71.96840017403066,0.07196840017403067
5278,17.778610758077463,0.017778610758077462
5279,73.13939117749419,0.07313939117749418
5280,95.75924341941717,0.09575924341941718
5281,30.266332238142958,0.030266332238142957
5282,98.6161323955627,0.0986161323955627
5283,37.83760148053711,0.03783760148053711
5284,19.972349702103287,0.019972349702103286
5285,11.22862298002384,0.011228622980023839
5286,78.49619132881777,0.07849619132881777
5287,55.48254003765683,0.05548254003765683
5288,30.713129366202885,0.030713129366202886
5289,60.84503697937579,0.060845036979375794
5290,33.21011878410047,0.033210118784100476
5291,44.835775732845875,0.044835775732845876
5292,86.26641257530912,0.08626641257530912
5293,66.81664768591648,0.06681664768591648
5294,76.24018397047165,0.07624018397047165
5295,58.34935514695763,0.058349355146957625
5296,99.1398048885621,0.0991398048885621
5297,24.14100662908927,0.02414100662908927
5298,26.229116071881474,0.026229116071881473
5299,9.255893873833287,0.009255893873833286
5300,55.401950207071046,0.055401950207071046
5301,61.33592364083679,0.06133592364083679
5302,72.59615728988197,0.07259615728988197
5303,33.5445925949261,0.0335445925949261
5304,1.22568018650272,0.00122568018650272
5305,63.222953708831994,0.06322295370883199
5306,99.86954925203827,0.09986954925203827
5307,29.45493537899925,0.02945493537899925
5308,18.393445246901972,0.018393445246901972
5309,28.17669578263532,0.02817669578263532
5310,42.541547477704725,0.04254154747770472
5311,25.091292895256466,0.025091292895256464
5312,34.69600253675299,0.03469600253675299
5313,63.820673857936264,0.06382067385793626
5314,34.50279868426147,0.03450279868426147
5315,39.605894478365464,0.03960589447836546
5316,4.003126279926395,0.004003126279926395
5317,91.79425016228697,0.09179425016228697
5318,40.688595991485364,0.04068859599148537
5319,32.81435160347943,0.03281435160347943
5320,8.64841962453845,0.00864841962453845
5321,63.41832153951836,0.06341832153951836
5322,86.3824950263755,0.08638249502637549
5323,4.115320005240031,0.004115320005240031
5324,14.52724673660355,0.01452724673660355
5325,14.638982888620733,0.014638982888620733
5326,60.22748553477929,0.06022748553477929
5327,92.12305027183689,0.09212305027183688
5328,43.77683670655096,0.043776836706550956
5329,34.38064481938506,0.03438064481938506
5330,76.58406855966913,0.07658406855966914
5331,74.25690617556513,0.07425690617556513
5332,24.675613927720963,0.024675613927720965
5333,16.082636230788605,0.016082636230788604
5334,35.781003241535636,0.03578100324153564
5335,77.56033922266312,0.07756033922266312
5336,69.50633899149783,0.06950633899149783
5337,66.58537063562052,0.06658537063562052
5338,82.94285601632039,0.08294285601632038
5339,27.713031234139372,0.02771303123413937
5340,33.96837254695101,0.03396837254695101
5341,4.233945060917598,0.0042339450609175985
5342,86.87457758035335,0.08687457758035334
5343,58.24297349221781,0.058242973492217805
5344,29.812229188369333,0.029812229188369333
5345,6.941653144936555,0.006941653144936555
5346,72.34095031624597,0.07234095031624596
5347,74.87375195490611,0.07487375195490611
5348,66.61786521150226,0.06661786521150226
5349,20.378097094672952,0.02037809709467295
5350,91.3216058508605,0.0913216058508605
5351,75.31580190208763,0.07531580190208763
5352,65.77563235839703,0.06577563235839703
5353,65.09439234217875,0.06509439234217874
5354,90.43577000916412,0.09043577000916411
5355,92.83071330971238,0.09283071330971238
5356,59.563741801023994,0.059563741801023994
5357,41.66694109625484,0.041666941096254836
5358,36.37339795594162,0.03637339795594162
5359,81.90788410807225,0.08190788410807225
5360,64.46053398343335,0.06446053398343335
5361,7.726603025365364,0.007726603025365364
5362,14.21860130150272,0.01421860130150272
5363,90.01858951048463,0.09001858951048464
5364,88.44981481045009,0.0884498148104501
5365,95.18324486974689,0.09518324486974689
5366,42.78509673283237,0.04278509673283237
5367,78.40609076407071,0.07840609076407071
5368,82.82250273143215,0.08282250273143216
5369,31.56969058381931,0.03156969058381931
5370,14.533771122714223,0.014533771122714223
5371,99.70263616391729,0.0997026361639173
5372,3.02192037513499,0.00302192037513499
5373,59.7335918711443,0.0597335918711443
5374,65.0212274181709,0.0650212274181709
5375,68.17893419696483,0.06817893419696483
5376,25.56277439690897,0.02556277439690897
5377,72.15792442988509,0.07215792442988508
5378,21.63995632812655,0.021639956328126552
5379,82.90382557516824,0.08290382557516825
5380,21.911667408463455,0.021911667408463453
5381,69.67060290760774,0.06967060290760775
5382,78.34134858339759,0.07834134858339759
5383,18.894575046218876,0.018894575046218876
5384,23.798648763260278,0.023798648763260277
5385,77.91037387343668,0.07791037387343669
5386,8.599897163495285,0.008599897163495285
5387,19.076095246666412,0.01907609524666641
5388,45.55309061899152,0.045553090618991515
5389,93.01819287447705,0.09301819287447705
5390,56.18778348930105,0.05618778348930105
5391,38.76778482082255,0.03876778482082255
5392,97.83702222224765,0.09783702222224766
5393,46.37113062212885,0.04637113062212885
5394,43.373497368748204,0.0433734973687482
5395,41.16443168877235,0.04116443168877235
5396,31.218007260679627,0.031218007260679626
5397,32.56948097375844,0.03256948097375844
5398,68.7837059929498,0.0687837059929498
5399,4.083559734188114,0.0040835597341881144
5400,68.1816725646319,0.0681816725646319
5401,20.12044981258728,0.02012044981258728
5402,38.42080032044929,0.03842080032044929
5403,14.653897256033199,0.014653897256033199
5404,55.27510440724698,0.05527510440724698
5405,72.93504449521396,0.07293504449521396
5406,35.46555760563647,0.035465557605636466
5407,16.341657754026294,0.016341657754026292
5408,22.650558193117554,0.022650558193117554
5409,81.81129185255726,0.08181129185255726
5410,26.764873505985243,0.02676487350598524
5411,77.47025930112271,0.07747025930112271
5412,33.119940680621106,0.03311994068062111
5413,18.873255434296254,0.018873255434296254
5414,72.7308559627431,0.0727308559627431
5415,46.85450294752067,0.04685450294752067
5416,3.1277251274806406,0.0031277251274806407
5417,95.99424193443986,0.09599424193443985
5418,14.775344507210741,0.014775344507210741
5419,35.340697645309135,0.03534069764530914
5420,38.479463499570734,0.03847946349957074
5421,48.94298992584133,0.04894298992584133
5422,78.54440223341706,0.07854440223341706
5423,0.6090279675126764,0.0006090279675126764
5424,93.24720513360747,0.09324720513360747
5425,64.59894602030111,0.06459894602030111
5426,95.06488791489356,0.09506488791489356
5427,81.73895374164857,0.08173895374164858
5428,92.78382180832169,0.09278382180832169
5429,60.1000550935678,0.060100055093567806
5430,35.73089828771748,0.03573089828771748
5431,44.29140631136037,0.044291406311360366
5432,65.8032310384113,0.06580323103841129
5433,42.69318597663363,0.04269318597663363
5434,73.16727834677891,0.07316727834677891
5435,9.184801608002957,0.009184801608002956
5436,82.99866489848887,0.08299866489848887
5437,20.41886396420042,0.02041886396420042
5438,94.39476095247225,0.09439476095247225
5439,15.554579993726792,0.015554579993726792
5440,12.916419610239782,0.012916419610239782
5441,81.18761105873928,0.08118761105873928
5442,81.87018277030144,0.08187018277030143
5443,73.87594198812472,0.07387594198812472
5444,96.05304639047047,0.09605304639047046
5445,27.053962868541603,0.027053962868541604
5446,82.66487389902876,0.08266487389902877
5447,35.204053004342086,0.03520405300434209
5448,53.73986255693407,0.05373986255693407
5449,44.56000297013287,0.04456000297013287
5450,0.5850022673607236,0.0005850022673607236
5451,57.44621935391577,0.05744621935391577
5452,74.7505887763953,0.0747505887763953
5453,17.455238357527126,0.017455238357527127
5454,93.16558618930374,0.09316558618930373
5455,53.039953941850385,0.05303995394185038
5456,17.82460031510935,0.01782460031510935
5457,64.59475709168852,0.06459475709168852
5458,19.1922708515344,0.0191922708515344
5459,6.353334829533641,0.006353334829533641
5460,68.53152424192423,0.06853152424192423
5461,11.069488330549449,0.01106948833054945
5462,10.621744837643533,0.010621744837643533
5463,73.99435631818133,0.07399435631818133
5464,5.520223320807116,0.0055202233208071156
5465,80.97691790479547,0.08097691790479547
5466,79.61487586478276,0.07961487586478276
5467,14.1393428077766,0.0141393428077766
5468,51.83806472769689,0.05183806472769689
5469,9.662549096894235,0.009662549096894235
5470,63.25712197859872,0.06325712197859872
5471,6.293001297054657,0.006293001297054656
5472,94.44808563227473,0.09444808563227472
5473,20.773073536958165,0.020773073536958165
5474,68.28946559486451,0.06828946559486451
5475,12.829142437711006,0.012829142437711006
5476,20.959644832677647,0.020959644832677645
5477,45.09496488833706,0.04509496488833706
5478,57.30961413415162,0.05730961413415162
5479,99.8863240391683,0.0998863240391683
5480,2.5926228090944137,0.0025926228090944136
5481,0.031441964408696066,3.144196440869606e-05
5482,35.036709471494795,0.035036709471494794
5483,36.61563678024199,0.03661563678024199
5484,88.38372360986317,0.08838372360986317
5485,91.2582547697302,0.09125825476973021
5486,88.05249763593189,0.08805249763593188
5487,14.317875048604778,0.014317875048604777
5488,41.210483518107345,0.04121048351810735
5489,74.58851622950232,0.07458851622950231
5490,31.261106778424143,0.03126110677842414
5491,66.32380285105512,0.06632380285105512
5492,23.714286319109203,0.023714286319109202
5493,32.34192579608081,0.032341925796080806
5494,86.04296493484838,0.08604296493484838
5495,25.05090360889951,0.02505090360889951
5496,96.43240868848629,0.09643240868848629
5497,30.625956093684692,0.03062595609368469
5498,2.3528109823277354,0.0023528109823277355
5499,25.490090380257048,0.025490090380257048
5500,17.120494224342576,0.017120494224342576
5501,50.68269662175497,0.05068269662175497
5502,11.271606632786002,0.011271606632786002
5503,62.60488772454097,0.06260488772454097
5504,87.48990705564947,0.08748990705564946
5505,36.25188818037357,0.036251888180373566
5506,16.849271930540443,0.016849271930540442
5507,40.002499578441295,0.04000249957844129
5508,78.5966821450627,0.0785966821450627
5509,59.148767407959554,0.05914876740795955
5510,10.114321332760312,0.010114321332760311
5511,53.718715432703334,0.05371871543270333
5512,46.80853814555932,0.04680853814555932
5513,32.711225602116144,0.032711225602116145
5514,11.016059605332329,0.01101605960533233
5515,98.1111935620275,0.0981111935620275
5516,17.604331989325562,0.017604331989325563
5517,19.274289079074546,0.019274289079074546
5518,14.558269210223585,0.014558269210223585
5519,57.01930386989381,0.05701930386989381
5520,44.36695744827004,0.044366957448270045
5521,24.955718202655596,0.024955718202655595
5522,42.94233830215282,0.04294233830215282
5523,67.35218510617179,0.06735218510617179
5524,28.170053149863016,0.028170053149863015
5525,91.52457760303804,0.09152457760303805
5526,30.63462371777058,0.03063462371777058
5527,19.817903082285326,0.019817903082285326
5528,95.45678468728144,0.09545678468728144
5529,81.05606101181793,0.08105606101181793
5530,34.313762484346555,0.034313762484346554
5531,84.14318511438759,0.08414318511438759
5532,51.88142491538,0.05188142491538
5533,34.67524982610628,0.03467524982610628
5534,83.96115895392143,0.08396115895392142
5535,75.21650668644403,0.07521650668644403
5536,29.78748426431058,0.02978748426431058
5537,60.66785152579738,0.06066785152579738
5538,36.93902235197972,0.036939022351979725
5539,0.10519725603881369,0.00010519725603881369
5540,96.18157414002793,0.09618157414002794
5541,54.962907607283675,0.05496290760728367
5542,59.84326016657832,0.059843260166578316
5543,59.989142567729495,0.0599891425677295
5544,55.06414608194028,0.05506414608194028
5545,29.004784477359348,0.02900478447735935
5546,97.15761249080562,0.09715761249080562
5547,62.166841251528496,0.06216684125152849
5548,67.09213605539614,0.06709213605539614
5549,45.47927573170498,0.04547927573170498
5550,28.786140049078256,0.028786140049078257
5551,6.434898217492934,0.006434898217492934
5552,35.02301965678862,0.03502301965678862
5553,17.60974292683921,0.01760974292683921
5554,66.20882682570118,0.06620882682570119
5555,87.90038848027194,0.08790038848027194
5556,30.27548582456523,0.03027548582456523
5557,33.288262541404656,0.033288262541404656
5558,67.03645038290117,0.06703645038290117
5559,14.927143424123635,0.014927143424123634
5560,92.94374266776991,0.0929437426677699
5561,36.38467810254831,0.03638467810254831
5562,10.119944592677466,0.010119944592677467
5563,17.468400492064152,0.017468400492064152
5564,93.27460760074581,0.09327460760074581
5565,24.711928836901997,0.024711928836901997
5566,66.22688038312864,0.06622688038312864
5567,15.616522353826511,0.01561652235382651
5568,19.41016923487777,0.01941016923487777
5569,87.92382188999775,0.08792382188999776
5570,14.803322010256181,0.014803322010256182
5571,1.8750586736279162,0.0018750586736279162
5572,50.12331895262763,0.05012331895262763
5573,86.27268132629347,0.08627268132629347
5574,32.599104541562475,0.03259910454156247
5575,12.81622706457105,0.012816227064571051
5576,98.22308295656377,0.09822308295656378
5577,67.67386294894133,0.06767386294894133
5578,85.06906319481564,0.08506906319481564
5579,75.21382723289237,0.07521382723289237
5580,69.82422739891902,0.06982422739891903
5581,38.45640671309203,0.03845640671309203
5582,32.43399932036394,0.032433999320363935
5583,71.69585958944741,0.07169585958944741
5584,71.67130081772302,0.07167130081772302
5585,95.05883840490932,0.09505883840490932
5586,56.86598178483223,0.05686598178483223
5587,29.46211057876735,0.02946211057876735
5588,48.95287993304775,0.04895287993304775
5589,61.371381672591916,0.061371381672591915
5590,42.67297995769125,0.042672979957691246
5591,79.11331233595482,0.07911331233595481
5592,58.46132122158377,0.058461321221583776
5593,0.9435727627650548,0.0009435727627650547
5594,56.983988823200846,0.05698398882320085
5595,63.360378594186095,0.0633603785941861
5596,91.52612515440707,0.09152612515440707
5597,41.37216736641886,0.041372167366418855
5598,57.446765927135836,0.05744676592713584
5599,47.499745071437395,0.047499745071437394
5600,53.16564284688854,0.05316564284688854
5601,6.730407066899646,0.006730407066899646
5602,89.72836675331015,0.08972836675331015
5603,91.04123398316256,0.09104123398316255
5604,54.805960984263265,0.05480596098426326
5605,55.65555157209455,0.05565555157209455
5606,5.755603594395453,0.005755603594395453
5607,59.795051311975676,0.059795051311975676
5608,42.91517898791625,0.04291517898791625
5609,70.90436302344372,0.07090436302344372
5610,4.712491659557239,0.004712491659557239
5611,71.08876827294898,0.07108876827294898
5612,28.689382383231386,0.028689382383231387
5613,65.17053304531079,0.06517053304531079
5614,62.712597531212296,0.06271259753121229
5615,22.684148463223252,0.022684148463223253
5616,44.045234521626675,0.044045234521626675
5617,83.56332590533245,0.08356332590533244
5618,60.55916435947739,0.06055916435947739
5619,6.873830197841146,0.006873830197841146
5620,44.29088313208297,0.044290883132082966
5621,31.177145877791702,0.0311771458777917
5622,64.16456789116327,0.06416456789116327
5623,61.45639412952608,0.06145639412952608
5624,1.0398101510140534,0.0010398101510140534
5625,60.7695509418463,0.0607695509418463
5626,73.48496539849367,0.07348496539849367
5627,76.87300324015754,0.07687300324015754
5628,5.897577038996116,0.0058975770389961156
5629,30.365841710986896,0.030365841710986895
5630,42.12735605515239,0.04212735605515239
5631,17.977170779491182,0.01797717077949118
5632,42.07338711650098,0.04207338711650098
5633,7.112953582559234,0.0071129535825592335
5634,11.321728300705159,0.011321728300705158
5635,66.86947628434194,0.06686947628434194
5636,26.257246116015498,0.026257246116015497
5637,71.14058474795725,0.07114058474795724
5638,4.810852801666798,0.004810852801666798
5639,56.27030530435029,0.05627030530435029
5640,39.14486635868403,0.03914486635868403
5641,79.69713919154653,0.07969713919154653
5642,78.39515802055618,0.07839515802055617
5643,37.555964245750815,0.03755596424575081
5644,62.27140140877143,0.06227140140877143
5645,22.75488688194881,0.02275488688194881
5646,58.040683618042024,0.05804068361804202
5647,8.126469394752245,0.008126469394752246
5648,43.46042841186101,0.04346042841186101
5649,18.272768153810915,0.018272768153810914
5650,88.33811820915227,0.08833811820915227
5651,44.49008179668318,0.04449008179668318
5652,59.077374863753484,0.05907737486375348
5653,36.03818603300104,0.03603818603300104
5654,28.87410352398029,0.028874103523980288
5655,20.291978306153357,0.02029197830615336
5656,91.18715826670196,0.09118715826670196
5657,79.94657824269527,0.07994657824269527
5658,13.326114443103087,0.013326114443103087
5659,74.67248762917983,0.07467248762917983
5660,41.85307770366532,0.04185307770366532
5661,1.5396654960569855,0.0015396654960569856
5662,52.836732037622205,0.05283673203762221
5663,13.00464400848661,0.01300464400848661
5664,20.993431309359465,0.020993431309359465
5665,69.6040961424093,0.06960409614240931
5666,25.71420371411961,0.02571420371411961
5667,89.18882018418167,0.08918882018418167
5668,65.71697584241699,0.06571697584241698
5669,83.22834849108091,0.0832283484910809
5670,61.51895383301841,0.061518953833018405
5671,86.88495910220159,0.08688495910220159
5672,36.168467502215016,0.036168467502215015
5673,54.914057688557975,0.05491405768855798
5674,51.589040044433354,0.051589040044433356
5675,90.37907080779705,0.09037907080779704
5676,16.491540860861353,0.016491540860861353
5677,57.80607631866924,0.05780607631866924
5678,75.44311942269803,0.07544311942269803
5679,37.004976053366036,0.037004976053366036
5680,86.75815246159763,0.08675815246159763
5681,37.3014767077734,0.0373014767077734
5682,17.33087598959161,0.017330875989591613
5683,58.40483554050317,0.05840483554050317
5684,42.056801003731245,0.04205680100373124
5685,1.5190104682004546,0.0015190104682004546
5686,6.9838592493503215,0.006983859249350322
5687,19.527718020659,0.019527718020659002
5688,76.93299595181523,0.07693299595181523
5689,89.20395160337483,0.08920395160337483
5690,54.56408740142224,0.05456408740142224
5691,10.556546251412346,0.010556546251412346
5692,53.4418952241846,0.0534418952241846
5693,85.5605460596945,0.0855605460596945
5694,74.94776291225897,0.07494776291225896
5695,29.109816369737494,0.029109816369737494
5696,12.389060928835782,0.012389060928835783
5697,90.0681699762243,0.0900681699762243
5698,85.4088746632211,0.0854088746632211
5699,5.371536514522579,0.005371536514522579
5700,82.36744898245642,0.08236744898245642
5701,9.721263778493949,0.009721263778493949
5702,6.328363340203702,0.006328363340203702
5703,75.86008971462594,0.07586008971462595
5704,53.631062192495804,0.053631062192495804
5705,41.454802409031885,0.041454802409031884
5706,90.38621959760219,0.0903862195976022
5707,83.93035720677537,0.08393035720677537
5708,5.76234715470566,0.00576234715470566
5709,61.60872419411724,0.06160872419411724
5710,77.22674032074582,0.07722674032074582
5711,55.04905797749521,0.05504905797749521
5712,98.30054990761883,0.09830054990761883
5713,68.60475046475483,0.06860475046475482
5714,10.41430126970253,0.01041430126970253
5715,19.829801199995345,0.019829801199995344
5716,82.6245621199462,0.0826245621199462
5717,99.67566731443,0.09967566731443
5718,9.83392668723897,0.00983392668723897
5719,10.03293178450484,0.01003293178450484
5720,76.33870541432835,0.07633870541432834
5721,6.435428171653957,0.006435428171653957
5722,6.8560116064847465,0.0068560116064847465
5723,88.88164830096625,0.08888164830096625
5724,80.04498123184509,0.08004498123184509
5725,88.15631998643822,0.08815631998643822
5726,65.05134021327537,0.06505134021327537
5727,32.253642193885845,0.032253642193885844
5728,90.63131903327911,0.09063131903327912
5729,29.872352497443178,0.029872352497443178
5730,27.551083945484933,0.027551083945484934
5731,88.64004191927712,0.08864004191927713
5732,68.08225924932078,0.06808225924932078
5733,89.56720847092427,0.08956720847092427
5734,15.59012892539724,0.01559012892539724
5735,95.22967977656313,0.09522967977656313
5736,61.2742156700327,0.0612742156700327
5737,66.80350440934276,0.06680350440934277
5738,91.40605803264515,0.09140605803264515
5739,38.07529746946287,0.038075297469462865
5740,71.95749946958621,0.07195749946958621
5741,64.0340621124484,0.0640340621124484
5742,78.77527188659602,0.07877527188659601
5743,89.69427918333072,0.08969427918333073
5744,68.00608554300946,0.06800608554300946
5745,6.763955450306436,0.006763955450306436
5746,18.314034584978025,0.018314034584978024
5747,95.39781822670841,0.09539781822670841
5748,96.86504733772261,0.09686504733772261
5749,96.74133136983625,0.09674133136983624
5750,3.6799400400117976,0.0036799400400117977
5751,38.244816794941826,0.03824481679494183
5752,75.9672703987996,0.0759672703987996
5753,75.28858036578309,0.07528858036578309
5754,8.59089049499585,0.00859089049499585
5755,60.9488887089519,0.0609488887089519
5756,14.286961854085744,0.014286961854085744
5757,49.320933286779336,0.049320933286779334
5758,23.96857008411215,0.023968570084112153
5759,5.316117173472767,0.005316117173472767
5760,8.001942552660957,0.008001942552660957
5761,91.08929497299081,0.09108929497299081
5762,74.46459642015341,0.0744645964201534
5763,93.18239817729504,0.09318239817729504
5764,46.99899323335527,0.04699899323335527
5765,41.32924989528043,0.041329249895280425
5766,35.840729250209556,0.035840729250209556
5767,61.630709605209,0.061630709605209
5768,35.15593869713336,0.035155938697133356
5769,74.62732339820062,0.07462732339820062
5770,80.13173262158621,0.08013173262158621
5771,87.5844593429381,0.0875844593429381
5772,24.280093024527726,0.024280093024527726
5773,52.70220492923754,0.05270220492923754
5774,22.344461672983883,0.022344461672983883
5775,3.755582342034114,0.003755582342034114
5776,70.78253041698378,0.07078253041698378
5777,54.89812739351246,0.054898127393512464
5778,72.39272795530837,0.07239272795530838
5779,8.76229114065371,0.008762291140653711
5780,99.5526179061942,0.0995526179061942
5781,99.4348566947032,0.0994348566947032
5782,46.49998255035127,0.04649998255035127
5783,86.60587151838361,0.08660587151838361
5784,24.35685558055568,0.02435685558055568
5785,73.7566161223297,0.0737566161223297
5786,87.92258568135658,0.08792258568135658
5787,81.46662660807785,0.08146662660807785
5788,81.17740782411575,0.08117740782411574
5789,46.30266320888651,0.046302663208886506
5790,81.99899477787727,0.08199899477787727
5791,69.07048130213005,0.06907048130213005
5792,13.245139814420437,0.013245139814420437
5793,11.418440406452014,0.011418440406452015
5794,77.19221359346399,0.077192213593464
5795,62.54640887729238,0.06254640887729238
5796,51.93761171913774,0.051937611719137744
5797,90.72617908488282,0.09072617908488281
5798,65.95903568712185,0.06595903568712186
5799,39.614674508830014,0.039614674508830015
5800,41.39318081761838,0.04139318081761838
5801,60.524436081758495,0.0605244360817585
5802,76.02752846863484,0.07602752846863484
5803,56.43533069491241,0.05643533069491241
5804,50.87608822191797,0.05087608822191797
5805,72.69007026541819,0.07269007026541818
5806,70.52645499070364,0.07052645499070365
5807,83.0346840613561,0.0830346840613561
5808,6.255178627729441,0.006255178627729441
5809,75.49521320819788,0.07549521320819788
5810,51.376045095169,0.051376045095169
5811,7.469312003315187,0.007469312003315186
5812,67.90100281695197,0.06790100281695197
5813,71.65401940019429,0.07165401940019428
5814,52.362716954468446,0.052362716954468445
5815,79.37989776497628,0.07937989776497628
5816,30.024810862930153,0.030024810862930153
5817,20.19072185314361,0.02019072185314361
5818,35.07339517432785,0.03507339517432785
5819,41.005051329597755,0.04100505132959775
5820,69.59336024021688,0.06959336024021688
5821,84.55199378782277,0.08455199378782277
5822,72.09181900786766,0.07209181900786765
5823,17.39875590696015,0.01739875590696015
5824,36.62170848002574,0.03662170848002574
5825,15.8413713447778,0.0158413713447778
5826,68.67241995580513,0.06867241995580513
5827,24.817187821689412,0.024817187821689412
5828,52.53869328518468,0.05253869328518468
5829,79.18298431946843,0.07918298431946844
5830,67.09392749216151,0.06709392749216152
5831,29.83739906651327,0.02983739906651327
5832,33.286675061634085,0.03328667506163409
5833,65.33642866030318,0.06533642866030319
5834,54.94677493399441,0.05494677493399441
5835,9.639348747004439,0.009639348747004438
5836,87.39915892735462,0.08739915892735461
5837,51.26132480536286,0.051261324805362864
5838,47.33610131974654,0.04733610131974654
5839,19.84393366322623,0.019843933663226232
5840,37.699381897053726,0.03769938189705373
5841,33.282486231509914,0.033282486231509915
5842,27.073568282942684,0.027073568282942686
5843,56.74065746467731,0.05674065746467731
5844,46.227536028028204,0.046227536028028204
5845,88.91976853146673,0.08891976853146673
5846,94.1343977047161,0.0941343977047161
5847,21.94734292280909,0.021947342922809088
5848,10.01054287672105,0.01001054287672105
5849,78.53375514877494,0.07853375514877495
5850,99.4861403638609,0.0994861403638609
5851,86.36000698541541,0.0863600069854154
5852,2.3697402118734723,0.0023697402118734723
5853,25.1263550706466,0.0251263550706466
5854,4.334227704126392,0.004334227704126392
5855,82.07793770411665,0.08207793770411664
5856,58.14069762923163,0.05814069762923163
5857,51.371854116705386,0.05137185411670538
5858,55.444988199652755,0.05544498819965275
5859,25.245125869659113,0.025245125869659112
5860,60.16383691388628,0.06016383691388628
5861,3.0666978464029993,0.003066697846402999
5862,64.60117239708396,0.06460117239708396
5863,73.44338301788308,0.07344338301788308
5864,67.30262637118271,0.06730262637118271
5865,33.211751831222024,0.033211751831222026
5866,82.62629151275426,0.08262629151275426
5867,71.5543997117482,0.0715543997117482
5868,12.829732292427787,0.012829732292427787
5869,19.514422053831503,0.019514422053831502
5870,63.71084131782386,0.06371084131782387
5871,28.941613355602613,0.02894161335560261
5872,11.943294144623696,0.011943294144623697
5873,15.496899314989221,0.015496899314989222
5874,16.561718054040064,0.016561718054040064
5875,47.77909068183822,0.04777909068183822
5876,60.738545342949735,0.060738545342949736
5877,17.640227485441496,0.017640227485441497
5878,71.24966103632211,0.0712496610363221
5879,28.101260750152846,0.028101260750152846
5880,31.155813839396085,0.031155813839396085
5881,22.349862107410758,0.02234986210741076
5882,78.5206135943191,0.0785206135943191
5883,95.9813832936877,0.0959813832936877
5884,49.249984867809275,0.04924998486780927
5885,4.20306414319922,0.00420306414319922
5886,26.05693164254759,0.02605693164254759
5887,15.805029111884606,0.015805029111884607
5888,84.27622848520178,0.08427622848520179
5889,8.485398743320516,0.008485398743320516
5890,96.64762406883838,0.09664762406883838
5891,58.8513776624626,0.0588513776624626
5892,51.773978707416326,0.051773978707416325
5893,84.73506224191868,0.08473506224191868
5894,2.754762129145616,0.002754762129145616
5895,77.71527494070097,0.07771527494070096
5896,11.660404556851656,0.011660404556851656
5897,84.07780989404321,0.08407780989404322
5898,52.917621923786186,0.052917621923786184
5899,6.1129402360091785,0.006112940236009178
5900,83.32450388013244,0.08332450388013243
5901,2.7314117071251642,0.0027314117071251644
5902,13.837069289360349,0.013837069289360349
5903,79.7824523826629,0.07978245238266289
5904,46.487112385789096,0.0464871123857891
5905,88.13887043548337,0.08813887043548337
5906,63.542927279108355,0.06354292727910836
5907,62.3528754370408,0.0623528754370408
5908,29.223510613201487,0.029223510613201487
5909,13.368052355173354,0.013368052355173354
5910,96.11723908966826,0.09611723908966827
5911,10.479768914339516,0.010479768914339516
5912,52.90106000735676,0.05290106000735676
5913,27.256859083478023,0.027256859083478024
5914,26.414066358145472,0.02641406635814547
5915,59.45862193028131,0.059458621930281313
5916,79.79341171788688,0.07979341171788688
5917,77.71794828312787,0.07771794828312786
5918,86.88016891935536,0.08688016891935535
5919,29.29027379123671,0.02929027379123671
5920,46.575138171507376,0.04657513817150737
5921,0.9334573220024955,0.0009334573220024956
5922,74.68576231363654,0.07468576231363655
5923,30.234311214228306,0.030234311214228305
5924,56.149353327018645,0.05614935332701865
5925,16.93002820194507,0.01693002820194507
5926,81.93995071343285,0.08193995071343285
5927,81.72722192782777,0.08172722192782778
5928,87.74529147529555,0.08774529147529554
5929,4.593699710672283,0.004593699710672283
5930,99.24587097750137,0.09924587097750137
5931,24.777941443969453,0.024777941443969453
5932,30.943368604734943,0.03094336860473494
5933,24.93357291904461,0.024933572919044612
5934,26.75326983665324,0.02675326983665324
5935,55.266135610364664,0.05526613561036466
5936,23.981054430377956,0.023981054430377957
5937,39.377131140040476,0.039377131140040475
5938,65.56065824432153,0.06556065824432153
5939,83.60262035777268,0.08360262035777268
5940,69.27415002668795,0.06927415002668795
5941,59.43228447873232,0.05943228447873232
5942,14.77285625410687,0.01477285625410687
5943,81.61156015412826,0.08161156015412825
5944,3.7274887993038686,0.0037274887993038685
5945,26.419166323530206,0.026419166323530207
5946,5.7058916931961186,0.005705891693196119
5947,66.74289755844626,0.06674289755844626
5948,36.837108259351446,0.03683710825935144
5949,65.20484832048668,0.06520484832048667
5950,34.70309593035903,0.03470309593035903
5951,45.574073079949414,0.045574073079949415
5952,45.79610101661808,0.04579610101661808
5953,4.558065366754461,0.004558065366754461
5954,43.022652634600355,0.04302265263460035
5955,64.10643631152027,0.06410643631152027
5956,54.60522460754338,0.05460522460754338
5957,7.528376627828726,0.0075283766278287255
5958,66.80559856867488,0.06680559856867488
5959,30.886275491526092,0.030886275491526092
5960,1.4434802779022093,0.0014434802779022093
5961,15.559555708424522,0.015559555708424521
5962,49.75596573165595,0.04975596573165595
5963,31.040165903006866,0.031040165903006865
5964,69.43830137535508,0.06943830137535509
5965,24.065347556576445,0.024065347556576445
5966,77.27961684751686,0.07727961684751686
5967,28.647718139397995,0.028647718139397996
5968,62.08637075844157,0.06208637075844157
5969,79.92163802511801,0.07992163802511801
5970,38.555612864374886,0.03855561286437489
5971,4.680494181547045,0.004680494181547045
5972,53.54455210588809,0.053544552105888085
5973,99.54090615445003,0.09954090615445002
5974,96.89918663769136,0.09689918663769136
5975,22.10221939441682,0.02210221939441682
5976,75.56965094242524,0.07556965094242524
5977,34.49518318200659,0.03449518318200659
5978,16.027248018309148,0.016027248018309147
5979,66.59147006024932,0.06659147006024932
5980,50.0868729526769,0.0500868729526769
5981,53.92305576556773,0.05392305576556773
5982,82.73926622355084,0.08273926622355084
5983,33.6543675887423,0.0336543675887423
5984,66.7094759555663,0.06670947595556631
5985,36.619146696262526,0.036619146696262525
5986,4.272389658042918,0.0042723896580429185
5987,37.80151073363489,0.03780151073363489
5988,95.00344632041346,0.09500344632041346
5989,48.326248208841704,0.0483262482088417
5990,10.823043683686818,0.010823043683686818
5991,68.78268293762258,0.06878268293762259
5992,96.33793497185212,0.09633793497185213
5993,90.79452465442571,0.09079452465442571
5994,57.196083780813865,0.05719608378081387
5995,37.62807443485312,0.037628074434853116
5996,58.06776685092404,0.05806776685092404
5997,81.59310621992495,0.08159310621992495
5998,86.12373420184542,0.08612373420184542
5999,81.88438849424412,0.08188438849424412
6000,45.54763784417377,0.04554763784417377
6001,11.885798957022997,0.011885798957022997
6002,56.917342673877634,0.05691734267387764
6003,15.642882803336523,0.015642882803336523
6004,6.095833389785598,0.006095833389785598
6005,49.86678334288609,0.049866783342886085
6006,65.5373450046628,0.0655373450046628
6007,85.4147306406393,0.0854147306406393
6008,78.28355539543035,0.07828355539543036
6009,85.72405127565482,0.08572405127565481
6010,76.00687708208905,0.07600687708208904
6011,70.32393969061394,0.07032393969061394
6012,1.0137569140699632,0.0010137569140699632
6013,62.61023118092105,0.06261023118092104
6014,12.04818041391177,0.01204818041391177
6015,5.8667132332541065,0.005866713233254107
6016,15.64121521056554,0.01564121521056554
6017,82.32921614417502,0.08232921614417502
6018,74.38493931000214,0.07438493931000213
6019,94.87724052052123,0.09487724052052122
6020,97.89762586504105,0.09789762586504105
6021,89.32839863739821,0.08932839863739821
6022,13.292605097699916,0.013292605097699915
6023,87.83827409249804,0.08783827409249804
6024,83.86371347886453,0.08386371347886452
6025,87.10858598596974,0.08710858598596974
6026,15.168561711649142,0.015168561711649141
6027,11.679182777331754,0.011679182777331754
6028,92.38088795840817,0.09238088795840817
6029,17.38266491345045,0.01738266491345045
6030,36.86217310426012,0.03686217310426012
6031,45.59848494940603,0.04559848494940603
6032,12.444252782956443,0.012444252782956444
6033,2.063428803254741,0.002063428803254741
6034,99.40904697671161,0.0994090469767116
6035,87.6657244834961,0.0876657244834961
6036,91.23379293506373,0.09123379293506373
6037,28.45630692721185,0.02845630692721185
6038,22.010157274543907,0.022010157274543907
6039,42.58665581754266,0.04258665581754267
6040,45.33193689780069,0.04533193689780069
6041,0.5599438864240636,0.0005599438864240635
6042,77.92531125598329,0.07792531125598329
6043,99.66670381420172,0.09966670381420173
6044,52.869087010208936,0.05286908701020893
6045,38.82586950124512,0.03882586950124512
6046,39.275189322120326,0.039275189322120325
6047,9.607713217210067,0.009607713217210068
6048,26.616181836401175,0.026616181836401177
6049,50.21327886346312,0.050213278863463114
6050,43.184800113469734,0.043184800113469736
6051,54.503474574311014,0.05450347457431101
6052,84.90656486374067,0.08490656486374067
6053,22.524230269961198,0.0225242302699612
6054,2.7664180906311953,0.0027664180906311953
6055,3.8225445282740744,0.0038225445282740744
6056,13.416880530685837,0.013416880530685838
6057,57.04829848044025,0.057048298480440254
6058,80.81848100379247,0.08081848100379246
6059,88.68059392806316,0.08868059392806316
6060,63.51132019749712,0.06351132019749713
6061,40.31432524508934,0.04031432524508934
6062,15.451470815614742,0.015451470815614743
6063,40.1418339443479,0.0401418339443479
6064,33.24151339077835,0.033241513390778354
6065,87.00258808571377,0.08700258808571376
6066,48.671937741060724,0.048671937741060725
6067,22.619589995452884,0.022619589995452886
6068,28.88010668157799,0.028880106681577988
6069,13.6470164542689,0.0136470164542689
6070,91.85854490691312,0.09185854490691313
6071,5.034584623646854,0.005034584623646854
6072,1.2846248555894224,0.0012846248555894225
6073,18.298893352686875,0.018298893352686876
6074,81.08740179106258,0.08108740179106258
6075,52.34667866310813,0.05234667866310813
6076,62.584328737698634,0.06258432873769863
6077,35.77316754157348,0.035773167541573475
6078,6.8677985549170035,0.0068677985549170035
6079,85.61581624921682,0.08561581624921683
6080,19.189427212540743,0.019189427212540744
6081,3.3059200545114686,0.0033059200545114686
6082,57.27041359331937,0.057270413593319365
6083,8.328922038460107,0.008328922038460107
6084,9.576185185983421,0.00957618518598342
6085,80.03770314825252,0.08003770314825252
6086,49.16095893179955,0.04916095893179955
6087,24.150845224714303,0.024150845224714303
6088,34.862642335951875,0.03486264233595188
6089,72.92409788431715,0.07292409788431715
6090,6.635414475660184,0.006635414475660184
6091,11.64806159332099,0.01164806159332099
6092,61.62620349905696,0.06162620349905696
6093,60.69717344671073,0.06069717344671073
6094,97.24621845353718,0.09724621845353718
6095,37.45494812554496,0.03745494812554496
6096,6.507762717751586,0.006507762717751586
6097,53.75374348496279,0.05375374348496279
6098,63.83468117617903,0.06383468117617903
6099,13.960278578624907,0.013960278578624906
6100,55.286197353519675,0.055286197353519674
6101,19.77671216582646,0.01977671216582646
6102,84.47300578810683,0.08447300578810683
6103,83.51614957838297,0.08351614957838296
6104,42.96290959984418,0.04296290959984418
6105,96.6743190512804,0.0966743190512804
6106,97.97738744497416,0.09797738744497415
6107,12.92510889476195,0.01292510889476195
6108,36.771380483246766,0.03677138048324677
6109,60.03214700466446,0.06003214700466446
6110,8.483780958144438,0.008483780958144439
6111,38.2655503814137,0.0382655503814137
6112,26.117208401659077,0.026117208401659077
6113,95.2050220966704,0.09520502209667041
6114,41.15858228314705,0.04115858228314705
6115,76.26708585475124,0.07626708585475124
6116,38.67053635121738,0.03867053635121738
6117,13.181207041883546,0.013181207041883546
6118,86.31515301608475,0.08631515301608475
6119,0.04169169031038589,4.1691690310385884e-05
6120,5.594087397445002,0.0055940873974450024
6121,36.43844058970432,0.03643844058970432
6122,68.68982555187365,0.06868982555187365
6123,34.17042952907757,0.034170429529077576
6124,6.631281762097496,0.0066312817620974955
6125,31.784003373414883,0.03178400337341488
6126,24.498085899016232,0.024498085899016232
6127,0.5419799818197957,0.0005419799818197957
6128,53.480191318040184,0.05348019131804018
6129,11.664591474418607,0.011664591474418607
6130,28.74962887966661,0.02874962887966661
6131,64.11898302224145,0.06411898302224145
6132,72.51156888229772,0.07251156888229772
6133,26.345562685602253,0.026345562685602255
6134,32.9193671065234,0.032919367106523406
6135,24.690923812746522,0.024690923812746523
6136,95.6888600316192,0.0956888600316192
6137,19.051972698740283,0.01905197269874028
6138,18.31806036336763,0.018318060363367628
6139,44.5035295831532,0.0445035295831532
6140,18.930635920056915,0.018930635920056914
6141,15.670845628560814,0.015670845628560814
6142,9.587953770108548,0.009587953770108548
6143,64.01712481082494,0.06401712481082494
6144,61.208225490189605,0.0612082254901896
6145,65.01628918779663,0.06501628918779663
6146,77.33000080093963,0.07733000080093963
6147,32.63580127925758,0.032635801279257574
6148,91.84237336119216,0.09184237336119216
6149,73.3204611068756,0.0733204611068756
6150,80.47085885811869,0.0804708588581187
6151,72.09621638267112,0.07209621638267112
6152,35.84556454325618,0.03584556454325618
6153,28.303248806263493,0.028303248806263493
6154,42.25170695790141,0.04225170695790141
6155,9.703036053335845,0.009703036053335844
6156,45.12805015659471,0.04512805015659471
6157,4.314098309523984,0.004314098309523983
6158,0.3945960027194495,0.0003945960027194495
6159,93.14989394746928,0.09314989394746928
6160,68.93368605878929,0.06893368605878929
6161,56.18469470659689,0.05618469470659689
6162,34.11020394230578,0.03411020394230578
6163,57.053801468507416,0.057053801468507415
6164,89.15757763383317,0.08915757763383317
6165,65.23801339438646,0.06523801339438645
6166,60.24819979535042,0.06024819979535043
6167,46.020450297167805,0.04602045029716781
6168,34.5697030650858,0.0345697030650858
6169,69.85471139217118,0.06985471139217118
6170,98.09809410158142,0.09809809410158142
6171,42.47576935205901,0.04247576935205901
6172,39.220520401420075,0.03922052040142007
6173,42.81134723650425,0.042811347236504246
6174,42.55439680497215,0.04255439680497215
6175,99.06247733684951,0.09906247733684952
6176,70.67782575093406,0.07067782575093406
6177,35.91844492105917,0.03591844492105917
6178,37.15023738267226,0.03715023738267226
6179,43.079692474405576,0.04307969247440557
6180,3.6712187580449696,0.0036712187580449696
6181,52.781640202125004,0.052781640202125
6182,81.13809515227646,0.08113809515227646
6183,66.05677932075106,0.06605677932075106
6184,19.84208467615416,0.01984208467615416
6185,72.803424137837,0.072803424137837
6186,71.94586063320303,0.07194586063320303
6187,26.253921564899706,0.026253921564899706
6188,62.28746568569351,0.06228746568569351
6189,61.094903312193615,0.06109490331219362
6190,83.97876238561815,0.08397876238561816
6191,13.607231183344126,0.013607231183344125
6192,19.483850451152275,0.019483850451152276
6193,48.596950376780526,0.04859695037678052
6194,4.414514889230703,0.0044145148892307026
6195,41.559419760170655,0.041559419760170656
6196,78.82190419997232,0.07882190419997233
6197,14.871439398399822,0.014871439398399822
6198,45.99487369365248,0.04599487369365248
6199,98.97692333824446,0.09897692333824445
6200,50.592001342486434,0.05059200134248643
6201,49.83238241220905,0.04983238241220905
6202,55.87935837241681,0.05587935837241681
6203,18.60043703327412,0.01860043703327412
6204,14.716388268594427,0.014716388268594427
6205,67.73546291151085,0.06773546291151085
6206,39.57668099057702,0.03957668099057702
6207,28.990662821547573,0.028990662821547573
6208,3.1391619919897584,0.0031391619919897583
6209,84.60504971784825,0.08460504971784824
6210,3.2328865844832744,0.003232886584483274
6211,74.99831240833194,0.07499831240833194
6212,38.198855899858096,0.038198855899858095
6213,59.86878105046502,0.05986878105046502
6214,24.767800069016232,0.024767800069016233
6215,15.539966623207313,0.015539966623207313
6216,53.33880008349474,0.05333880008349474
6217,69.56176949541437,0.06956176949541437
6218,19.549329494514655,0.019549329494514656
6219,43.63589474325642,0.04363589474325642
6220,44.46549702913957,0.04446549702913957
6221,21.59791490794628,0.02159791490794628
6222,56.504944625213106,0.056504944625213105
6223,14.593568678170065,0.014593568678170065
6224,50.974917331858,0.050974917331858
6225,11.34315113659995,0.01134315113659995
6226,48.55424088551374,0.048554240885513744
6227,31.159905487555683,0.03115990548755568
6228,45.2246292081535,0.045224629208153504
6229,43.374935944317414,0.04337493594431741
6230,90.79331228185929,0.09079331228185929
6231,48.99355999564627,0.04899355999564627
6232,81.84989038768744,0.08184989038768743
6233,22.565239291171522,0.022565239291171522
6234,35.20827946342588,0.03520827946342588
6235,7.508938063319093,0.007508938063319093
6236,42.07477948214936,0.04207477948214936
6237,66.86998870749309,0.0668699887074931
6238,83.81670341093962,0.08381670341093962
6239,56.59149117991552,0.05659149117991552
6240,64.00726695930786,0.06400726695930786
6241,17.726707761694815,0.017726707761694816
6242,3.7206038233439376,0.0037206038233439376
6243,79.1688145177316,0.0791688145177316
6244,16.703820744128638,0.01670382074412864
6245,9.116953553275241,0.00911695355327524
6246,93.75623209065952,0.09375623209065952
6247,96.35213640591765,0.09635213640591765
6248,61.62572916024946,0.061625729160249464
6249,37.86372726872934,0.037863727268729344
6250,83.32395409640519,0.0833239540964052
6251,20.471995933541244,0.020471995933541244
6252,42.939232742968194,0.042939232742968195
6253,35.70172990006017,0.035701729900060174
6254,91.26999907416817,0.09126999907416816
6255,91.97774153622737,0.09197774153622737
6256,65.08859263236664,0.06508859263236665
6257,11.074014027269186,0.011074014027269185
6258,48.21927896583025,0.048219278965830246
6259,24.532836622405675,0.024532836622405674
6260,88.49156631844819,0.08849156631844819
6261,13.840279901620189,0.013840279901620189
6262,5.431027586070735,0.005431027586070735
6263,70.44290335500783,0.07044290335500783
6264,45.32860749681529,0.04532860749681529
6265,83.83648876030844,0.08383648876030844
6266,7.462963116931176,0.007462963116931176
6267,80.10761326078425,0.08010761326078425
6268,3.7334752844158325,0.0037334752844158325
6269,2.807001191395697,0.002807001191395697
6270,46.131575173102966,0.046131575173102964
6271,22.12912896806518,0.02212912896806518
6272,59.37187070065306,0.059371870700653064
6273,2.5816994211470434,0.0025816994211470433
6274,3.538954236297853,0.0035389542362978532
6275,72.71484961719405,0.07271484961719404
6276,21.016516249231167,0.021016516249231166
6277,65.64171236607336,0.06564171236607336
6278,74.99221615007585,0.07499221615007584
6279,5.933116572496743,0.005933116572496743
6280,76.97539544642392,0.07697539544642391
6281,26.842121796128605,0.026842121796128604
6282,38.95459581997483,0.038954595819974826
6283,8.663919229531668,0.008663919229531669
6284,83.86299833648528,0.08386299833648528
6285,56.0728786325764,0.0560728786325764
6286,50.46652778471722,0.05046652778471722
6287,96.85548109027556,0.09685548109027556
6288,33.45057599406708,0.03345057599406708
6289,89.07792864766961,0.08907792864766961
6290,71.96878810646042,0.07196878810646043
6291,92.8528135852239,0.0928528135852239
6292,90.78020527624598,0.09078020527624597
6293,99.10298050260697,0.09910298050260696
6294,13.167675203715756,0.013167675203715756
6295,79.6016392091595,0.0796016392091595
6296,80.44943549475032,0.08044943549475032
6297,64.43735281784868,0.06443735281784868
6298,27.8860958238202,0.0278860958238202
6299,96.51482716283151,0.09651482716283151
6300,20.442213789020958,0.020442213789020957
6301,49.9575378358439,0.049957537835843904
6302,52.14871128191862,0.05214871128191862
6303,16.182934483603884,0.016182934483603882
6304,72.25288223332409,0.07225288223332409
6305,8.886716418023976,0.008886716418023976
6306,69.30977788467109,0.06930977788467109
6307,84.86154962906369,0.08486154962906368
6308,34.939642508239956,0.03493964250823996
6309,70.94208085992003,0.07094208085992003
6310,15.677400814784981,0.01567740081478498
6311,84.59490014528787,0.08459490014528787
6312,95.20316985532247,0.09520316985532247
6313,15.26936934997769,0.01526936934997769
6314,69.18594739723322,0.06918594739723322
6315,50.58310965565258,0.050583109655652575
6316,53.14993318323786,0.053149933183237866
6317,70.64897186006883,0.07064897186006883
6318,48.874049933643725,0.04887404993364373
6319,60.03263920177167,0.060032639201771675
6320,23.090101941137718,0.023090101941137718
6321,37.85065964886303,0.03785065964886303
6322,86.5240350071502,0.08652403500715021
6323,10.990251164838561,0.01099025116483856
6324,59.757526093363985,0.05975752609336399
6325,18.428706223489023,0.018428706223489022
6326,84.65395979233719,0.0846539597923372
6327,57.90439538535498,0.05790439538535498
6328,40.304878267027114,0.04030487826702711
6329,24.982467365181794,0.024982467365181792
6330,43.684469918963444,0.043684469918963444
6331,95.76123259217422,0.09576123259217423
6332,50.920928974362056,0.050920928974362054
6333,46.94895316998602,0.04694895316998602
6334,74.6273813500309,0.0746273813500309
6335,37.90470708319067,0.03790470708319067
6336,42.742394988079404,0.042742394988079406
6337,33.694773157161904,0.033694773157161906
6338,15.09197553293914,0.01509197553293914
6339,71.38092142026507,0.07138092142026507
6340,87.30309138836238,0.08730309138836237
6341,90.55926492427656,0.09055926492427656
6342,88.08029380377796,0.08808029380377796
6343,45.17838024379929,0.04517838024379929
6344,28.40661922031963,0.02840661922031963
6345,63.79237496008234,0.06379237496008235
6346,95.47049119060317,0.09547049119060316
6347,72.7050648168605,0.0727050648168605
6348,49.484856159015656,0.049484856159015655
6349,68.88085745134482,0.06888085745134483
6350,77.2537912454397,0.0772537912454397
6351,91.92692613280707,0.09192692613280706
6352,76.32157539721541,0.07632157539721542
6353,43.31905556359056,0.04331905556359056
6354,27.36065184654841,0.02736065184654841
6355,49.98816647295913,0.04998816647295913
6356,32.81779446054718,0.032817794460547174
6357,94.2764592687814,0.09427645926878139
6358,50.79658434499622,0.05079658434499622
6359,47.20563359640083,0.04720563359640083
6360,34.81962181548629,0.03481962181548629
6361,63.94069902916003,0.06394069902916003
6362,52.00512786209478,0.05200512786209478
6363,12.904892289825654,0.012904892289825654
6364,86.92078108304946,0.08692078108304946
6365,35.901283214379845,0.035901283214379846
6366,43.25784299581542,0.04325784299581542
6367,20.566705666357908,0.020566705666357907
6368,55.339820761788914,0.055339820761788915
6369,70.20550624285829,0.07020550624285829
6370,88.11653206259396,0.08811653206259396
6371,5.160766497226266,0.005160766497226266
6372,97.33319096993783,0.09733319096993784
6373,70.38177420203567,0.07038177420203567
6374,28.42986844115174,0.02842986844115174
6375,20.447475501396607,0.020447475501396608
6376,29.608791865459793,0.029608791865459793
6377,87.57257516664424,0.08757257516664424
6378,29.13901731959504,0.02913901731959504
6379,46.282113455723575,0.04628211345572358
6380,70.57380542422325,0.07057380542422326
6381,87.19898637238856,0.08719898637238856
6382,65.85711623461042,0.06585711623461042
6383,75.31091965344227,0.07531091965344226
6384,17.33267962959556,0.01733267962959556
6385,87.74078276911388,0.08774078276911387
6386,27.571918361811065,0.027571918361811065
6387,12.83781640565157,0.01283781640565157
6388,97.62442903406694,0.09762442903406693
6389,20.1639925454161,0.0201639925454161
6390,13.665197007797648,0.013665197007797648
6391,62.60209001017866,0.06260209001017866
6392,31.886314949609528,0.03188631494960953
6393,13.334920518049332,0.013334920518049331
6394,60.1121117215876,0.060112111721587605
6395,75.89852272222355,0.07589852272222354
6396,79.31983742071566,0.07931983742071566
6397,15.551260101227237,0.015551260101227237
6398,55.686706793994226,0.05568670679399423
6399,81.36783706814606,0.08136783706814606
6400,16.108701142418525,0.016108701142418524
6401,20.76822517706749,0.02076822517706749
6402,0.241139743167762,0.000241139743167762
6403,52.46341563952881,0.05246341563952881
6404,19.46816968619509,0.01946816968619509
6405,72.42425757268991,0.07242425757268992
6406,96.22138556176057,0.09622138556176058
6407,20.875548899907027,0.020875548899907028
6408,64.90970117635327,0.06490970117635327
6409,21.183446145851136,0.021183446145851135
6410,1.8006858979704,0.0018006858979703999
6411,75.85541942145848,0.07585541942145847
6412,43.40046766508928,0.04340046766508928
6413,94.67868615146531,0.09467868615146531
6414,53.42858821434056,0.05342858821434056
6415,15.748286897568399,0.0157482868975684
6416,44.97744417972779,0.044977444179727794
6417,20.28917948060165,0.02028917948060165
6418,87.80292726865746,0.08780292726865746
6419,69.09031808875248,0.06909031808875249
6420,34.12388046547036,0.03412388046547036
6421,52.78203228071404,0.05278203228071404
6422,66.94801882130285,0.06694801882130286
6423,78.28577166454252,0.07828577166454252
6424,8.014720987054169,0.008014720987054169
6425,2.2518841995246786,0.0022518841995246785
6426,11.445269716988982,0.011445269716988981
6427,39.4996310172563,0.0394996310172563
6428,46.6706610082092,0.0466706610082092
6429,13.646163021384838,0.013646163021384838
6430,41.11531378996053,0.04111531378996053
6431,44.162278636183046,0.04416227863618304
6432,10.908996367748669,0.010908996367748669
6433,91.6659960195734,0.0916659960195734
6434,59.91459275877076,0.05991459275877076
6435,38.85355304562821,0.03885355304562821
6436,50.69071834722067,0.050690718347220665
6437,31.419748646880674,0.03141974864688067
6438,85.4331031644593,0.0854331031644593
6439,57.501504156850366,0.05750150415685037
6440,49.489581439354346,0.04948958143935435
6441,91.08854030955976,0.09108854030955976
6442,83.79796982340677,0.08379796982340677
6443,81.28018914258493,0.08128018914258493
6444,22.560920423184417,0.022560920423184416
6445,15.312311146835677,0.015312311146835678
6446,69.00965197127476,0.06900965197127476
6447,46.864225634139586,0.046864225634139584
6448,68.37127129568435,0.06837127129568435
6449,76.06272321111163,0.07606272321111163
6450,29.531350734475094,0.029531350734475093
6451,28.46504331228087,0.02846504331228087
6452,49.08315662581837,0.049083156625818365
6453,27.354931352649736,0.027354931352649735
6454,66.72952760161995,0.06672952760161995
6455,74.67304458807168,0.07467304458807168
6456,47.203894605324436,0.04720389460532443
6457,72.37997655986432,0.07237997655986432
6458,51.04375690707762,0.051043756907077624
6459,71.28717219670092,0.07128717219670092
6460,22.496824779572535,0.022496824779572534
6461,73.8843045933042,0.0738843045933042
6462,71.51240234570177,0.07151240234570178
6463,26.660570704917763,0.026660570704917765
6464,55.5970991040175,0.0555970991040175
6465,85.53116678744016,0.08553116678744016
6466,24.952264697243898,0.024952264697243896
6467,73.59797840146763,0.07359797840146763
6468,95.39667171468871,0.09539667171468871
6469,86.62419197575649,0.08662419197575649
6470,40.152008268027615,0.04015200826802762
6471,60.720773298813846,0.06072077329881385
6472,99.17701342527039,0.09917701342527038
6473,56.84374113757185,0.056843741137571846
6474,11.502760243036658,0.011502760243036658
6475,4.543075477876091,0.004543075477876091
6476,79.03145097440284,0.07903145097440284
6477,42.36283254018461,0.042362832540184615
6478,24.681289062919443,0.024681289062919443
6479,34.7672030660947,0.0347672030660947
6480,75.73728665464523,0.07573728665464523
6481,46.52473356338292,0.046524733563382915
6482,86.84994925258765,0.08684994925258765
6483,73.49255887776994,0.07349255887776994
6484,97.4014150445425,0.0974014150445425
6485,88.85037667898433,0.08885037667898434
6486,25.454721178600913,0.02545472117860091
6487,65.90592328025534,0.06590592328025534
6488,2.0543034528143878,0.002054303452814388
6489,99.11067244295982,0.09911067244295982
6490,26.100610880259655,0.026100610880259657
6491,66.4795093623584,0.0664795093623584
6492,84.91536211995653,0.08491536211995653
6493,16.046466272797144,0.016046466272797145
6494,84.78793428104791,0.08478793428104792
6495,1.2245665790822424,0.0012245665790822425
6496,44.19771380854074,0.04419771380854074
6497,47.203762253113844,0.047203762253113846
6498,37.40907132587359,0.03740907132587359
6499,58.63847463004998,0.05863847463004998
6500,91.48423487026321,0.0914842348702632
6501,32.69891143002891,0.032698911430028905
6502,57.925988716642415,0.05792598871664242
6503,87.74625257433229,0.08774625257433229
6504,77.29953951013782,0.07729953951013782
6505,4.0733264805496,0.0040733264805496
6506,94.27907641276623,0.09427907641276623
6507,4.664690425861274,0.004664690425861273
6508,58.87584743743296,0.05887584743743296
6509,57.53536203151648,0.05753536203151648
6510,78.6390230702316,0.0786390230702316
6511,14.844305184897767,0.014844305184897768
6512,17.937039206270377,0.017937039206270378
6513,75.21069327383604,0.07521069327383605
6514,14.950475241162508,0.014950475241162508
6515,46.944512706563955,0.046944512706563954
6516,73.16480902109319,0.0731648090210932
6517,65.12419287826812,0.06512419287826812
6518,21.060418611309515,0.021060418611309514
6519,30.396025868608557,0.030396025868608557
6520,96.8974903241041,0.0968974903241041
6521,44.86706201548839,0.044867062015488395
6522,4.445747643638054,0.004445747643638054
6523,21.958489946633264,0.021958489946633266
6524,34.24350896618377,0.03424350896618377
6525,99.94894042945859,0.0999489404294586
6526,30.26915474769186,0.03026915474769186
6527,2.6395848782544973,0.0026395848782544973
6528,51.292157755533594,0.05129215775553359
6529,8.360538497397707,0.008360538497397707
6530,27.406759869572184,0.027406759869572184
6531,99.23831760939392,0.09923831760939392
6532,70.46385189301544,0.07046385189301545
6533,5.066662928287036,0.005066662928287035
6534,44.8686718591796,0.0448686718591796
6535,17.16375126288493,0.01716375126288493
6536,12.294465640212128,0.012294465640212127
6537,58.7065413348802,0.0587065413348802
6538,50.56558896402157,0.05056558896402157
6539,74.28665843155082,0.07428665843155081
6540,89.23062282318597,0.08923062282318597
6541,24.668185743166195,0.024668185743166194
6542,92.2991986655397,0.0922991986655397
6543,51.799177255409546,0.05179917725540955
6544,25.883491818511718,0.025883491818511718
6545,84.57858381026094,0.08457858381026094
6546,3.55299180290225,0.00355299180290225
6547,55.95093774729606,0.05595093774729606
6548,72.16215350299666,0.07216215350299666
6549,27.997768715614324,0.027997768715614324
6550,86.34919175632179,0.08634919175632179
6551,24.028456335798488,0.024028456335798486
6552,83.98742827317392,0.08398742827317392
6553,7.854496383245724,0.007854496383245724
6554,15.99275918684313,0.01599275918684313
6555,38.098458390190814,0.03809845839019081
6556,85.40555127981793,0.08540555127981793
6557,14.458536512678243,0.014458536512678243
6558,87.54382397942415,0.08754382397942415
6559,22.97315266127937,0.02297315266127937
6560,45.250839859452874,0.04525083985945287
6561,35.27344042603377,0.035273440426033774
6562,11.812622661452355,0.011812622661452355
6563,94.43097395191401,0.09443097395191401
6564,43.81782907522135,0.043817829075221346
6565,69.03312613561945,0.06903312613561946
6566,57.52676766640311,0.05752676766640311
6567,50.17159168522074,0.05017159168522074
6568,61.657762355684895,0.061657762355684896
6569,89.83423062024289,0.08983423062024289
6570,69.93123756941095,0.06993123756941096
6571,53.24800794552211,0.05324800794552211
6572,64.51859606659764,0.06451859606659764
6573,60.639428050902154,0.06063942805090215
6574,43.31212074863131,0.043312120748631305
6575,62.476401013045034,0.06247640101304503
6576,44.35698001641636,0.04435698001641636
6577,75.76143778719123,0.07576143778719123
6578,96.89124835222856,0.09689124835222857
6579,95.98653574972292,0.09598653574972292
6580,82.07357864249805,0.08207357864249805
6581,60.175889705948514,0.06017588970594851
6582,74.93319880707405,0.07493319880707405
6583,17.804829525755437,0.017804829525755437
6584,47.90184573139226,0.04790184573139226
6585,25.730476499136433,0.025730476499136432
6586,0.3494981109347095,0.0003494981109347095
6587,96.6737574672076,0.09667375746720759
6588,86.38485618518413,0.08638485618518413
6589,51.369861846992684,0.05136986184699269
6590,25.415228811900683,0.025415228811900684
6591,69.29752101992366,0.06929752101992366
6592,43.48010845499275,0.043480108454992755
6593,80.33495334226994,0.08033495334226994
6594,99.95181101809494,0.09995181101809494
6595,34.908260748987004,0.034908260748987
6596,24.440304347804776,0.024440304347804778
6597,26.738248879475822,0.02673824887947582
6598,9.334624568067195,0.009334624568067195
6599,39.40461965001554,0.03940461965001554
6600,1.7425052716909306,0.0017425052716909307
6601,11.43955574012756,0.011439555740127559
6602,27.169574727267033,0.027169574727267033
6603,15.986277590948072,0.015986277590948072
6604,73.21590995007253,0.07321590995007253
6605,10.560479086790032,0.010560479086790033
6606,86.59941050245247,0.08659941050245247
6607,22.111450371095287,0.022111450371095288
6608,10.859061697156768,0.010859061697156768
6609,1.0106644431258527,0.0010106644431258527
6610,71.52050043221465,0.07152050043221464
6611,25.6616745938542,0.0256616745938542
6612,50.94986051377748,0.05094986051377748
6613,11.161604667215574,0.011161604667215575
6614,98.52959232362493,0.09852959232362493
6615,12.538473906995529,0.012538473906995529
6616,41.19259266418782,0.04119259266418782
6617,85.16495023344659,0.08516495023344658
6618,24.48869484804068,0.02448869484804068
6619,26.69717853461734,0.02669717853461734
6620,80.84995158907329,0.08084995158907328
6621,27.33396571920127,0.02733396571920127
6622,0.28713110948129783,0.0002871311094812978
6623,42.79137204899498,0.04279137204899498
6624,1.253520967847499,0.001253520967847499
6625,90.97922838293668,0.09097922838293668
6626,64.18132241792209,0.06418132241792208
6627,58.30142662212422,0.05830142662212422
6628,20.15895108623631,0.02015895108623631
6629,69.99461854286363,0.06999461854286364
6630,67.72546436783458,0.06772546436783458
6631,6.046357392536494,0.006046357392536494
6632,88.08465308105725,0.08808465308105726
6633,57.94133629298055,0.05794133629298055
6634,79.24668810386102,0.07924668810386101
6635,26.291407212884423,0.02629140721288442
6636,12.204779975345414,0.012204779975345413
6637,70.24495731867846,0.07024495731867846
6638,79.38826862551622,0.07938826862551622
6639,38.60335336192914,0.03860335336192914
6640,2.369227531631124,0.002369227531631124
6641,81.82540246538646,0.08182540246538646
6642,20.609390633044068,0.020609390633044067
6643,33.90319418974882,0.03390319418974882
6644,62.82310077771302,0.06282310077771303
6645,9.995471921130273,0.009995471921130273
6646,7.199576613846315,0.007199576613846315
6647,2.570377157527426,0.002570377157527426
6648,91.66398602394554,0.09166398602394554
6649,31.138274426865564,0.031138274426865564
6650,66.06588151171319,0.06606588151171319
6651,98.92352490177421,0.09892352490177421
6652,66.94507935619434,0.06694507935619434
6653,52.509479585618,0.052509479585618
6654,52.09199335172385,0.05209199335172385
6655,37.69171484555517,0.03769171484555517
6656,59.97796559550853,0.059977965595508526
6657,95.87913895457044,0.09587913895457044
6658,78.80440336983101,0.07880440336983101
6659,42.42266170332375,0.04242266170332375
6660,33.24448290325333,0.033244482903253325
6661,88.35315296231214,0.08835315296231214
6662,13.578582562659381,0.013578582562659381
6663,84.95852569643017,0.08495852569643017
6664,25.507676134233236,0.025507676134233236
6665,71.56292357759177,0.07156292357759178
6666,80.622058077483,0.080622058077483
6667,47.699651726347255,0.047699651726347256
6668,19.228397614227433,0.019228397614227434
6669,84.47677434623753,0.08447677434623753
6670,36.750834505331476,0.036750834505331474
6671,32.06802604825193,0.03206802604825193
6672,51.00161823534396,0.051001618235343965
6673,43.50862411039177,0.043508624110391775
6674,68.30522170387242,0.06830522170387242
6675,13.719780837266537,0.013719780837266536
6676,43.5689654047873,0.0435689654047873
6677,89.1701811225204,0.0891701811225204
6678,3.606270943972545,0.003606270943972545
6679,45.73383331533264,0.045733833315332637
6680,66.05319663852102,0.06605319663852102
6681,88.77110870419853,0.08877110870419852
6682,59.378622693317574,0.059378622693317576
6683,82.44842712393286,0.08244842712393285
6684,22.269101895928646,0.022269101895928647
6685,35.280943622785955,0.03528094362278596
6686,94.21322739280427,0.09421322739280427
6687,88.59751130926863,0.08859751130926863
6688,55.795298268870454,0.055795298268870454
6689,47.548833779484525,0.047548833779484524
6690,45.10673914544585,0.04510673914544585
6691,5.878966156701604,0.005878966156701604
6692,89.23771039565669,0.08923771039565669
6693,81.81495084153354,0.08181495084153355
6694,45.62511447278671,0.045625114472786714
6695,27.94399727194734,0.027943997271947338
6696,34.292060642653055,0.034292060642653055
6697,12.316058587288946,0.012316058587288946
6698,72.17897413057226,0.07217897413057225
6699,55.66698565548577,0.055666985655485765
6700,23.410342282489495,0.023410342282489494
6701,62.30055720776897,0.06230055720776897
6702,97.92302142549747,0.09792302142549747
6703,12.23951354761792,0.01223951354761792
6704,45.848501062532776,0.04584850106253278
6705,49.41588209221267,0.04941588209221267
6706,16.67972138238024,0.01667972138238024
6707,53.15802109973148,0.05315802109973148
6708,60.597725854809006,0.060597725854809006
6709,15.73445388184953,0.01573445388184953
6710,15.47238990088764,0.01547238990088764
6711,85.6348715633756,0.0856348715633756
6712,31.138743667004487,0.031138743667004486
6713,63.033338707863095,0.0630333387078631
6714,62.67730756752141,0.0626773075675214
6715,83.9170875582635,0.0839170875582635
6716,73.98946312315235,0.07398946312315234
6717,84.05764334382778,0.08405764334382777
6718,62.52147896506657,0.06252147896506657
6719,44.9457160513994,0.0449457160513994
6720,39.35665213130747,0.03935665213130747
6721,37.90297666614359,0.03790297666614359
6722,41.83930979091578,0.041839309790915775
6723,12.930925215377032,0.012930925215377032
6724,42.395837100316704,0.042395837100316705
6725,38.94449072026212,0.03894449072026212
6726,3.457166331823147,0.0034571663318231473
6727,27.513075532634,0.027513075532634
6728,75.19069747402169,0.07519069747402168
6729,57.79455714096253,0.05779455714096253
6730,80.61674967560302,0.08061674967560302
6731,54.26880443807649,0.05426880443807649
6732,85.40837654752674,0.08540837654752674
6733,79.60670996017167,0.07960670996017168
6734,9.828457014224712,0.009828457014224712
6735,97.70063680159925,0.09770063680159924
6736,1.4747446901328787,0.0014747446901328786
6737,59.683803792961854,0.059683803792961856
6738,79.25115093167622,0.07925115093167621
6739,33.18941398509034,0.03318941398509034
6740,59.85697922971579,0.05985697922971579
6741,36.21225308474483,0.03621225308474483
6742,6.061497500750191,0.006061497500750191
6743,0.8461519089330904,0.0008461519089330904
6744,9.486203011118832,0.009486203011118832
6745,9.840959412004679,0.009840959412004678
6746,61.088977739375,0.061088977739374994
6747,52.58652309625133,0.05258652309625133
6748,45.546330017314204,0.0455463300173142
6749,69.19214756024175,0.06919214756024175
6750,1.6826137012448394,0.0016826137012448394
6751,27.09834814157309,0.02709834814157309
6752,77.73927312876279,0.07773927312876279
6753,90.99771065171186,0.09099771065171186
6754,43.83365962375816,0.04383365962375816
6755,8.148398013846636,0.008148398013846637
6756,79.8728739228488,0.0798728739228488
6757,88.51704332727336,0.08851704332727335
6758,41.366027069371945,0.041366027069371945
6759,24.3355253920277,0.024335525392027702
6760,4.39716682229453,0.0043971668222945294
6761,59.10828218948559,0.05910828218948559
6762,90.98694905624993,0.09098694905624993
6763,67.78880255203256,0.06778880255203257
6764,31.724859789473435,0.03172485978947343
6765,64.28883242899668,0.06428883242899669
6766,83.20684074480255,0.08320684074480254
6767,47.58300593494579,0.047583005934945785
6768,81.97484899978386,0.08197484899978386
6769,39.190967666635416,0.039190967666635414
6770,34.85056785957706,0.03485056785957706
6771,58.2988625878554,0.0582988625878554
6772,46.468641769448126,0.04646864176944813
6773,97.71119204610832,0.09771119204610833
6774,51.63894235281747,0.05163894235281747
6775,38.51720289160215,0.038517202891602154
6776,39.493354312853626,0.039493354312853626
6777,54.79399506131166,0.05479399506131166
6778,35.491203800819534,0.035491203800819535
6779,72.29066019649359,0.07229066019649359
6780,38.06629277016409,0.03806629277016409
6781,38.41443865252431,0.03841443865252431
6782,61.69732493768046,0.061697324937680466
6783,6.084687269600996,0.006084687269600996
6784,65.53549181151462,0.06553549181151462
6785,50.49722171586871,0.05049722171586871
6786,45.302611428664164,0.045302611428664166
6787,71.92529907079513,0.07192529907079513
6788,75.82557820048609,0.07582557820048609
6789,84.62608634124594,0.08462608634124594
6790,37.48031208174473,0.03748031208174473
6791,32.70376922533811,0.03270376922533811
6792,71.43421014945194,0.07143421014945195
6793,58.18048591404459,0.05818048591404459
6794,63.180154635181665,0.06318015463518166
6795,55.55229071058353,0.05555229071058353
6796,77.26930232038545,0.07726930232038545
6797,19.004088849215318,0.01900408884921532
6798,55.57121327413967,0.05557121327413967
6799,15.81017889436298,0.01581017889436298
6800,40.72519392909919,0.04072519392909919
6801,66.39938234160748,0.06639938234160747
6802,49.30716083141704,0.04930716083141704
6803,37.959153667218125,0.03795915366721812
6804,88.4970001415606,0.0884970001415606
6805,77.28257144974783,0.07728257144974783
6806,52.629078500037494,0.05262907850003749
6807,95.00531556754879,0.09500531556754879
6808,42.43652894349938,0.042436528943499384
6809,78.8072927588106,0.0788072927588106
6810,16.793623980141792,0.01679362398014179
6811,28.579247711059697,0.028579247711059696
6812,33.808558133395486,0.033808558133395485
6813,10.582075270452329,0.010582075270452329
6814,50.180481507606785,0.05018048150760678
6815,19.226013412649568,0.019226013412649567
6816,63.41858894496586,0.06341858894496587
6817,19.00923595730183,0.01900923595730183
6818,12.350625733927533,0.012350625733927532
6819,96.90867275989245,0.09690867275989246
6820,65.82403058111062,0.06582403058111062
6821,93.64509147084885,0.09364509147084886
6822,48.9887791993232,0.0489887791993232
6823,3.3402463063374244,0.0033402463063374245
6824,57.43711704314439,0.05743711704314439
6825,55.83288868357085,0.05583288868357085
6826,1.4975605936593972,0.0014975605936593972
6827,86.12420444018316,0.08612420444018316
6828,61.997068061642466,0.061997068061642464
6829,74.46911693761461,0.07446911693761461
6830,49.39211061575146,0.04939211061575146
6831,61.8402437908263,0.061840243790826296
6832,25.74698932285242,0.02574698932285242
6833,97.37577677686473,0.09737577677686472
6834,40.07200075476651,0.04007200075476652
6835,16.232662133762908,0.01623266213376291
6836,5.591541837462732,0.005591541837462732
6837,63.61719330853711,0.06361719330853711
6838,98.33798511764557,0.09833798511764558
6839,89.57944968462816,0.08957944968462817
6840,70.21045674864136,0.07021045674864136
6841,99.05979289928608,0.09905979289928608
6842,72.28282620421065,0.07228282620421066
6843,33.9251123401396,0.0339251123401396
6844,60.121813306017316,0.06012181330601732
6845,7.976664248556153,0.007976664248556153
6846,22.168249022254084,0.022168249022254085
6847,41.75402359284922,0.04175402359284922
6848,20.181849356304525,0.020181849356304526
6849,95.35010148281707,0.09535010148281707
6850,99.55975267446495,0.09955975267446494
6851,37.093592012166546,0.03709359201216655
6852,70.92289860771986,0.07092289860771986
6853,40.77707306632406,0.040777073066324054
6854,13.95092043862064,0.01395092043862064
6855,33.69268477021086,0.03369268477021086
6856,23.33716987156632,0.02333716987156632
6857,32.807822040741975,0.03280782204074197
6858,21.502168839771652,0.021502168839771654
6859,11.23451190582464,0.01123451190582464
6860,21.742842936241292,0.02174284293624129
6861,90.57570318298428,0.09057570318298429
6862,8.522167577652873,0.008522167577652872
6863,32.47566437552345,0.032475664375523454
6864,52.84498945026353,0.05284498945026353
6865,35.45126561783568,0.03545126561783568
6866,51.760709501888726,0.05176070950188873
6867,4.342006023435396,0.004342006023435397
6868,64.85696333643777,0.06485696333643777
6869,56.34788015560602,0.05634788015560602
6870,68.09662658546915,0.06809662658546915
6871,56.7257815827237,0.0567257815827237
6872,43.79035824256632,0.04379035824256632
6873,35.01415422940825,0.03501415422940825
6874,22.64351900997762,0.02264351900997762
6875,50.00677268066126,0.050006772680661254
6876,2.6052452377506974,0.0026052452377506976
6877,32.82408280993258,0.03282408280993258
6878,67.78722935645294,0.06778722935645294
6879,10.871703968635927,0.010871703968635927
6880,6.289124231952858,0.006289124231952858
6881,65.21786052913653,0.06521786052913653
6882,39.777472114235024,0.039777472114235025
6883,80.1825036549381,0.0801825036549381
6884,93.73113039713239,0.09373113039713239
6885,95.7040453732577,0.0957040453732577
6886,42.55928538941792,0.042559285389417924
6887,26.43272242750323,0.02643272242750323
6888,60.8613738742478,0.0608613738742478
6889,62.819292592823636,0.06281929259282364
6890,62.23449360758967,0.06223449360758967
6891,32.17786137188811,0.03217786137188811
6892,6.375173641730303,0.006375173641730303
6893,21.000483882559895,0.021000483882559894
6894,15.441942802223373,0.015441942802223373
6895,12.390034578331022,0.012390034578331021
6896,92.6283321071573,0.0926283321071573
6897,1.3847645973967926,0.0013847645973967925
6898,60.18577392363217,0.06018577392363217
6899,94.74737957401368,0.09474737957401368
6900,36.00531274941279,0.036005312749412786
6901,52.70980891724625,0.05270980891724625
6902,69.57836634751597,0.06957836634751596
6903,31.716969465823887,0.031716969465823884
6904,47.765198770724915,0.047765198770724916
6905,81.7102850332752,0.0817102850332752
6906,74.53556652802635,0.07453556652802636
6907,80.84494114928407,0.08084494114928407
6908,98.7340163627656,0.0987340163627656
6909,37.032747493617904,0.0370327474936179
6910,74.70912629357731,0.07470912629357732
6911,60.27845671019829,0.06027845671019829
6912,66.66047672211963,0.06666047672211962
6913,73.98739048329345,0.07398739048329345
6914,74.97313169463148,0.07497313169463148
6915,88.57451492948196,0.08857451492948197
6916,34.93216752360554,0.03493216752360554
6917,65.34813561119105,0.06534813561119106
6918,28.029043159685585,0.028029043159685584
6919,59.45687051169751,0.05945687051169751
6920,75.11751401719279,0.07511751401719279
6921,79.10010861616404,0.07910010861616404
6922,42.01245029891227,0.04201245029891227
6923,50.872022320135976,0.050872022320135976
6924,33.38498511701729,0.033384985117017284
6925,16.903634653963053,0.016903634653963055
6926,26.05174051925322,0.026051740519253217
6927,91.21370048998244,0.09121370048998244
6928,30.896954240931596,0.030896954240931595
6929,97.47593335456102,0.09747593335456102
6930,24.147808521538174,0.024147808521538174
6931,72.30710874810448,0.07230710874810448
6932,57.39032935718357,0.057390329357183564
6933,69.68700495247985,0.06968700495247986
6934,64.3957946609181,0.0643957946609181
6935,70.67485835975891,0.07067485835975891
6936,90.55470484354589,0.09055470484354589
6937,56.346949606248145,0.05634694960624814
6938,6.78487829039952,0.006784878290399521
6939,27.082543444689954,0.027082543444689952
6940,70.82189804087639,0.0708218980408764
6941,49.407462797567334,0.04940746279756733
6942,54.85519826196869,0.05485519826196869
6943,59.65804553802915,0.05965804553802915
6944,38.262927298456994,0.03826292729845699
6945,77.38955250878551,0.07738955250878551
6946,72.35348838965486,0.07235348838965486
6947,71.42994121931139,0.07142994121931139
6948,71.53101740349447,0.07153101740349448
6949,89.03580016542479,0.08903580016542478
6950,59.53927794432744,0.05953927794432744
6951,96.70721994969583,0.09670721994969583
6952,11.91926843906379,0.01191926843906379
6953,63.19589765938643,0.06319589765938644
6954,71.69265459357955,0.07169265459357954
6955,47.722041095435955,0.04772204109543596
6956,28.820838645693648,0.02882083864569365
6957,55.003745271109906,0.055003745271109905
6958,36.47476802907027,0.03647476802907027
6959,90.91240710678164,0.09091240710678164
6960,35.679241253325486,0.035679241253325486
6961,17.57069927021291,0.01757069927021291
6962,57.638914016545286,0.057638914016545285
6963,39.599259138036935,0.039599259138036934
6964,9.589814480084103,0.009589814480084103
6965,56.48423509979084,0.056484235099790836
6966,53.78464111657014,0.053784641116570144
6967,17.31970866331951,0.01731970866331951
6968,59.76381689598429,0.05976381689598429
6969,56.7358973857489,0.0567358973857489
6970,77.3612623041591,0.0773612623041591
6971,36.15699298426344,0.03615699298426344
6972,24.87595236636393,0.02487595236636393
6973,95.12198869707755,0.09512198869707755
6974,56.12175227827881,0.056121752278278814
6975,2.7139958884180304,0.0027139958884180304
6976,82.07116841117433,0.08207116841117433
6977,19.675806091894078,0.019675806091894076
6978,78.60363176458435,0.07860363176458435
6979,70.51624271559648,0.07051624271559648
6980,96.88137242631572,0.09688137242631573
6981,96.55793015945262,0.09655793015945262
6982,27.441062465575992,0.027441062465575993
6983,76.64495812234185,0.07664495812234184
6984,31.685508577992394,0.03168550857799239
6985,62.91979388295943,0.06291979388295943
6986,59.77460849545931,0.05977460849545931
6987,5.454351562116466,0.005454351562116466
6988,0.5181749835357574,0.0005181749835357574
6989,5.776401459480951,0.005776401459480951
6990,12.79420475317411,0.01279420475317411
6991,25.765249134777367,0.025765249134777367
6992,90.69552232425625,0.09069552232425625
6993,51.86326753466864,0.05186326753466864
6994,79.68917388407887,0.07968917388407887
6995,83.83117521072082,0.08383117521072081
6996,73.49430985905411,0.07349430985905411
6997,39.13851244205719,0.03913851244205719
6998,86.38593938409828,0.08638593938409828
6999,74.20497533209206,0.07420497533209205
7000,74.31514434050524,0.07431514434050525
7001,90.15743271655693,0.09015743271655692
7002,59.86634724576837,0.059866347245768364
7003,52.857442996217664,0.05285744299621766
7004,89.01625575970753,0.08901625575970754
7005,45.44617281641968,0.04544617281641968
7006,81.15706960288429,0.0811570696028843
7007,5.384636044480773,0.005384636044480773
7008,0.1289944456322134,0.0001289944456322134
7009,52.829248960435685,0.052829248960435685
7010,7.361189381638022,0.007361189381638022
7011,97.65430134530637,0.09765430134530637
7012,0.5501174039798773,0.0005501174039798773
7013,71.81496364986464,0.07181496364986464
7014,24.338469578622068,0.02433846957862207
7015,96.75520052720562,0.09675520052720561
7016,38.154165062789616,0.03815416506278962
7017,2.728342626386515,0.002728342626386515
7018,2.693576540878273,0.002693576540878273
7019,55.33733717246886,0.05533733717246886
7020,98.67119790312812,0.09867119790312812
7021,97.97735350457194,0.09797735350457194
7022,33.72729722892658,0.03372729722892658
7023,48.2703649188897,0.0482703649188897
7024,10.04558057978161,0.01004558057978161
7025,52.217685599173166,0.05221768559917316
7026,59.97015990482731,0.05997015990482731
7027,25.106166561132103,0.025106166561132102
7028,61.21144359151738,0.06121144359151738
7029,89.96927516962539,0.08996927516962538
7030,0.09553334234805311,9.553334234805311e-05
7031,22.893377430794448,0.022893377430794448
7032,20.991956332393812,0.020991956332393813
7033,12.388620303382702,0.012388620303382702
7034,16.610121273710188,0.01661012127371019
7035,62.59125453653876,0.06259125453653876
7036,10.269439015064263,0.010269439015064262
7037,73.85316090207216,0.07385316090207217
7038,88.70225905583834,0.08870225905583834
7039,92.6587724178369,0.0926587724178369
7040,66.01758143197009,0.06601758143197009
7041,19.739641063361603,0.019739641063361603
7042,8.529657553990788,0.008529657553990789
7043,23.20249538069996,0.02320249538069996
7044,96.19571857850426,0.09619571857850426
7045,96.23452017507121,0.09623452017507121
7046,38.191888391834205,0.038191888391834204
7047,32.57915410975506,0.03257915410975506
7048,51.00105822590654,0.05100105822590654
7049,29.16880914674007,0.029168809146740072
7050,97.96624516555633,0.09796624516555633
7051,22.122139002457743,0.022122139002457745
7052,36.91426821827686,0.03691426821827686
7053,42.93708757001783,0.04293708757001783
7054,12.506402308116215,0.012506402308116215
7055,38.282482677012986,0.03828248267701299
7056,85.67307201019733,0.08567307201019733
7057,14.036100145675846,0.014036100145675846
7058,58.402195082618725,0.05840219508261873
7059,40.66371380600168,0.04066371380600168
7060,17.053672611745473,0.017053672611745473
7061,1.2336164449205822,0.0012336164449205822
7062,27.334330348990022,0.02733433034899002
7063,6.182896069800192,0.006182896069800192
7064,37.67684712967352,0.03767684712967352
7065,81.02098556993457,0.08102098556993456
7066,71.96852608776125,0.07196852608776125
7067,94.73837117017669,0.0947383711701767
7068,42.70154173370692,0.04270154173370692
7069,70.78013985918528,0.07078013985918528
7070,66.53417221020203,0.06653417221020202
7071,21.704630315825955,0.021704630315825955
7072,30.358250523265852,0.03035825052326585
7073,52.98295333977603,0.05298295333977603
7074,79.66573190059219,0.07966573190059219
7075,46.18127344629326,0.04618127344629326
7076,22.774153617552727,0.022774153617552726
7077,99.34656902803698,0.09934656902803699
7078,11.557880635366846,0.011557880635366845
7079,95.58889074913279,0.0955888907491328
7080,80.90462884304887,0.08090462884304887
7081,83.88935193078518,0.08388935193078519
7082,79.49175830914994,0.07949175830914994
7083,20.8170941304622,0.020817094130462198
7084,63.25823773952418,0.06325823773952419
7085,75.67498124509318,0.07567498124509318
7086,74.56857921016514,0.07456857921016515
7087,27.15653705440776,0.02715653705440776
7088,18.11193877636814,0.01811193877636814
7089,32.81229839145492,0.032812298391454914
7090,47.98444803773918,0.04798444803773918
7091,57.378074706367656,0.05737807470636765
7092,83.69503623191605,0.08369503623191604
7093,76.9034227704616,0.0769034227704616
7094,67.61505256665161,0.06761505256665161
7095,26.348929294276058,0.02634892929427606
7096,47.88804989349433,0.047888049893494336
7097,33.54358741279611,0.03354358741279611
7098,23.492817955053415,0.023492817955053414
7099,1.0245360383479452,0.0010245360383479452
7100,33.946197057069064,0.03394619705706906
7101,25.61162677146215,0.02561162677146215
7102,57.19023269668166,0.057190232696681664
7103,6.2301770283712194,0.006230177028371219
7104,27.05195967102011,0.02705195967102011
7105,4.476948998841534,0.004476948998841534
7106,64.14179045134361,0.0641417904513436
7107,56.81895585686249,0.05681895585686249
7108,33.74800230744732,0.033748002307447324
7109,14.73346004355438,0.014733460043554381
7110,95.79198327687351,0.09579198327687351
7111,58.43924473886134,0.05843924473886134
7112,67.91133665720679,0.06791133665720679
7113,53.134875326945185,0.053134875326945184
7114,80.6533247646205,0.0806533247646205
7115,89.63800495481213,0.08963800495481213
7116,38.27105435976298,0.038271054359762975
7117,69.00253122306106,0.06900253122306106
7118,22.988748454639698,0.022988748454639697
7119,65.18550471620385,0.06518550471620385
7120,39.915562997655265,0.039915562997655266
7121,0.6781599401304961,0.000678159940130496
7122,95.55278684226207,0.09555278684226207
7123,86.84415455387189,0.08684415455387189
7124,29.08365503460284,0.02908365503460284
7125,99.77573142328605,0.09977573142328605
7126,31.712767455653413,0.031712767455653414
7127,45.88441864590747,0.04588441864590748
7128,85.12590261744171,0.08512590261744171
7129,30.459635132804085,0.030459635132804086
7130,45.05402843875,0.045054028438750005
7131,66.55871671232555,0.06655871671232555
7132,13.046755477242822,0.013046755477242822
7133,42.23503686917177,0.04223503686917177
7134,30.940993736162646,0.030940993736162645
7135,67.6774305864818,0.0676774305864818
7136,13.596939006037179,0.013596939006037178
7137,23.27314791009374,0.02327314791009374
7138,71.13762037524828,0.07113762037524828
7139,15.62243697241148,0.01562243697241148
7140,42.20192622398897,0.04220192622398897
7141,71.28807220926188,0.07128807220926188
7142,76.54683844300052,0.07654683844300053
7143,9.488117867166846,0.009488117867166846
7144,85.19956094194782,0.08519956094194782
7145,72.39723011299664,0.07239723011299663
7146,33.92945886933138,0.03392945886933138
7147,76.380285233024,0.076380285233024
7148,72.8298865340659,0.07282988653406591
7149,60.089122650838554,0.06008912265083855
7150,55.84811734058444,0.05584811734058444
7151,73.47034888995854,0.07347034888995854
7152,99.92599017054545,0.09992599017054545
7153,57.85522493158853,0.05785522493158853
7154,80.8717871762248,0.0808717871762248
7155,74.4273717315583,0.07442737173155829
7156,85.58084020338256,0.08558084020338257
7157,95.45248613841383,0.09545248613841383
7158,19.30832074608152,0.01930832074608152
7159,16.54596363951163,0.01654596363951163
7160,58.635182841490085,0.05863518284149009
7161,44.929506288650444,0.044929506288650445
7162,57.072269291916925,0.05707226929191692
7163,79.80427344855086,0.07980427344855086
7164,93.17144800492464,0.09317144800492465
7165,41.74158251985581,0.04174158251985581
7166,71.79326455436245,0.07179326455436245
7167,19.679918784140938,0.019679918784140937
7168,53.455194935452354,0.05345519493545235
7169,2.1804777780519924,0.0021804777780519923
7170,50.3750567133097,0.0503750567133097
7171,54.533645912549986,0.054533645912549986
7172,73.54453357783312,0.07354453357783312
7173,64.94847902069917,0.06494847902069917
7174,35.839673430580156,0.03583967343058016
7175,0.5730900713121323,0.0005730900713121323
7176,11.548587362294892,0.011548587362294893
7177,97.30606535174523,0.09730606535174523
7178,92.23331583153058,0.09223331583153058
7179,32.509316308114535,0.03250931630811454
7180,25.885293992388767,0.02588529399238877
7181,43.641629369003745,0.043641629369003745
7182,68.99400296120729,0.06899400296120729
7183,35.68276726579737,0.03568276726579737
7184,6.729384773115554,0.006729384773115554
7185,40.27950924443964,0.04027950924443964
7186,26.05889944814319,0.02605889944814319
7187,32.49300112112118,0.03249300112112118
7188,16.295724578730443,0.016295724578730443
7189,65.88400694456475,0.06588400694456474
7190,52.66309332452249,0.05266309332452249
7191,27.086311729535428,0.027086311729535427
7192,55.38624813062414,0.05538624813062414
7193,49.2707847167238,0.0492707847167238
7194,79.5974856566028,0.0795974856566028
7195,95.59842693402017,0.09559842693402017
7196,13.067050897865595,0.013067050897865595
7197,88.39134789079829,0.08839134789079829
7198,70.47969382849021,0.07047969382849022
7199,69.25535452979048,0.06925535452979048
7200,37.43008971424723,0.03743008971424723
7201,34.390819546492104,0.034390819546492105
7202,0.5639484822516971,0.0005639484822516971
7203,98.22048746373078,0.09822048746373077
7204,60.65058323730488,0.06065058323730488
7205,40.23286239239254,0.04023286239239254
7206,54.37688218921786,0.05437688218921786
7207,4.052703409626246,0.004052703409626246
7208,17.365095529166886,0.017365095529166888
7209,62.33599249634025,0.06233599249634025
7210,51.426172968362,0.051426172968362
7211,78.7074822927633,0.07870748229276331
7212,65.8742690445337,0.06587426904453371
7213,60.14356759793872,0.06014356759793872
7214,81.52657043053134,0.08152657043053134
7215,6.826310555190062,0.006826310555190062
7216,69.08867964312853,0.06908867964312852
7217,71.55907132890155,0.07155907132890155
7218,27.5163549680011,0.0275163549680011
7219,19.564963648739443,0.019564963648739442
7220,21.385247545599917,0.021385247545599916
7221,19.81408634319942,0.019814086343199422
7222,52.37821909035946,0.05237821909035946
7223,13.562631136582848,0.013562631136582848
7224,65.92858614193504,0.06592858614193504
7225,10.507825894876955,0.010507825894876956
7226,2.68896403102562,0.0026889640310256203
7227,31.92902424458711,0.031929024244587115
7228,19.185972373304104,0.019185972373304102
7229,98.86620554100823,0.09886620554100822
7230,30.29963006172174,0.03029963006172174
7231,22.206408602551374,0.022206408602551374
7232,19.676982349921456,0.019676982349921456
7233,37.385290480349035,0.03738529048034903
7234,60.584889533157785,0.060584889533157785
7235,78.19452750462824,0.07819452750462824
7236,36.457624774306844,0.03645762477430684
7237,62.59709800427894,0.06259709800427894
7238,48.205989827938744,0.04820598982793874
7239,84.64953462533984,0.08464953462533983
7240,56.90417771584352,0.05690417771584352
7241,28.989167187910013,0.028989167187910014
7242,70.35872571782559,0.07035872571782559
7243,82.00644880229959,0.08200644880229958
7244,46.54406567639651,0.046544065676396504
7245,98.7197238882319,0.0987197238882319
7246,87.90968791913134,0.08790968791913134
7247,19.695466966549148,0.019695466966549148
7248,78.67558721562374,0.07867558721562373
7249,60.09512443497661,0.06009512443497661
7250,53.48112978078346,0.05348112978078346
7251,51.393858657956834,0.051393858657956835
7252,85.3411142782429,0.0853411142782429
7253,61.087278890344855,0.061087278890344855
7254,53.77059850537337,0.05377059850537337
7255,4.885990675804908,0.0048859906758049075
7256,44.830286975855735,0.04483028697585573
7257,90.80415620455076,0.09080415620455076
7258,71.17367293446189,0.07117367293446189
7259,5.095397805615343,0.0050953978056153424
7260,88.39922821510423,0.08839922821510424
7261,82.6667221377054,0.0826667221377054
7262,54.668421156952796,0.05466842115695279
7263,2.240546518228148,0.0022405465182281483
7264,56.24296180338006,0.056242961803380065
7265,5.45890499264261,0.00545890499264261
7266,32.03789596374804,0.03203789596374804
7267,62.890961890273886,0.06289096189027389
7268,91.29130838821744,0.09129130838821745
7269,35.779563725947874,0.03577956372594787
7270,86.00237828834533,0.08600237828834532
7271,91.83610104005163,0.09183610104005163
7272,2.1043880457314312,0.0021043880457314312
7273,23.94278377525315,0.023942783775253152
7274,70.98622992274987,0.07098622992274987
7275,75.68430430795485,0.07568430430795485
7276,39.24168502170541,0.03924168502170541
7277,65.67546127728549,0.06567546127728549
7278,61.215861736203514,0.06121586173620351
7279,73.977496160106,0.073977496160106
7280,71.86584277451217,0.07186584277451218
7281,8.587079799036134,0.008587079799036135
7282,15.825018094006094,0.015825018094006094
7283,13.2727147259316,0.0132727147259316
7284,93.2480069842819,0.0932480069842819
7285,91.35426483529892,0.09135426483529892
7286,79.741226959697,0.079741226959697
7287,11.671856067595932,0.011671856067595932
7288,57.42714699195859,0.05742714699195859
7289,18.723062608985142,0.018723062608985142
7290,36.83839375588025,0.036838393755880244
7291,26.709127663741295,0.026709127663741294
7292,82.89309814874659,0.08289309814874658
7293,14.445139951927322,0.014445139951927323
7294,64.61791686100757,0.06461791686100757
7295,98.38946637761669,0.09838946637761668
7296,68.70545832536334,0.06870545832536334
7297,7.92334890069597,0.00792334890069597
7298,90.7849501962525,0.09078495019625249
7299,64.30796776895961,0.06430796776895961
7300,45.63109796052035,0.04563109796052035
7301,65.96924785411186,0.06596924785411186
7302,87.9044330472637,0.0879044330472637
7303,47.71272279152493,0.047712722791524935
7304,53.132148281222925,0.053132148281222924
7305,45.24473992179535,0.04524473992179535
7306,7.2591426323665225,0.0072591426323665225
7307,78.70701269273584,0.07870701269273585
7308,12.641174364183893,0.012641174364183893
7309,39.45700102883103,0.03945700102883103
7310,38.68228456077291,0.03868228456077291
7311,28.004079208673794,0.028004079208673795
7312,40.25071258944184,0.04025071258944184
7313,61.80091103824286,0.06180091103824286
7314,31.138731220771177,0.03113873122077118
7315,17.251193769827644,0.017251193769827644
7316,86.93675105072666,0.08693675105072665
7317,97.08326498571354,0.09708326498571354
7318,45.858382387632055,0.045858382387632055
7319,32.70197123445858,0.03270197123445858
7320,4.748207777822932,0.004748207777822932
7321,3.6851540610053135,0.0036851540610053136
7322,39.28819956454021,0.03928819956454021
7323,93.02420183009657,0.09302420183009658
7324,73.07085434015644,0.07307085434015645
7325,34.926941887077504,0.034926941887077505
7326,96.8046425182061,0.0968046425182061
7327,42.87579032557307,0.04287579032557307
7328,27.67927439746457,0.027679274397464572
7329,42.63532447243572,0.04263532447243572
7330,21.154322698383275,0.021154322698383275
7331,88.56387702007957,0.08856387702007958
7332,36.11733104176903,0.03611733104176903
7333,65.79689644943214,0.06579689644943214
7334,38.90471988271636,0.038904719882716356
7335,90.17314179639625,0.09017314179639625
7336,64.23807517156301,0.064238075171563
7337,48.82518902812995,0.04882518902812995
7338,13.21429691813385,0.01321429691813385
7339,90.19166628522044,0.09019166628522043
7340,54.68168682717709,0.05468168682717709
7341,28.50529729614175,0.028505297296141752
7342,87.79268918167041,0.08779268918167041
7343,5.44404273944078,0.00544404273944078
7344,31.407691732957165,0.03140769173295716
7345,53.682840120214756,0.05368284012021476
7346,33.981433604329304,0.03398143360432931
7347,47.673425537885784,0.04767342553788578
7348,26.431625233098387,0.026431625233098388
7349,13.008309093289716,0.013008309093289715
7350,3.6854138616851717,0.003685413861685172
7351,15.76465649121419,0.01576465649121419
7352,95.29465140248118,0.09529465140248118
7353,57.54031333367384,0.05754031333367384
7354,48.89601252779515,0.04889601252779515
7355,38.43238393057086,0.03843238393057086
7356,70.84201459833854,0.07084201459833854
7357,14.125947590609334,0.014125947590609334
7358,27.612986765266346,0.027612986765266346
7359,65.59021196637528,0.06559021196637528
7360,47.90643645852279,0.04790643645852279
7361,77.00925389590887,0.07700925389590887
7362,89.71098439566532,0.08971098439566533
7363,82.33725913706562,0.08233725913706562
7364,18.420771426073202,0.018420771426073203
7365,9.147023552697853,0.009147023552697853
7366,16.94406005450485,0.01694406005450485
7367,78.35306916002305,0.07835306916002305
7368,91.38310894927105,0.09138310894927104
7369,92.54488677038574,0.09254488677038575
7370,29.821578937044556,0.029821578937044558
7371,84.03413780135584,0.08403413780135584
7372,53.62355350220967,0.05362355350220967
7373,82.27918483482073,0.08227918483482073
7374,54.836484238000104,0.054836484238000104
7375,14.589321977911817,0.014589321977911818
7376,7.921955107309742,0.007921955107309742
7377,95.72191492093395,0.09572191492093396
7378,42.58025564315789,0.04258025564315789
7379,35.052064489731784,0.035052064489731784
7380,35.63030847683104,0.03563030847683104
7381,37.8934411475472,0.037893441147547204
7382,94.49968278943382,0.09449968278943383
7383,6.270458740317586,0.006270458740317586
7384,11.906128738229915,0.011906128738229915
7385,78.96515154818492,0.07896515154818493
7386,54.94094913401387,0.05494094913401387
7387,12.8536757960952,0.0128536757960952
7388,3.446013677833637,0.003446013677833637
7389,22.42343482792274,0.02242343482792274
7390,26.081073771027107,0.026081073771027107
7391,1.4213029574641989,0.0014213029574641988
7392,21.609053833719337,0.021609053833719336
7393,73.83189369523997,0.07383189369523997
7394,85.54336896370037,0.08554336896370038
7395,89.82358297697178,0.08982358297697178
7396,38.99140326435434,0.03899140326435434
7397,31.941372590355765,0.03194137259035577
7398,99.98608482078876,0.09998608482078876
7399,76.93404509215888,0.07693404509215888
7400,53.735208090755435,0.05373520809075544
7401,25.477143268939663,0.025477143268939663
7402,32.13054528851047,0.03213054528851047
7403,51.53643488293872,0.05153643488293872
7404,54.208291979075064,0.05420829197907506
7405,1.367864427367782,0.001367864427367782
7406,95.94000852714744,0.09594000852714744
7407,57.56062473515635,0.05756062473515635
7408,58.91582444091333,0.05891582444091333
7409,21.14711337538192,0.02114711337538192
7410,76.49871788012479,0.07649871788012479
7411,73.72645200918427,0.07372645200918428
7412,9.515797340476407,0.009515797340476407
7413,59.499437225992025,0.059499437225992026
7414,65.81937453298798,0.06581937453298797
7415,83.55681745738774,0.08355681745738773
7416,20.609117891771067,0.020609117891771066
7417,87.76347968064059,0.08776347968064059
7418,46.148107170759566,0.04614810717075957
7419,9.65236193056448,0.00965236193056448
7420,10.562122151087594,0.010562122151087594
7421,19.780445367316958,0.01978044536731696
7422,28.27507059853085,0.02827507059853085
7423,49.640580445979964,0.049640580445979965
7424,74.875119774456,0.07487511977445599
7425,18.67259020194323,0.01867259020194323
7426,99.26517944995365,0.09926517944995365
7427,16.15219317703126,0.01615219317703126
7428,59.937796772214746,0.059937796772214745
7429,92.894043587134,0.09289404358713399
7430,83.25074228768271,0.08325074228768271
7431,64.78892016631599,0.06478892016631599
7432,71.54929967908986,0.07154929967908985
7433,13.420562670536428,0.013420562670536429
7434,0.966305376024823,0.000966305376024823
7435,43.41487843603728,0.04341487843603728
7436,8.951892633830305,0.008951892633830305
7437,35.77525619128244,0.03577525619128244
7438,22.37427935697376,0.02237427935697376
7439,91.63467223807427,0.09163467223807427
7440,88.00559990080575,0.08800559990080575
7441,81.89428485310084,0.08189428485310084
7442,71.39442984139876,0.07139442984139877
7443,15.407192910402701,0.015407192910402701
7444,4.8367426199151575,0.004836742619915157
7445,65.38878578546925,0.06538878578546925
7446,64.22581371750992,0.06422581371750992
7447,36.9424284754481,0.0369424284754481
7448,47.26866664355971,0.04726866664355971
7449,48.914938823798934,0.04891493882379894
7450,23.992813274650636,0.023992813274650637
7451,31.41666119075859,0.03141666119075859
7452,41.83895546635016,0.04183895546635016
7453,60.31790299115898,0.06031790299115898
7454,95.58192060173924,0.09558192060173924
7455,53.848460951903995,0.053848460951903994
7456,73.11639095432015,0.07311639095432015
7457,80.70011023955533,0.08070011023955533
7458,11.35081213085536,0.01135081213085536
7459,65.3124667553941,0.0653124667553941
7460,48.21107202544245,0.04821107202544245
7461,57.24309422478922,0.057243094224789216
7462,3.841693576904459,0.0038416935769044593
7463,90.62157365473851,0.09062157365473851
7464,95.27841495754501,0.09527841495754501
7465,0.3481923684611754,0.0003481923684611754
7466,21.27915920415109,0.021279159204151087
7467,18.019417370894995,0.018019417370894995
7468,78.13045172798513,0.07813045172798513
7469,59.80800591118203,0.05980800591118203
7470,17.733366329673174,0.017733366329673175
7471,81.39709553188604,0.08139709553188604
7472,35.347487180574845,0.035347487180574844
7473,46.085687629310236,0.046085687629310236
7474,38.73066053206454,0.03873066053206454
7475,52.13802064412295,0.05213802064412296
7476,48.014246882872534,0.048014246882872536
7477,27.458400266244265,0.027458400266244264
7478,42.45560374938403,0.042455603749384035
7479,90.83371498543002,0.09083371498543003
7480,50.289413647924505,0.050289413647924504
7481,91.63864104223755,0.09163864104223755
7482,55.012704781796465,0.05501270478179646
7483,76.88172932641588,0.07688172932641588
7484,29.359130965971293,0.029359130965971293
7485,79.04134900444079,0.07904134900444079
7486,26.432161298498556,0.026432161298498555
7487,1.9549971642973007,0.0019549971642973006
7488,16.072894317769304,0.016072894317769305
7489,2.1652875032036834,0.0021652875032036833
7490,94.70626418914286,0.09470626418914285
7491,99.99770204176941,0.09999770204176942
7492,76.22302636195207,0.07622302636195206
7493,10.812816375158762,0.010812816375158763
7494,89.89454603326496,0.08989454603326495
7495,74.37761832661045,0.07437761832661044
7496,33.22445154020879,0.03322445154020879
7497,50.22779118089321,0.05022779118089321
7498,66.17593412619689,0.06617593412619689
7499,2.405047567327123,0.002405047567327123
7500,50.15409120998952,0.05015409120998952
7501,73.23954332549852,0.07323954332549852
7502,18.82253718963328,0.01882253718963328
7503,44.379057347933305,0.04437905734793331
7504,53.253012918493326,0.053253012918493325
7505,73.55653719592323,0.07355653719592323
7506,96.44537107931075,0.09644537107931074
7507,84.82755480042916,0.08482755480042915
7508,62.15184202299502,0.06215184202299502
7509,58.36406748348093,0.05836406748348093
7510,60.31866930726707,0.06031866930726707
7511,54.51786426597738,0.05451786426597738
7512,5.936288025892356,0.0059362880258923565
7513,69.82963945882051,0.06982963945882051
7514,71.6336800129603,0.0716336800129603
7515,51.248036226702745,0.051248036226702744
7516,87.0387605402543,0.0870387605402543
7517,67.24368027566786,0.06724368027566785
7518,36.2664657857017,0.036266465785701696
7519,1.969435359863425,0.001969435359863425
7520,5.916164649768008,0.005916164649768007
7521,35.17982616417863,0.035179826164178626
7522,46.21053251986829,0.046210532519868286
7523,16.687111950842503,0.016687111950842503
7524,18.93283064226321,0.01893283064226321
7525,23.02113587793363,0.02302113587793363
7526,78.05133395762726,0.07805133395762727
7527,77.12878409517714,0.07712878409517714
7528,38.29389854137788,0.03829389854137788
7529,17.236438158439583,0.017236438158439584
7530,11.090838506346923,0.011090838506346923
7531,8.712931204717322,0.008712931204717321
7532,39.12792508993721,0.039127925089937204
7533,4.55424333211194,0.00455424333211194
7534,33.3635037126335,0.033363503712633504
7535,96.15332425411374,0.09615332425411374
7536,50.75046156100387,0.050750461561003865
7537,82.26446568351889,0.08226446568351889
7538,12.926594589539908,0.012926594589539908
7539,26.807878240970485,0.026807878240970483
7540,94.65464445440088,0.09465464445440087
7541,38.35518969340236,0.03835518969340236
7542,64.84061284483224,0.06484061284483224
7543,97.61267791625895,0.09761267791625895
7544,55.07877563307355,0.05507877563307355
7545,30.53459492287359,0.030534594922873592
7546,53.19484559520623,0.05319484559520623
7547,5.463719933085931,0.005463719933085931
7548,11.236987409269117,0.011236987409269117
7549,0.7171105052269922,0.0007171105052269922
7550,88.42100415650043,0.08842100415650044
7551,67.12804288995956,0.06712804288995956
7552,29.83297651327481,0.029832976513274812
7553,22.11614192073046,0.02211614192073046
7554,68.30766011577799,0.06830766011577799
7555,91.95320647852824,0.09195320647852824
7556,29.91390910521107,0.029913909105211068
7557,32.155910938678176,0.03215591093867817
7558,85.42407251937729,0.0854240725193773
7559,89.33758158837523,0.08933758158837522
7560,91.40365668297785,0.09140365668297785
7561,29.31542080066948,0.02931542080066948
7562,12.03125675963489,0.012031256759634889
7563,43.99975719985421,0.04399975719985421
7564,29.576486514118105,0.029576486514118105
7565,88.38666668118358,0.08838666668118358
7566,3.6634941803544874,0.003663494180354487
7567,63.38804696362723,0.06338804696362724
7568,90.61813657481139,0.09061813657481138
7569,97.6670366806066,0.0976670366806066
7570,65.01305992980431,0.06501305992980431
7571,94.992295702238,0.094992295702238
7572,7.565946262506729,0.007565946262506729
7573,35.92783459962398,0.03592783459962398
7574,0.8714697326733689,0.000871469732673369
7575,98.11837721908184,0.09811837721908184
7576,90.27264787666992,0.09027264787666991
7577,2.8052556248201355,0.0028052556248201353
7578,1.8132650459765975,0.0018132650459765976
7579,36.69694941063661,0.036696949410636615
7580,25.85379667909018,0.02585379667909018
7581,84.69322772425022,0.08469322772425023
7582,16.04844032718623,0.01604844032718623
7583,79.06494627008573,0.07906494627008573
7584,55.44596999906632,0.05544596999906632
7585,37.73917714049878,0.037739177140498785
7586,14.571976173337875,0.014571976173337876
7587,99.7691305959671,0.09976913059596709
7588,61.79861209215367,0.06179861209215367
7589,43.938223256799425,0.04393822325679943
7590,37.11275565527317,0.037112755655273166
7591,90.57282306308552,0.09057282306308552
7592,82.11918081907609,0.0821191808190761
7593,81.11857883682238,0.08111857883682239
7594,61.619847296239286,0.06161984729623929
7595,88.79565826958017,0.08879565826958018
7596,29.92783721220704,0.029927837212207042
7597,70.37061351632893,0.07037061351632894
7598,40.44477423918925,0.04044477423918925
7599,59.99988085596921,0.05999988085596921
7600,99.81530006126928,0.09981530006126928
7601,98.45247806753183,0.09845247806753182
7602,51.261901646744825,0.05126190164674482
7603,57.38634521648246,0.05738634521648246
7604,89.7321769137301,0.0897321769137301
7605,98.5635712513855,0.0985635712513855
7606,77.86078026260797,0.07786078026260798
7607,6.51844579586307,0.00651844579586307
7608,32.26397343438639,0.032263973434386396
7609,89.65623399203079,0.08965623399203079
7610,76.83525058504806,0.07683525058504806
7611,74.22330710244272,0.07422330710244272
7612,66.7923230468141,0.06679232304681411
7613,41.52638496323835,0.04152638496323835
7614,40.324132034470175,0.040324132034470175
7615,80.89324875908011,0.0808932487590801
7616,29.37802917650709,0.02937802917650709
7617,68.48318727009735,0.06848318727009735
7618,72.62085234239566,0.07262085234239567
7619,84.45559893615288,0.08445559893615288
7620,31.988559070701573,0.031988559070701576
7621,74.18892668382021,0.07418892668382021
7622,10.648989757868687,0.010648989757868687
7623,13.806172895190471,0.01380617289519047
7624,41.733604017340156,0.04173360401734016
7625,5.522577635524728,0.005522577635524728
7626,94.76983214653384,0.09476983214653384
7627,90.18958105093606,0.09018958105093605
7628,4.893369552584314,0.004893369552584314
7629,83.83117218922787,0.08383117218922786
7630,50.88741740900253,0.05088741740900253
7631,70.196288837355,0.070196288837355
7632,88.69311692981873,0.08869311692981872
7633,57.69744870776986,0.057697448707769855
7634,11.632710028462945,0.011632710028462945
7635,0.25786104865862525,0.00025786104865862527
7636,49.69215322514465,0.04969215322514465
7637,94.92321321243601,0.094923213212436
7638,57.26218716131959,0.05726218716131959
7639,37.29391380882292,0.03729391380882292
7640,3.0922017080913355,0.0030922017080913357
7641,91.49794172782003,0.09149794172782004
7642,32.715666085804216,0.032715666085804215
7643,70.47774013150962,0.07047774013150962
7644,69.42372021114649,0.06942372021114648
7645,25.38831613687479,0.025388316136874787
7646,6.377750646072533,0.006377750646072533
7647,38.50003786718435,0.03850003786718435
7648,31.713101383719987,0.03171310138371999
7649,70.02563988723259,0.07002563988723258
7650,81.9782495659839,0.0819782495659839
7651,22.244541739167467,0.022244541739167466
7652,52.82310697764423,0.05282310697764423
7653,4.060834738816165,0.0040608347388161655
7654,21.42558229334619,0.02142558229334619
7655,76.1761605322083,0.0761761605322083
7656,79.33983204890724,0.07933983204890724
7657,77.64044634518032,0.07764044634518032
7658,14.238792498827014,0.014238792498827013
7659,55.10347274684173,0.055103472746841735
7660,42.270841444338295,0.04227084144433829
7661,99.14862967950904,0.09914862967950905
7662,65.4069869058336,0.0654069869058336
7663,93.52020913957291,0.09352020913957292
7664,14.53503050084376,0.01453503050084376
7665,45.08732731002291,0.04508732731002291
7666,77.16076001058686,0.07716076001058686
7667,36.78577280304026,0.03678577280304026
7668,63.25084961536467,0.06325084961536467
7669,51.17021723736607,0.05117021723736607
7670,99.19294092179923,0.09919294092179923
7671,17.387254006549146,0.017387254006549144
7672,93.53486953301278,0.09353486953301278
7673,40.15709538032968,0.04015709538032968
7674,46.79929663772945,0.04679929663772945
7675,52.860188368997896,0.0528601883689979
7676,26.536654943357984,0.026536654943357985
7677,96.3657442610793,0.0963657442610793
7678,91.14872052347894,0.09114872052347894
7679,97.29051002113627,0.09729051002113627
7680,99.6919572209523,0.09969195722095231
7681,66.9800095180972,0.06698000951809721
7682,45.16854958057447,0.04516854958057447
7683,85.07339014963048,0.08507339014963049
7684,2.3804877836338556,0.0023804877836338554
7685,83.44040447135033,0.08344040447135033
7686,49.72860242110067,0.049728602421100665
7687,67.32200270834177,0.06732200270834177
7688,37.40460613425076,0.03740460613425076
7689,36.86231538668159,0.03686231538668159
7690,3.1717152810887717,0.0031717152810887715
7691,42.37894304290133,0.042378943042901324
7692,40.83541954193301,0.04083541954193301
7693,22.479110186807127,0.022479110186807125
7694,24.732327353976746,0.024732327353976746
7695,58.41395804425117,0.05841395804425117
7696,31.777144253950308,0.031777144253950305
7697,83.02519090172898,0.08302519090172898
7698,11.138510685706649,0.011138510685706648
7699,57.764494657504365,0.05776449465750436
7700,16.004472713910232,0.016004472713910232
7701,52.82406269206588,0.05282406269206588
7702,55.25458869503187,0.05525458869503187
7703,64.22976865257291,0.06422976865257292
7704,42.74249472728937,0.04274249472728937
7705,50.94746851292544,0.05094746851292544
7706,18.09526160812933,0.01809526160812933
7707,46.30153497363296,0.046301534973632964
7708,37.303038909429056,0.03730303890942906
7709,66.61311046544097,0.06661311046544097
7710,43.48217234964861,0.04348217234964861
7711,77.93416509802202,0.07793416509802202
7712,42.59920985736921,0.04259920985736921
7713,23.577117297395866,0.023577117297395866
7714,27.36887189585846,0.027368871895858463
7715,4.528522509163658,0.0045285225091636575
7716,53.991881060091,0.053991881060091
7717,83.08808839003218,0.08308808839003218
7718,76.91117068175701,0.07691117068175701
7719,43.77894663384714,0.04377894663384714
7720,19.61203551445122,0.01961203551445122
7721,86.34844432974528,0.08634844432974528
7722,5.678103404506841,0.005678103404506841
7723,39.9222725202494,0.0399222725202494
7724,85.66151423839511,0.08566151423839512
7725,39.31766874041964,0.03931766874041964
7726,11.787547075695992,0.011787547075695992
7727,26.59495003457961,0.026594950034579613
7728,60.00294417429484,0.06000294417429484
7729,15.203590769457087,0.015203590769457086
7730,65.49353268423557,0.06549353268423558
7731,43.81619311992458,0.04381619311992458
7732,33.43895008205219,0.033438950082052186
7733,24.09254805231639,0.02409254805231639
7734,82.33299858567095,0.08233299858567095
7735,39.66739474634016,0.03966739474634016
7736,73.84792656062277,0.07384792656062276
7737,44.03551926373844,0.04403551926373844
7738,9.186718688677942,0.009186718688677943
7739,44.05059751672604,0.04405059751672604
7740,50.7687779735764,0.0507687779735764
7741,45.78421934933768,0.045784219349337685
7742,81.62417117482725,0.08162417117482726
7743,91.08513490430293,0.09108513490430294
7744,78.6778675211034,0.0786778675211034
7745,58.27819022109597,0.05827819022109597
7746,54.14499605548907,0.054144996055489066
7747,64.4616030123659,0.06446160301236589
7748,28.783029643937454,0.028783029643937454
7749,81.1846846148685,0.0811846846148685
7750,85.68481776036609,0.08568481776036609
7751,26.721716318183052,0.026721716318183052
7752,90.28182081400776,0.09028182081400776
7753,84.87327239916674,0.08487327239916674
7754,42.448676748251025,0.04244867674825102
7755,90.90002020927456,0.09090002020927455
7756,12.043899381150814,0.012043899381150814
7757,2.7986559208900363,0.0027986559208900363
7758,34.786682559405435,0.03478668255940544
7759,56.5435698827345,0.056543569882734505
7760,35.14426145328662,0.03514426145328662
7761,94.20677336713595,0.09420677336713595
7762,25.471022905514506,0.025471022905514507
7763,28.121339359267893,0.028121339359267892
7764,63.48276125448551,0.06348276125448551
7765,0.38638823417082024,0.00038638823417082025
7766,72.75570523545993,0.07275570523545993
7767,37.74694830931572,0.03774694830931572
7768,97.7747867643296,0.0977747867643296
7769,69.14175930297486,0.06914175930297486
7770,5.221495508234309,0.005221495508234309
7771,9.262780874197363,0.009262780874197362
7772,8.816810692415855,0.008816810692415855
7773,95.26222598919438,0.09526222598919437
7774,68.40515412175877,0.06840515412175877
7775,42.76060072889357,0.04276060072889357
7776,20.048268988003105,0.020048268988003104
7777,87.36397464358032,0.08736397464358032
7778,20.155592767134046,0.020155592767134047
7779,70.66792164758175,0.07066792164758175
7780,76.3324361545346,0.07633243615453461
7781,29.465608885540828,0.02946560888554083
7782,50.49147371706423,0.05049147371706423
7783,22.298928231839387,0.022298928231839387
7784,37.89296574554981,0.03789296574554981
7785,96.51343982800088,0.09651343982800088
7786,69.31380346544303,0.06931380346544302
7787,84.66142061905151,0.0846614206190515
7788,54.0599571466741,0.0540599571466741
7789,23.903974215135616,0.023903974215135616
7790,71.28798566671935,0.07128798566671934
7791,50.05679607905664,0.05005679607905664
7792,17.68488681070587,0.01768488681070587
7793,41.24298896182103,0.04124298896182103
7794,63.48402190163059,0.06348402190163059
7795,73.53318566822382,0.07353318566822382
7796,24.322079589035173,0.024322079589035175
7797,87.59973393493311,0.08759973393493312
7798,37.955110707467796,0.03795511070746779
7799,27.11367178927484,0.02711367178927484
7800,19.512005545372478,0.01951200554537248
7801,80.41713344029736,0.08041713344029736
7802,35.41645749660625,0.03541645749660625
7803,48.33990278879347,0.048339902788793465
7804,22.281982356387566,0.022281982356387568
7805,68.60910711689316,0.06860910711689315
7806,78.10334075524223,0.07810334075524222
7807,33.94252489533416,0.03394252489533416
7808,94.5079385371402,0.09450793853714021
7809,3.061060956023609,0.0030610609560236092
7810,13.294310327404036,0.013294310327404036
7811,58.878703156049085,0.05887870315604909
7812,70.14068620483796,0.07014068620483796
7813,25.0682989509059,0.0250682989509059
7814,55.40710968913485,0.05540710968913485
7815,31.838624704281273,0.031838624704281275
7816,55.40892456215902,0.05540892456215902
7817,65.93276777642525,0.06593276777642525
7818,97.28080535690574,0.09728080535690574
7819,45.569686002118374,0.04556968600211837
7820,64.82160402713805,0.06482160402713805
7821,57.80392479199319,0.05780392479199319
7822,31.755489388757297,0.031755489388757295
7823,25.306413169772036,0.025306413169772037
7824,98.78707217447237,0.09878707217447237
7825,20.685236170151533,0.020685236170151534
7826,79.02752670742368,0.07902752670742368
7827,14.658739102076101,0.014658739102076102
7828,80.43512693612507,0.08043512693612508
7829,18.572844298954806,0.018572844298954807
7830,96.71566440161669,0.09671566440161669
7831,68.59876565745174,0.06859876565745174
7832,9.011824367582888,0.009011824367582888
7833,69.31771194590108,0.06931771194590108
7834,60.362076278155186,0.06036207627815519
7835,33.75462466939585,0.033754624669395855
7836,26.073599775671465,0.026073599775671464
7837,71.87607817481522,0.07187607817481521
7838,74.13613729498658,0.07413613729498658
7839,32.72058489525366,0.03272058489525366
7840,87.62271108395036,0.08762271108395037
7841,26.882721888849126,0.026882721888849125
7842,6.986442597481101,0.006986442597481101
7843,59.98678448275786,0.05998678448275786
7844,10.707057283161614,0.010707057283161615
7845,27.66640642664853,0.02766640642664853
7846,50.71863930484379,0.05071863930484379
7847,28.63596223572976,0.02863596223572976
7848,21.49963424200444,0.02149963424200444
7849,70.31854149056545,0.07031854149056545
7850,54.69993414022956,0.054699934140229556
7851,83.97612482502805,0.08397612482502805
7852,58.123959465547756,0.058123959465547756
7853,48.344721177377835,0.048344721177377835
7854,26.12563516107882,0.026125635161078818
7855,79.20658750912973,0.07920658750912973
7856,19.68710085643672,0.019687100856436723
7857,24.222841097316028,0.02422284109731603
7858,84.158859675307,0.084158859675307
7859,74.11925257292111,0.07411925257292111
7860,61.28734889795206,0.06128734889795206
7861,3.8920530786573426,0.0038920530786573427
7862,12.725761828472649,0.012725761828472648
7863,49.99574601876097,0.049995746018760966
7864,74.6338923482891,0.0746338923482891
7865,46.41008641918233,0.04641008641918233
7866,1.7293024414783087,0.0017293024414783086
7867,18.42699986668217,0.01842699986668217
7868,58.87666996202181,0.05887666996202181
7869,69.42170596879913,0.06942170596879912
7870,3.3428312711904384,0.0033428312711904383
7871,4.333175346050034,0.004333175346050034
7872,26.131011545636294,0.026131011545636296
7873,8.350169538656493,0.008350169538656494
7874,54.19462321933647,0.05419462321933647
7875,12.370198195668047,0.012370198195668047
7876,64.82193349014224,0.06482193349014224
7877,77.72253193075869,0.07772253193075869
7878,97.05166637521067,0.09705166637521068
7879,94.84069616377143,0.09484069616377143
7880,27.33651502352782,0.02733651502352782
7881,2.9409602623172826,0.0029409602623172828
7882,32.94122161117679,0.032941221611176796
7883,70.84801187126533,0.07084801187126533
7884,5.980120927253929,0.005980120927253929
7885,35.97126576714287,0.035971265767142865
7886,29.803454754690694,0.029803454754690695
7887,21.93456358189767,0.02193456358189767
7888,70.61307547303153,0.07061307547303153
7889,65.9097005024374,0.0659097005024374
7890,53.54940940343433,0.053549409403434334
7891,91.07746396815976,0.09107746396815976
7892,10.313885273027246,0.010313885273027247
7893,14.968922447813082,0.014968922447813083
7894,38.34496792194131,0.03834496792194131
7895,65.58820518629005,0.06558820518629005
7896,58.40792922454121,0.058407929224541216
7897,7.404268746793196,0.007404268746793196
7898,95.84248037464674,0.09584248037464674
7899,30.50648164613915,0.03050648164613915
7900,35.89726137830939,0.03589726137830939
7901,62.36297990434235,0.06236297990434235
7902,94.51655174597346,0.09451655174597345
7903,66.2688239103272,0.0662688239103272
7904,95.47733295477042,0.09547733295477041
7905,18.759111882047897,0.0187591118820479
7906,61.880992897293496,0.06188099289729349
7907,82.88788918762849,0.08288788918762849
7908,50.902446825484716,0.05090244682548472
7909,36.217367582934045,0.03621736758293405
7910,98.47585300318772,0.09847585300318772
7911,14.09873403966605,0.01409873403966605
7912,41.09295275286566,0.04109295275286566
7913,87.33737525606603,0.08733737525606602
7914,90.04807465059208,0.09004807465059209
7915,98.03821015597741,0.09803821015597741
7916,88.48475922643814,0.08848475922643814
7917,5.095702538741254,0.0050957025387412536
7918,92.97664996274882,0.09297664996274882
7919,42.81671914067853,0.04281671914067853
7920,65.1619187456582,0.0651619187456582
7921,39.42758691671191,0.03942758691671191
7922,81.36680766135487,0.08136680766135487
7923,57.59192763227661,0.05759192763227661
7924,84.55446425540043,0.08455446425540043
7925,19.377147152076724,0.019377147152076724
7926,18.498309475490228,0.018498309475490228
7927,44.0376801584787,0.0440376801584787
7928,0.4751544962480536,0.0004751544962480536
7929,69.28529548962581,0.06928529548962581
7930,29.605372780801098,0.0296053727808011
7931,55.72993462144499,0.05572993462144499
7932,7.000356046084688,0.007000356046084688
7933,17.064435938269394,0.017064435938269396
7934,62.28591700219328,0.062285917002193276
7935,30.566262711104308,0.030566262711104308
7936,21.47219425856337,0.02147219425856337
7937,22.88465008077679,0.02288465008077679
7938,21.481936472549545,0.021481936472549545
7939,62.28509494305482,0.06228509494305482
7940,16.76912144694571,0.01676912144694571
7941,36.27063591798903,0.036270635917989034
7942,68.78868655934522,0.06878868655934522
7943,51.36710573476506,0.051367105734765064
7944,59.72808707754839,0.05972808707754839
7945,25.090697946374853,0.025090697946374852
7946,93.27148731652056,0.09327148731652056
7947,41.38792483163356,0.04138792483163356
7948,28.696393661233454,0.028696393661233454
7949,90.43261840584724,0.09043261840584724
7950,65.5289615264387,0.06552896152643871
7951,61.394586313845046,0.06139458631384505
7952,88.6734652166168,0.0886734652166168
7953,5.854028627138441,0.005854028627138441
7954,83.76795120075803,0.08376795120075803
7955,67.7864364305101,0.06778643643051009
7956,35.99927947801294,0.03599927947801294
7957,25.635134252385562,0.02563513425238556
7958,10.480589988155764,0.010480589988155764
7959,94.107417024669,0.094107417024669
7960,14.191210332953618,0.014191210332953619
7961,25.943853573088425,0.025943853573088427
7962,69.11071795694698,0.06911071795694698
7963,71.01524378859926,0.07101524378859926
7964,16.076870460259396,0.016076870460259397
7965,81.41311607656276,0.08141311607656276
7966,51.02872691763625,0.05102872691763625
7967,84.84566781151089,0.0848456678115109
7968,8.728538984754453,0.008728538984754453
7969,4.282999909368968,0.004282999909368968
7970,63.69903814943497,0.06369903814943496
7971,15.002379710981684,0.015002379710981683
7972,52.49490457332999,0.05249490457332999
7973,1.410875928450872,0.001410875928450872
7974,77.99292605482002,0.07799292605482001
7975,89.95301701785016,0.08995301701785016
7976,83.8882761964288,0.0838882761964288
7977,95.83528131504183,0.09583528131504182
7978,90.30957546587896,0.09030957546587896
7979,44.40180182903652,0.044401801829036525
7980,39.83482084436466,0.039834820844364655
7981,89.61836679715431,0.0896183667971543
7982,92.6938795357227,0.0926938795357227
7983,97.2835948318037,0.0972835948318037
7984,76.83172348427827,0.07683172348427827
7985,20.198882994138035,0.020198882994138034
7986,94.49541361107224,0.09449541361107223
7987,94.71414668162195,0.09471414668162195
7988,66.61313639129715,0.06661313639129715
7989,85.72802663494848,0.08572802663494848
7990,56.11764211639523,0.05611764211639523
7991,94.41269454117227,0.09441269454117227
7992,9.393639659209118,0.009393639659209118
7993,86.39636964847706,0.08639636964847706
7994,5.550362903713935,0.005550362903713935
7995,33.910705221802054,0.033910705221802055
7996,13.532564261526192,0.013532564261526192
7997,47.91350924629122,0.04791350924629122
7998,23.224615799246994,0.023224615799246996
7999,95.20723793339971,0.0952072379333997
8000,55.93213336534095,0.055932133365340954
8001,89.77307363037248,0.08977307363037249
8002,27.805846905115096,0.027805846905115096
8003,2.5977559946560813,0.0025977559946560812
8004,77.56550036839216,0.07756550036839216
8005,70.23776599719719,0.0702377659971972
8006,54.54916456741936,0.05454916456741936
8007,81.53427297292126,0.08153427297292126
8008,84.00843726481325,0.08400843726481325
8009,58.79033080181738,0.058790330801817385
8010,96.5927791853937,0.09659277918539369
8011,71.97119476173273,0.07197119476173273
8012,67.68753761626287,0.06768753761626287
8013,36.142179255864534,0.036142179255864534
8014,0.22585786000076657,0.00022585786000076658
8015,24.0942673894178,0.024094267389417803
8016,76.39205068146299,0.07639205068146299
8017,70.98712544371742,0.07098712544371742
8018,33.10221448300942,0.03310221448300942
8019,62.55829745384388,0.06255829745384388
8020,19.528747947313718,0.01952874794731372
8021,26.362771926904404,0.026362771926904404
8022,94.74080939024965,0.09474080939024965
8023,41.31805729355945,0.041318057293559446
8024,24.498759429885453,0.024498759429885452
8025,48.71082468389915,0.048710824683899145
8026,38.70158797873662,0.03870158797873662
8027,72.95290373491056,0.07295290373491056
8028,96.21161064908812,0.09621161064908812
8029,59.173742445769186,0.05917374244576919
8030,59.1147186936915,0.059114718693691504
8031,36.48338587234831,0.036483385872348305
8032,56.46309319752953,0.05646309319752953
8033,31.93288663871382,0.03193288663871382
8034,0.10920743123419285,0.00010920743123419286
8035,86.60961728784851,0.08660961728784851
8036,42.94440855217052,0.04294440855217052
8037,49.20884850539967,0.04920884850539967
8038,8.35009154259282,0.00835009154259282
8039,83.7110513405392,0.0837110513405392
8040,17.033707037759036,0.017033707037759038
8041,41.06211587843159,0.04106211587843159
8042,84.02655470638814,0.08402655470638815
8043,45.778294021351954,0.04577829402135195
8044,93.11523354664637,0.09311523354664636
8045,20.931430342068968,0.020931430342068968
8046,71.52328299547713,0.07152328299547714
8047,97.79985235617275,0.09779985235617275
8048,54.96136372203109,0.05496136372203109
8049,69.21838986439928,0.06921838986439928
8050,39.32266596010084,0.03932266596010084
8051,75.13373397254689,0.0751337339725469
8052,90.8874056523729,0.09088740565237291
8053,70.30555670505292,0.07030555670505292
8054,93.59287113809792,0.09359287113809792
8055,58.86526519923096,0.05886526519923096
8056,57.71374404509629,0.05771374404509629
8057,30.462738810915535,0.030462738810915536
8058,70.96274911637859,0.07096274911637859
8059,88.19525217561554,0.08819525217561554
8060,64.63162261289312,0.06463162261289312
8061,23.303922059858294,0.023303922059858293
8062,54.41091147216866,0.05441091147216866
8063,75.5937416951415,0.0755937416951415
8064,93.93633148727528,0.09393633148727529
8065,15.659604952055394,0.015659604952055393
8066,12.749709096656058,0.012749709096656058
8067,41.2943530232906,0.0412943530232906
8068,12.561116946261086,0.012561116946261086
8069,98.04289125051184,0.09804289125051184
8070,42.43043672825591,0.042430436728255916
8071,53.36105190679049,0.053361051906790496
8072,22.70877812927713,0.02270877812927713
8073,44.91261235369293,0.04491261235369293
8074,98.46939348612199,0.09846939348612199
8075,48.86871513669695,0.048868715136696946
8076,0.882392580448621,0.000882392580448621
8077,24.252753025063058,0.024252753025063058
8078,97.84548304785041,0.0978454830478504
8079,98.90675134107325,0.09890675134107324
8080,21.04930897717057,0.02104930897717057
8081,61.526408784385346,0.061526408784385346
8082,7.690833050541446,0.007690833050541446
8083,57.744164244462915,0.057744164244462916
8084,12.592070148643742,0.012592070148643742
8085,81.86615236426579,0.08186615236426578
8086,93.95749876022444,0.09395749876022444
8087,17.298680804948262,0.01729868080494826
8088,46.2712168594824,0.0462712168594824
8089,10.204299847463416,0.010204299847463415
8090,33.9140007072975,0.0339140007072975
8091,6.509775476052648,0.0065097754760526485
8092,26.454652801742707,0.026454652801742706
8093,99.02236670893015,0.09902236670893015
8094,4.460326732140185,0.004460326732140185
8095,85.89683296186706,0.08589683296186706
8096,7.745257775410486,0.007745257775410486
8097,52.89969311173601,0.052899693111736014
8098,45.21197924273457,0.045211979242734575
8099,93.15546600206449,0.09315546600206448
8100,19.90498622850896,0.01990498622850896
8101,17.968201537963512,0.017968201537963514
8102,74.87140885678323,0.07487140885678323
8103,72.57194731003538,0.07257194731003538
8104,69.91817704927988,0.06991817704927987
8105,2.6127116172380727,0.0026127116172380725
8106,25.995968672490864,0.025995968672490863
8107,83.98951778542994,0.08398951778542994
8108,60.08581214567727,0.060085812145677264
8109,60.21949207321816,0.06021949207321816
8110,29.59166054048117,0.02959166054048117
8111,26.017308855694786,0.026017308855694785
8112,94.65548880182547,0.09465548880182548
8113,72.77552788532122,0.07277552788532123
8114,12.686611780183753,0.012686611780183753
8115,93.77069421437638,0.09377069421437638
8116,58.23701518180548,0.058237015181805483
8117,33.33623669570881,0.033336236695708815
8118,39.71394463995984,0.03971394463995984
8119,72.54045103526182,0.07254045103526183
8120,37.62726516860836,0.03762726516860836
8121,57.874479911860696,0.0578744799118607
8122,71.04994966484048,0.07104994966484049
8123,19.53749973059645,0.01953749973059645
8124,94.42414862425494,0.09442414862425494
8125,35.61727714354098,0.03561727714354098
8126,41.937475707691426,0.04193747570769143
8127,69.85143678678206,0.06985143678678206
8128,60.87850893877641,0.060878508938776416
8129,44.01198369391792,0.04401198369391792
8130,64.97420403007914,0.06497420403007914
8131,90.28283075720445,0.09028283075720445
8132,80.02836166454186,0.08002836166454186
8133,82.42590099547736,0.08242590099547736
8134,25.840840856731294,0.025840840856731294
8135,41.94033492976376,0.041940334929763755
8136,55.381914165405924,0.05538191416540592
8137,4.4190819161482935,0.0044190819161482936
8138,76.97921803773245,0.07697921803773246
8139,32.34634244150889,0.032346342441508885
8140,28.259607804101428,0.028259607804101427
8141,25.929200935614638,0.025929200935614637
8142,28.337926542006443,0.028337926542006443
8143,33.80148321578322,0.033801483215783225
8144,60.48245580761592,0.06048245580761592
8145,58.35653219000632,0.05835653219000632
8146,25.57117536018754,0.025571175360187538
8147,20.64242765732075,0.020642427657320748
8148,82.63581900713568,0.08263581900713568
8149,9.272333767636653,0.009272333767636653
8150,51.28228412009275,0.051282284120092746
8151,52.05608741892761,0.05205608741892761
8152,57.41368068116216,0.05741368068116216
8153,88.56501159071357,0.08856501159071356
8154,62.39139400947676,0.06239139400947676
8155,97.36337662480233,0.09736337662480232
8156,87.13530833487275,0.08713530833487275
8157,21.474025948721152,0.02147402594872115
8158,24.118331022530114,0.024118331022530113
8159,34.477413591517056,0.034477413591517056
8160,39.15144150801313,0.03915144150801313
8161,55.29951203076955,0.05529951203076955
8162,23.251263289633883,0.023251263289633884
8163,22.234518111376566,0.022234518111376566
8164,38.138995736807956,0.03813899573680796
8165,67.2023113212752,0.0672023113212752
8166,68.81256130961884,0.06881256130961884
8167,97.61167400402896,0.09761167400402895
8168,20.241543392181406,0.020241543392181406
8169,39.28591518569807,0.03928591518569807
8170,96.46774979390604,0.09646774979390604
8171,69.00087426655521,0.06900087426655521
8172,59.22785248220192,0.059227852482201915
8173,53.964605140134694,0.053964605140134694
8174,7.551038013625655,0.007551038013625656
8175,89.33738088159103,0.08933738088159103
8176,62.55052154151076,0.06255052154151076
8177,57.1667407928034,0.0571667407928034
8178,53.95003433218426,0.05395003433218426
8179,39.19142073211117,0.03919142073211117
8180,25.466469136089277,0.025466469136089277
8181,75.53219853344842,0.07553219853344842
8182,50.95675177616621,0.05095675177616621
8183,3.393953228922031,0.003393953228922031
8184,39.909449977216326,0.03990944997721633
8185,92.86036382228325,0.09286036382228324
8186,37.38945615408629,0.03738945615408629
8187,41.32330079255737,0.04132330079255737
8188,62.39611230550356,0.06239611230550356
8189,80.16748038158823,0.08016748038158823
8190,66.84611177047121,0.06684611177047121
8191,85.00547311229465,0.08500547311229466
8192,11.39705870406983,0.01139705870406983
8193,92.45925533186488,0.09245925533186489
8194,90.3921932411386,0.0903921932411386
8195,51.914858658558785,0.051914858658558785
8196,62.47422377872011,0.06247422377872011
8197,21.281305020140174,0.021281305020140175
8198,44.79474379813889,0.044794743798138886
8199,20.270336091981235,0.020270336091981235
8200,2.197667894101951,0.0021976678941019513
8201,98.09030681270525,0.09809030681270525
8202,25.914651571020507,0.025914651571020506
8203,59.31083088978353,0.05931083088978353
8204,30.025038353786304,0.030025038353786303
8205,37.06216202104349,0.03706216202104349
8206,39.77615585822748,0.03977615585822748
8207,33.50467313247577,0.03350467313247577
8208,63.73997593399358,0.06373997593399358
8209,96.09362704886061,0.09609362704886061
8210,42.8634650006233,0.0428634650006233
8211,97.33267240542651,0.0973326724054265
8212,66.77972373447831,0.06677972373447831
8213,60.713619502100904,0.060713619502100906
8214,23.710385179892302,0.023710385179892303
8215,6.292070589938081,0.006292070589938081
8216,85.19347702918289,0.08519347702918288
8217,57.3981063944269,0.0573981063944269
8218,41.441386242488186,0.041441386242488186
8219,81.19673220884835,0.08119673220884835
8220,31.05803825773188,0.03105803825773188
8221,78.36172559644872,0.07836172559644872
8222,32.7963835405797,0.0327963835405797
8223,92.08811864041635,0.09208811864041636
8224,26.796687445680256,0.026796687445680256
8225,13.755411757457114,0.013755411757457115
8226,69.80967083494119,0.06980967083494119
8227,16.28472530647708,0.01628472530647708
8228,94.93630502889856,0.09493630502889856
8229,65.5555112388866,0.0655555112388866
8230,23.086066128452597,0.023086066128452598
8231,20.881893428542874,0.020881893428542873
8232,92.38750391204216,0.09238750391204216
8233,60.78579128498909,0.06078579128498909
8234,89.37360066724167,0.08937360066724168
8235,11.022520484582522,0.011022520484582523
8236,92.53921955791762,0.09253921955791762
8237,52.00493119940883,0.05200493119940883
8238,66.84219163313504,0.06684219163313504
8239,37.28754715412806,0.03728754715412806
8240,5.91403220058262,0.00591403220058262
8241,95.79724413418292,0.09579724413418292
8242,99.4598329108482,0.0994598329108482
8243,36.4546848760443,0.036454684876044294
8244,94.38679297519796,0.09438679297519796
8245,16.77262909615642,0.01677262909615642
8246,15.468444965857554,0.015468444965857553
8247,7.311184000917148,0.007311184000917148
8248,39.126940758415074,0.03912694075841507
8249,5.230225018159917,0.005230225018159917
8250,39.465718961289674,0.03946571896128968
8251,13.839042864966821,0.013839042864966821
8252,73.05277955729574,0.07305277955729574
8253,83.3362649336408,0.08333626493364081
8254,68.78154277962881,0.06878154277962881
8255,20.049415243615588,0.020049415243615587
8256,76.68481929079557,0.07668481929079557
8257,24.9500197033275,0.024950019703327497
8258,75.94885969685275,0.07594885969685275
8259,56.73975748963909,0.05673975748963909
8260,36.671251629120974,0.03667125162912097
8261,8.349237801605769,0.008349237801605769
8262,82.75095098070257,0.08275095098070256
8263,93.96529207982253,0.09396529207982253
8264,66.59177800006375,0.06659177800006376
8265,96.45415666934389,0.09645415666934389
8266,93.41114190429911,0.09341114190429911
8267,19.460840080375363,0.019460840080375363
8268,73.12123485982134,0.07312123485982135
8269,34.93048194376945,0.03493048194376945
8270,48.7517360565626,0.0487517360565626
8271,15.696543114884577,0.015696543114884578
8272,97.47794280576525,0.09747794280576526
8273,72.61373830764086,0.07261373830764085
8274,26.69083096309681,0.026690830963096813
8275,37.147169016803346,0.037147169016803344
8276,42.24829268287844,0.04224829268287844
8277,74.75337241438402,0.07475337241438401
8278,92.56972667695845,0.09256972667695845
8279,32.14401329845716,0.03214401329845716
8280,47.250008828041956,0.04725000882804196
8281,59.320757283470115,0.05932075728347012
8282,39.33439924003156,0.039334399240031556
8283,50.41813233656852,0.05041813233656852
8284,10.5707629020102,0.0105707629020102
8285,16.767438772016607,0.016767438772016606
8286,40.11012572201449,0.040110125722014486
8287,91.49390117705525,0.09149390117705525
8288,34.93580457446336,0.03493580457446336
8289,24.979280860501362,0.02497928086050136
8290,74.28622208492759,0.07428622208492759
8291,94.91301660766092,0.09491301660766092
8292,45.912361706354744,0.045912361706354744
8293,0.8604955567183104,0.0008604955567183103
8294,68.8149331475618,0.0688149331475618
8295,41.50608016161449,0.04150608016161449
8296,67.36455366162151,0.06736455366162152
8297,27.771651582920352,0.027771651582920352
8298,0.2408143816962416,0.0002408143816962416
8299,34.44962187456038,0.034449621874560375
8300,70.47923426129415,0.07047923426129415
8301,39.31132830091892,0.03931132830091892
8302,21.917413965322595,0.021917413965322596
8303,46.400686413410156,0.04640068641341016
8304,75.23485232983855,0.07523485232983855
8305,11.943308679230602,0.011943308679230602
8306,69.17520336466478,0.06917520336466478
8307,66.73440238039473,0.06673440238039473
8308,37.07378796850713,0.03707378796850713
8309,97.03361913794944,0.09703361913794945
8310,89.47052994803515,0.08947052994803514
8311,31.616148080206983,0.031616148080206984
8312,3.1091093393843083,0.0031091093393843085
8313,30.830480674507665,0.030830480674507665
8314,20.472194254104327,0.020472194254104327
8315,54.72519140475928,0.05472519140475928
8316,91.87444211821546,0.09187444211821545
8317,87.03375100375214,0.08703375100375214
8318,30.582915566482672,0.030582915566482672
8319,42.859753355563704,0.042859753355563704
8320,3.654219907956646,0.0036542199079566463
8321,54.416350764914945,0.054416350764914946
8322,6.336798005072886,0.006336798005072886
8323,93.86061662290996,0.09386061662290995
8324,86.69338348522723,0.08669338348522723
8325,21.4187626437503,0.021418762643750297
8326,69.93686798620455,0.06993686798620455
8327,56.80203824333331,0.056802038243333304
8328,80.13577125161831,0.0801357712516183
8329,47.565210675151995,0.04756521067515199
8330,19.1771970665778,0.019177197066577802
8331,63.98434001228317,0.06398434001228318
8332,8.028032699594501,0.008028032699594501
8333,58.45879911684221,0.05845879911684221
8334,21.270480546445757,0.021270480546445758
8335,68.49364371235602,0.06849364371235601
8336,82.80431617281086,0.08280431617281085
8337,10.952472928207246,0.010952472928207247
8338,40.02685521485924,0.04002685521485924
8339,73.35215877759967,0.07335215877759967
8340,16.37030615188585,0.01637030615188585
8341,56.652367003571314,0.05665236700357131
8342,67.18389818757231,0.06718389818757231
8343,35.47936072393823,0.03547936072393823
8344,83.19822742026011,0.0831982274202601
8345,51.06581850467138,0.05106581850467138
8346,62.699483994051,0.062699483994051
8347,14.08727967047787,0.014087279670477869
8348,2.3160174532669053,0.0023160174532669054
8349,5.07485708249863,0.00507485708249863
8350,90.39201481982158,0.09039201481982158
8351,88.26423842482511,0.08826423842482511
8352,80.75914391618426,0.08075914391618426
8353,19.96120912348608,0.01996120912348608
8354,52.54586519495032,0.052545865194950324
8355,79.61171005483733,0.07961171005483733
8356,67.46691812557738,0.06746691812557738
8357,11.552119367593761,0.01155211936759376
8358,89.55411998124238,0.08955411998124238
8359,16.068239277796227,0.01606823927779623
8360,17.179569341333544,0.017179569341333543
8361,90.10086291707083,0.09010086291707083
8362,48.46169390945161,0.04846169390945161
8363,37.289182595646686,0.03728918259564669
8364,55.36567422980565,0.05536567422980565
8365,98.13973328321114,0.09813973328321114
8366,11.963045524104288,0.011963045524104288
8367,75.69488487920653,0.07569488487920653
8368,33.43258622441275,0.03343258622441275
8369,11.704927084762373,0.011704927084762373
8370,42.19333553529386,0.04219333553529386
8371,54.875287772527095,0.05487528777252709
8372,20.59616377281469,0.02059616377281469
8373,40.52694590966025,0.04052694590966025
8374,63.56760254722905,0.06356760254722905
8375,57.64480197202222,0.05764480197202222
8376,72.31605940548505,0.07231605940548505
8377,83.64045329374012,0.08364045329374012
8378,40.91403317693737,0.04091403317693737
8379,42.29672754622275,0.04229672754622275
8380,49.66921344551531,0.04966921344551531
8381,56.635337838130354,0.05663533783813036
8382,10.832267423789165,0.010832267423789165
8383,31.263535419477407,0.031263535419477406
8384,17.189179537702426,0.017189179537702427
8385,38.58527623441316,0.03858527623441316
8386,97.33540725740365,0.09733540725740364
8387,58.27309566809797,0.05827309566809797
8388,42.93815199205463,0.04293815199205463
8389,56.59368952237088,0.05659368952237088
8390,66.90765554271792,0.06690765554271792
8391,43.495346329040096,0.0434953463290401
8392,44.77098042528872,0.04477098042528872
8393,70.14011293817086,0.07014011293817086
8394,6.086258320570126,0.006086258320570126
8395,54.00805682883442,0.054008056828834416
8396,54.732781221770146,0.054732781221770145
8397,75.67522611283809,0.07567522611283808
8398,98.2644752336658,0.0982644752336658
8399,79.57547867868081,0.07957547867868081
8400,50.3788612650468,0.0503788612650468
8401,16.945317960717855,0.016945317960717854
8402,58.82609716331706,0.058826097163317055
8403,83.4298886712686,0.0834298886712686
8404,93.24140636453325,0.09324140636453325
8405,82.53103794941006,0.08253103794941007
8406,18.896860636256353,0.01889686063625635
8407,71.25758643493315,0.07125758643493314
8408,88.01549474858433,0.08801549474858433
8409,68.10169666269752,0.06810169666269753
8410,68.57520409282152,0.06857520409282153
8411,50.01622862510787,0.05001622862510787
8412,63.697622212550506,0.0636976222125505
8413,29.43807192230211,0.02943807192230211
8414,8.88100867857452,0.00888100867857452
8415,82.77149047454004,0.08277149047454005
8416,94.31443073915156,0.09431443073915156
8417,85.68223353769442,0.08568223353769441
8418,33.3913553780803,0.0333913553780803
8419,9.35301513079283,0.00935301513079283
8420,28.013838763140654,0.028013838763140654
8421,84.28353758099001,0.08428353758099001
8422,65.5814507633216,0.0655814507633216
8423,96.66942441029371,0.09666942441029372
8424,34.26810184371034,0.03426810184371034
8425,55.14721202916424,0.055147212029164235
8426,79.00382216382279,0.07900382216382279
8427,23.399194273181234,0.023399194273181233
8428,96.40899746596658,0.09640899746596658
8429,59.23976724918148,0.05923976724918148
8430,0.7897563319653189,0.0007897563319653189
8431,2.5153275628012395,0.0025153275628012396
8432,88.22160164015952,0.08822160164015952
8433,64.52815277610775,0.06452815277610774
8434,76.30725190638621,0.07630725190638621
8435,78.40160009569081,0.0784016000956908
8436,42.04597762507765,0.04204597762507765
8437,79.86112461423018,0.07986112461423017
8438,93.7532444812538,0.0937532444812538
8439,17.217110776962162,0.017217110776962162
8440,76.41363995420207,0.07641363995420207
8441,30.779200761556503,0.0307792007615565
8442,32.14930030538539,0.03214930030538539
8443,41.27548510363862,0.041275485103638626
8444,86.37195199080855,0.08637195199080855
8445,2.2056067310049166,0.0022056067310049165
8446,43.39262068102639,0.043392620681026395
8447,68.00476495692706,0.06800476495692706
8448,11.041545828252197,0.011041545828252198
8449,79.22535970174165,0.07922535970174165
8450,94.1902597897353,0.09419025978973529
8451,9.09348210769786,0.00909348210769786
8452,15.294813783087813,0.015294813783087812
8453,97.40972249462028,0.09740972249462028
8454,19.785564078574158,0.019785564078574156
8455,7.893967570320449,0.007893967570320449
8456,95.21925363959002,0.09521925363959002
8457,89.2622709809469,0.0892622709809469
8458,65.5725472733131,0.0655725472733131
8459,55.14309272875533,0.055143092728755325
8460,91.92326963027703,0.09192326963027703
8461,65.55200751114228,0.06555200751114228
8462,65.839665931507,0.065839665931507
8463,84.36855642019529,0.08436855642019529
8464,65.32456772924209,0.0653245677292421
8465,50.367688703767755,0.05036768870376775
8466,38.97214978984479,0.03897214978984479
8467,50.313389279124074,0.05031338927912407
8468,52.24786490871944,0.052247864908719445
8469,36.08318811182518,0.03608318811182518
8470,44.8118408980346,0.044811840898034604
8471,80.18719328635213,0.08018719328635213
8472,41.65133686758878,0.04165133686758878
8473,2.555976663542936,0.002555976663542936
8474,28.301932177384913,0.028301932177384914
8475,23.174186409169817,0.023174186409169815
8476,79.35820118319684,0.07935820118319684
8477,44.92930584718088,0.04492930584718088
8478,28.031054303513315,0.028031054303513315
8479,81.07048838416246,0.08107048838416246
8480,1.921680455661201,0.001921680455661201
8481,17.42508427312176,0.01742508427312176
8482,82.69548193957999,0.08269548193958
8483,55.06517276604026,0.05506517276604026
8484,77.36497745794804,0.07736497745794804
8485,83.81760147620776,0.08381760147620776
8486,94.19634885885397,0.09419634885885396
8487,6.342459930333799,0.0063424599303337995
8488,79.9234743298472,0.0799234743298472
8489,70.87661482198348,0.07087661482198349
8490,20.702560067655916,0.020702560067655917
8491,93.17022663401231,0.09317022663401231
8492,40.4201880306392,0.0404201880306392
8493,88.76105274548041,0.0887610527454804
8494,60.511370466492544,0.06051137046649254
8495,52.674794654095656,0.05267479465409566
8496,15.95239338959794,0.01595239338959794
8497,91.43276242873128,0.09143276242873127
8498,55.66619073622462,0.05566619073622462
8499,0.6092405496817443,0.0006092405496817444
8500,1.8284541070283211,0.001828454107028321
8501,77.76326050180475,0.07776326050180475
8502,16.193635337838963,0.016193635337838963
8503,59.87384356281452,0.05987384356281452
8504,68.10819619339803,0.06810819619339803
8505,27.936559294849683,0.027936559294849683
8506,56.93138084114124,0.056931380841141244
8507,24.02587459890747,0.02402587459890747
8508,94.63154273679505,0.09463154273679505
8509,86.0170156349167,0.0860170156349167
8510,28.804279149746915,0.028804279149746915
8511,52.88144909503397,0.05288144909503397
8512,50.06328571539057,0.05006328571539057
8513,96.00232579500741,0.0960023257950074
8514,39.4028780183854,0.0394028780183854
8515,56.222755462156684,0.05622275546215669
8516,92.87065948874371,0.0928706594887437
8517,16.281105117655812,0.016281105117655813
8518,55.048560327833805,0.055048560327833805
8519,10.567292036182963,0.010567292036182962
8520,61.749893181850055,0.061749893181850056
8521,36.56832033870047,0.036568320338700465
8522,96.76360731796007,0.09676360731796006
8523,41.54091811485263,0.04154091811485263
8524,13.618763754170683,0.013618763754170683
8525,83.39999609284041,0.0833999960928404
8526,82.08666914229141,0.08208666914229142
8527,69.48596195427844,0.06948596195427843
8528,74.8811801884228,0.0748811801884228
8529,26.471521768940686,0.026471521768940687
8530,64.20535004227813,0.06420535004227813
8531,3.801987120539363,0.003801987120539363
8532,19.689014389003457,0.019689014389003456
8533,93.22794475530867,0.09322794475530867
8534,73.92352970826586,0.07392352970826586
8535,23.067254098925783,0.023067254098925783
8536,11.13830895192881,0.01113830895192881
8537,94.89194448685015,0.09489194448685015
8538,11.218766606013276,0.011218766606013276
8539,25.70700480472482,0.02570700480472482
8540,18.263399299945714,0.018263399299945714
8541,0.7463820411767963,0.0007463820411767963
8542,31.4134774098044,0.0314134774098044
8543,97.41788715987626,0.09741788715987626
8544,34.190330580935644,0.034190330580935645
8545,50.43048794677737,0.05043048794677737
8546,74.59357839217815,0.07459357839217814
8547,55.10801020792161,0.05510801020792161
8548,74.35915074123066,0.07435915074123066
8549,66.16358681905152,0.06616358681905152
8550,60.85630229990148,0.06085630229990148
8551,64.96489072117451,0.0649648907211745
8552,79.9164362078251,0.0799164362078251
8553,71.01913948011041,0.0710191394801104
8554,79.17749207051915,0.07917749207051915
8555,14.559763828353134,0.014559763828353134
8556,67.76737327105403,0.06776737327105403
8557,73.70219123255332,0.07370219123255332
8558,29.99664324968345,0.02999664324968345
8559,87.45773278432823,0.08745773278432822
8560,30.471160330270042,0.03047116033027004
8561,24.38321193764973,0.02438321193764973
8562,86.70968154805112,0.08670968154805113
8563,24.70198381164267,0.02470198381164267
8564,41.55024624318001,0.04155024624318001
8565,36.79228300368189,0.03679228300368189
8566,89.80618225582724,0.08980618225582723
8567,45.52357382879643,0.04552357382879643
8568,69.43089332962155,0.06943089332962156
8569,79.4038904643829,0.0794038904643829
8570,62.79035807471762,0.06279035807471763
8571,94.36944983249147,0.09436944983249147
8572,80.2507529256008,0.08025075292560081
8573,40.020662767486314,0.040020662767486316
8574,95.08118432576832,0.09508118432576831
8575,52.45748332713342,0.05245748332713342
8576,2.2577322944895895,0.0022577322944895895
8577,26.00132796528968,0.02600132796528968
8578,62.17295870372666,0.062172958703726654
8579,15.681490232443673,0.015681490232443675
8580,58.406804489320365,0.05840680448932036
8581,36.15980223075298,0.03615980223075298
8582,53.4385480058274,0.053438548005827397
8583,0.18748478732528717,0.00018748478732528718
8584,84.84213546686983,0.08484213546686983
8585,36.19254877755284,0.03619254877755284
8586,14.015843427795305,0.014015843427795304
8587,43.791585700507994,0.04379158570050799
8588,48.61772934888341,0.04861772934888341
8589,63.74027104961889,0.0637402710496189
8590,52.456244035227975,0.05245624403522797
8591,4.352358206706263,0.004352358206706263
8592,87.15123220777647,0.08715123220777647
8593,45.65089317869613,0.04565089317869613
8594,7.698777253300893,0.007698777253300893
8595,77.28282365291851,0.07728282365291851
8596,66.01544187830683,0.06601544187830682
8597,64.94377727692218,0.06494377727692217
8598,42.691400173556104,0.042691400173556104
8599,41.04970626209884,0.041049706262098834
8600,53.63386363873428,0.053633863638734285
8601,5.0594412899103265,0.005059441289910326
8602,29.895776421792085,0.029895776421792086
8603,98.78941735623735,0.09878941735623735
8604,66.21924891280759,0.06621924891280759
8605,41.89341654173221,0.04189341654173221
8606,22.236310294045303,0.022236310294045304
8607,74.52093619002335,0.07452093619002335
8608,26.02903097061914,0.02602903097061914
8609,16.237010384629535,0.016237010384629536
8610,15.451490023428727,0.015451490023428728
8611,72.92632791647324,0.07292632791647324
8612,64.28102542887174,0.06428102542887175
8613,6.980609937123061,0.006980609937123061
8614,11.504281536220251,0.01150428153622025
8615,63.38468673535771,0.06338468673535771
8616,57.1116101872159,0.0571116101872159
8617,68.59990603718134,0.06859990603718134
8618,17.803890836326197,0.017803890836326195
8619,72.6587906217167,0.0726587906217167
8620,93.60964673305497,0.09360964673305497
8621,60.10503145354412,0.06010503145354412
8622,19.613001964278386,0.019613001964278384
8623,67.95438552841065,0.06795438552841065
8624,34.30816835460644,0.034308168354606434
8625,4.928774638572142,0.004928774638572142
8626,30.233869535249845,0.030233869535249844
8627,90.5585101950132,0.0905585101950132
8628,41.11393201759752,0.04111393201759752
8629,86.46653380310923,0.08646653380310923
8630,50.86593435227916,0.05086593435227916
8631,51.69779889596,0.05169779889596
8632,0.5216321064894336,0.0005216321064894335
8633,63.71040732889721,0.06371040732889721
8634,10.781384503042023,0.010781384503042023
8635,47.87484146820543,0.047874841468205434
8636,26.03168556580989,0.02603168556580989
8637,39.23829658293149,0.03923829658293149
8638,53.70773556668008,0.05370773556668008
8639,1.4464114601972833,0.0014464114601972834
8640,28.45835832716228,0.02845835832716228
8641,98.9611934291865,0.0989611934291865
8642,5.739912582055961,0.005739912582055961
8643,31.939348815736835,0.03193934881573684
8644,32.14214749646482,0.032142147496464823
8645,37.938592093276256,0.037938592093276255
8646,68.47809184423454,0.06847809184423453
8647,24.77437986829646,0.02477437986829646
8648,46.02693441360528,0.04602693441360528
8649,64.48635668524491,0.06448635668524491
8650,32.23220583285886,0.03223220583285886
8651,94.87725805032547,0.09487725805032547
8652,97.96726349426812,0.09796726349426813
8653,11.967356768751113,0.011967356768751113
8654,34.38198844008101,0.03438198844008101
8655,20.79720698064753,0.02079720698064753
8656,18.678959555711515,0.018678959555711513
8657,49.09798383382795,0.049097983833827956
8658,56.38271081348789,0.05638271081348789
8659,42.56520405975992,0.04256520405975992
8660,27.255487309736072,0.027255487309736072
8661,27.862157425363964,0.027862157425363965
8662,99.21281563407308,0.09921281563407308
8663,92.36773739902505,0.09236773739902504
8664,7.589884098935718,0.007589884098935718
8665,65.65506519961257,0.06565506519961256
8666,45.68776074848443,0.04568776074848443
8667,68.88140971991619,0.06888140971991619
8668,59.696070554055346,0.05969607055405535
8669,88.92524000824174,0.08892524000824174
8670,6.698831428882501,0.006698831428882501
8671,34.95979120577055,0.03495979120577055
8672,98.54941257755847,0.09854941257755848
8673,18.22853489906168,0.018228534899061677
8674,12.733343950664722,0.012733343950664722
8675,72.89720060005754,0.07289720060005754
8676,77.74351600174634,0.07774351600174634
8677,67.22735476746603,0.06722735476746602
8678,77.61958287599253,0.07761958287599253
8679,69.37215720931722,0.06937215720931722
8680,13.577068228917677,0.013577068228917676
8681,60.82218974785071,0.06082218974785071
8682,77.68766825595324,0.07768766825595325
8683,86.55166063244678,0.08655166063244678
8684,24.623524268370765,0.024623524268370764
8685,12.743076093853855,0.012743076093853854
8686,78.10904435825796,0.07810904435825797
8687,25.654834503566537,0.025654834503566537
8688,3.192947832088733,0.003192947832088733
8689,82.52135636493043,0.08252135636493042
8690,50.599113381086,0.050599113381086
8691,32.66331324284219,0.03266331324284219
8692,1.1429105231549164,0.0011429105231549163
8693,3.5327444707947686,0.0035327444707947686
8694,79.26232705602946,0.07926232705602947
8695,48.97058849648644,0.048970588496486445
8696,14.972204929646015,0.014972204929646014
8697,35.85056272490181,0.035850562724901815
8698,16.53051475375229,0.01653051475375229
8699,11.288155318038662,0.011288155318038662
8700,27.630782067414362,0.027630782067414362
8701,54.95085474623974,0.054950854746239744
8702,21.00066078122269,0.02100066078122269
8703,34.36710812847671,0.03436710812847671
8704,47.79308839564597,0.047793088395645965
8705,42.00297391831519,0.042002973918315194
8706,12.862779912128964,0.012862779912128964
8707,3.8865635535888177,0.0038865635535888176
8708,3.5458726948938923,0.0035458726948938923
8709,35.01790180278673,0.03501790180278673
8710,71.88020785373229,0.07188020785373228
8711,13.125529872927066,0.013125529872927066
8712,78.69801163644256,0.07869801163644256
8713,71.56743093138368,0.07156743093138368
8714,0.39434908856111894,0.00039434908856111894
8715,2.674787298184511,0.002674787298184511
8716,19.503321553805165,0.019503321553805165
8717,5.612091105058504,0.005612091105058504
8718,53.13431052703059,0.05313431052703059
8719,3.9627261458415775,0.003962726145841577
8720,80.26458379953976,0.08026458379953977
8721,49.296206894581054,0.04929620689458106
8722,72.79543666724776,0.07279543666724776
8723,75.07025509358411,0.07507025509358412
8724,50.67639396702327,0.050676393967023274
8725,92.53628762534662,0.09253628762534662
8726,99.0240773855308,0.0990240773855308
8727,35.921468601454585,0.035921468601454586
8728,12.586414024923354,0.012586414024923354
8729,36.32381786478669,0.03632381786478669
8730,22.33538970142701,0.02233538970142701
8731,53.10056670617501,0.05310056670617501
8732,37.83876012524014,0.037838760125240144
8733,48.04494142867909,0.048044941428679086
8734,76.31875760760015,0.07631875760760015
8735,27.402097454185213,0.027402097454185214
8736,53.74747246397254,0.053747472463972545
8737,33.51612493286884,0.03351612493286884
8738,78.49608641206613,0.07849608641206614
8739,63.95366324076963,0.06395366324076963
8740,0.8504730510610736,0.0008504730510610736
8741,66.00513411052184,0.06600513411052183
8742,17.016200806658233,0.017016200806658232
8743,72.44737902030393,0.07244737902030393
8744,56.73386668454581,0.05673386668454581
8745,40.14826777231747,0.04014826777231747
8746,69.40664292072584,0.06940664292072585
8747,85.65932858687802,0.08565932858687803
8748,77.87437138620732,0.07787437138620731
8749,54.53792765719076,0.05453792765719076
8750,72.26943202595297,0.07226943202595297
8751,41.39145543927536,0.04139145543927536
8752,78.90261215631287,0.07890261215631288
8753,82.90518916228181,0.08290518916228182
8754,13.729383687639874,0.013729383687639875
8755,23.803135959394627,0.023803135959394626
8756,26.99887373491584,0.02699887373491584
8757,16.608171898209157,0.016608171898209158
8758,39.25350068974207,0.039253500689742066
8759,19.303321144961227,0.01930332114496123
8760,59.55393109266095,0.05955393109266095
8761,10.161544289761594,0.010161544289761593
8762,26.99191530267564,0.02699191530267564
8763,66.55206459463568,0.06655206459463568
8764,39.85451231333492,0.03985451231333492
8765,42.14627418534077,0.042146274185340775
8766,79.79252529583893,0.07979252529583893
8767,98.45115532909865,0.09845115532909865
8768,56.506778325421294,0.056506778325421295
8769,7.9067171463607755,0.007906717146360775
8770,10.290297422363592,0.010290297422363592
8771,96.8500722029416,0.0968500722029416
8772,67.92349127484715,0.06792349127484715
8773,75.24691183338193,0.07524691183338193
8774,67.57637576855414,0.06757637576855414
8775,17.96176016951533,0.01796176016951533
8776,44.8362160824762,0.0448362160824762
8777,79.80804376193656,0.07980804376193656
8778,86.63629629420733,0.08663629629420733
8779,23.733551474637203,0.023733551474637203
8780,59.59617908338206,0.059596179083382064
8781,15.710190273845337,0.015710190273845338
8782,95.82768731217516,0.09582768731217516
8783,25.22042889924876,0.02522042889924876
8784,72.66351286038967,0.07266351286038968
8785,23.111294422685436,0.023111294422685436
8786,61.60539428785417,0.061605394287854165
8787,65.92643070226565,0.06592643070226564
8788,32.84281034547527,0.03284281034547527
8789,81.88338654260512,0.08188338654260513
8790,88.53708982474505,0.08853708982474505
8791,85.50699302539951,0.0855069930253995
8792,33.07982194647173,0.03307982194647173
8793,74.4340259012654,0.0744340259012654
8794,55.94907548692242,0.05594907548692242
8795,59.26283244920116,0.059262832449201164
8796,47.74250852584618,0.04774250852584618
8797,60.026114796887164,0.060026114796887166
8798,13.565415803574998,0.013565415803574999
8799,40.88472331174553,0.04088472331174553
8800,17.767176198794598,0.017767176198794598
8801,28.010553097142576,0.028010553097142576
8802,12.781453592213376,0.012781453592213375
8803,21.249560522202003,0.021249560522202005
8804,78.1929255787716,0.0781929255787716
8805,54.983646217767024,0.054983646217767024
8806,2.3643118512234995,0.0023643118512234997
8807,78.85244838021156,0.07885244838021156
8808,90.94683959294906,0.09094683959294907
8809,88.04292757826376,0.08804292757826376
8810,82.30168828733217,0.08230168828733217
8811,99.22164428009368,0.09922164428009368
8812,58.6401955537933,0.058640195553793295
8813,96.25876285149049,0.09625876285149049
8814,94.88442325014275,0.09488442325014275
8815,31.32387305034393,0.03132387305034393
8816,86.34337560558708,0.08634337560558708
8817,79.24726655587772,0.07924726655587772
8818,77.57987774010856,0.07757987774010856
8819,89.62807712919219,0.0896280771291922
8820,38.419000992030774,0.03841900099203077
8821,40.00549658873819,0.04000549658873819
8822,64.00523092036364,0.06400523092036364
8823,73.7804537814342,0.0737804537814342
8824,87.97371026576145,0.08797371026576145
8825,87.58453206592819,0.08758453206592819
8826,72.13396243862599,0.07213396243862599
8827,95.68927778215227,0.09568927778215228
8828,17.862861894624228,0.017862861894624226
8829,95.03398471800863,0.09503398471800863
8830,6.419148203362157,0.006419148203362157
8831,55.56218811919182,0.05556218811919182
8832,9.019695700812225,0.009019695700812225
8833,56.80009751981364,0.05680009751981364
8834,39.010971245571945,0.03901097124557194
8835,8.160943150238687,0.008160943150238686
8836,64.81168050241884,0.06481168050241884
8837,73.11979996228418,0.07311979996228418
8838,17.41854136199813,0.017418541361998132
8839,69.44367193087689,0.06944367193087689
8840,17.904754914773292,0.017904754914773294
8841,13.73964493152765,0.01373964493152765
8842,14.736326652474574,0.014736326652474574
8843,59.907846895433494,0.05990784689543349
8844,77.87908081266032,0.07787908081266032
8845,59.68937014738136,0.05968937014738136
8846,80.9351453018245,0.08093514530182451
8847,59.14773410703692,0.059147734107036914
8848,79.73212473484867,0.07973212473484867
8849,97.65225011333007,0.09765225011333006
8850,39.09598079682246,0.03909598079682246
8851,14.994217692689471,0.01499421769268947
8852,13.539681170495765,0.013539681170495765
8853,59.74775966565981,0.05974775966565981
8854,54.7103065855342,0.0547103065855342
8855,18.423537854203076,0.018423537854203077
8856,88.21049626676735,0.08821049626676734
8857,95.67483684541884,0.09567483684541883
8858,25.321564310330167,0.025321564310330166
8859,20.6882930901067,0.0206882930901067
8860,21.392185230754723,0.021392185230754722
8861,38.742152969135944,0.03874215296913595
8862,85.32271752989463,0.08532271752989463
8863,59.59606099411179,0.059596060994111785
8864,6.755343173266992,0.0067553431732669915
8865,47.29790851720672,0.04729790851720672
8866,9.033168302809258,0.009033168302809258
8867,40.62141140084401,0.040621411400844014
8868,40.352014230331704,0.040352014230331704
8869,64.83526657096456,0.06483526657096457
8870,54.9453966963101,0.0549453966963101
8871,87.4754782339086,0.08747547823390861
8872,1.6275182665472343,0.0016275182665472343
8873,77.3998822094649,0.0773998822094649
8874,2.265834095584174,0.002265834095584174
8875,30.428982847636597,0.030428982847636597
8876,87.96631381795635,0.08796631381795635
8877,69.04141716771217,0.06904141716771217
8878,17.19966783661433,0.01719966783661433
8879,49.07845441119429,0.049078454411194294
8880,72.19041809779858,0.07219041809779858
8881,93.73433213395293,0.09373433213395294
8882,63.43211992182037,0.06343211992182038
8883,2.4675411432927286,0.0024675411432927286
8884,49.97018596962835,0.04997018596962835
8885,15.296163917082772,0.015296163917082772
8886,4.777955047492133,0.004777955047492133
8887,59.85106346815843,0.05985106346815843
8888,77.69219025104245,0.07769219025104245
8889,3.60605554964043,0.00360605554964043
8890,78.35892709655195,0.07835892709655196
8891,70.63878798115087,0.07063878798115086
8892,75.19868881683614,0.07519868881683614
8893,24.472837271570047,0.024472837271570045
8894,39.35954554934291,0.039359545549342914
8895,11.975082720721897,0.011975082720721897
8896,23.88909502344665,0.02388909502344665
8897,30.278967147743007,0.030278967147743006
8898,31.943663953678612,0.03194366395367861
8899,17.503988809681182,0.01750398880968118
8900,18.871179807114334,0.018871179807114336
8901,90.14703997921602,0.09014703997921601
8902,78.38936148156058,0.07838936148156059
8903,34.44777034914374,0.03444777034914374
8904,94.76435394809607,0.09476435394809607
8905,23.89227127923239,0.02389227127923239
8906,40.68204534500507,0.04068204534500507
8907,81.35253114345706,0.08135253114345706
8908,44.288637020362664,0.04428863702036266
8909,23.462532290814597,0.023462532290814596
8910,36.85354676214884,0.03685354676214884
8911,50.07210723746815,0.050072107237468154
8912,62.064438366033734,0.06206443836603373
8913,40.560649958152325,0.040560649958152326
8914,43.13043311199743,0.04313043311199743
8915,26.39436128014252,0.02639436128014252
8916,53.53472984174117,0.053534729841741166
8917,21.945623376954636,0.021945623376954635
8918,86.75262181080758,0.08675262181080758
8919,74.73670702663014,0.07473670702663014
8920,41.027898841418406,0.04102789884141841
8921,74.72278470328477,0.07472278470328478
8922,0.6995941809373019,0.0006995941809373018
8923,34.448922264239656,0.03444892226423966
8924,44.03011481467885,0.044030114814678854
8925,46.97985075456973,0.04697985075456973
8926,74.87314777103389,0.07487314777103389
8927,96.28074275617138,0.09628074275617138
8928,37.999713044280305,0.037999713044280306
8929,35.059984952787474,0.035059984952787476
8930,61.051522658039616,0.06105152265803961
8931,28.12536141915789,0.02812536141915789
8932,14.135033381518925,0.014135033381518924
8933,96.15408704921987,0.09615408704921986
8934,80.9529956809022,0.08095299568090221
8935,95.84995530241278,0.09584995530241278
8936,21.783287868391664,0.021783287868391663
8937,1.7809214969670584,0.0017809214969670584
8938,43.72615757381064,0.04372615757381064
8939,93.36089629915813,0.09336089629915813
8940,13.832533887175892,0.013832533887175891
8941,11.718552283459838,0.011718552283459837
8942,6.895278424584205,0.006895278424584205
8943,76.50179989319747,0.07650179989319747
8944,78.59265338335389,0.07859265338335389
8945,69.5376055663464,0.0695376055663464
8946,5.329184512233609,0.005329184512233609
8947,72.32883358152039,0.07232883358152038
8948,44.86288084616872,0.04486288084616872
8949,15.789442193660497,0.015789442193660498
8950,29.51260104846021,0.029512601048460207
8951,50.1146839932961,0.0501146839932961
8952,32.96514722696811,0.032965147226968104
8953,96.97492267415923,0.09697492267415923
8954,47.47417417071993,0.047474174170719925
8955,37.215051025214365,0.037215051025214364
8956,67.31654289680367,0.06731654289680367
8957,65.05450568559148,0.06505450568559148
8958,0.24392804052674188,0.00024392804052674187
8959,61.84736983007429,0.06184736983007429
8960,24.37689747690337,0.02437689747690337
8961,37.52336415879216,0.037523364158792163
8962,70.63488907348443,0.07063488907348443
8963,55.73862210106958,0.05573862210106958
8964,36.86551441550969,0.03686551441550969
8965,16.741035183712405,0.016741035183712404
8966,50.54821872477532,0.050548218724775315
8967,31.93660235072032,0.03193660235072032
8968,91.29278084080751,0.09129278084080751
8969,53.43466402890507,0.053434664028905066
8970,86.59639941704125,0.08659639941704125
8971,39.018102848351134,0.03901810284835113
8972,82.74371637879605,0.08274371637879605
8973,5.653690217207863,0.005653690217207863
8974,29.811902556801495,0.029811902556801495
8975,7.817593304469939,0.007817593304469938
8976,3.165018071487391,0.003165018071487391
8977,91.88622453231189,0.09188622453231189
8978,71.68687443996798,0.07168687443996798
8979,62.51100644684706,0.06251100644684707
8980,53.249280941183294,0.053249280941183294
8981,56.9554036216842,0.0569554036216842
8982,63.86903813864535,0.06386903813864535
8983,82.65797947401032,0.08265797947401032
8984,59.68885557955282,0.05968885557955282
8985,74.85807631108824,0.07485807631108823
8986,28.097805182973488,0.028097805182973487
8987,97.67617378164721,0.09767617378164721
8988,3.1897208437028923,0.0031897208437028923
8989,38.657659527731546,0.03865765952773154
8990,88.2049551503704,0.0882049551503704
8991,18.052296268619017,0.01805229626861902
8992,14.133809293365795,0.014133809293365796
8993,36.54307668999135,0.03654307668999135
8994,42.81947005168275,0.04281947005168275
8995,93.33940606617277,0.09333940606617278
8996,83.6119534708821,0.0836119534708821
8997,46.40896376905141,0.04640896376905141
8998,97.2975100881603,0.09729751008816029
8999,64.22784041590643,0.06422784041590643
9000,87.36587319818912,0.08736587319818911
9001,24.605698048682545,0.024605698048682543
9002,48.89640742999828,0.048896407429998276
9003,2.971721335643329,0.002971721335643329
9004,0.8880193266448844,0.0008880193266448844
9005,70.54532209394645,0.07054532209394646
9006,11.829362246560072,0.011829362246560072
9007,54.78082371108176,0.054780823711081755
9008,69.600748221002,0.069600748221002
9009,3.223458622963926,0.0032234586229639263
9010,44.874139914568204,0.044874139914568206
9011,68.41519369858398,0.06841519369858398
9012,88.973098785485,0.08897309878548501
9013,29.923010060165645,0.029923010060165643
9014,97.42165296843302,0.09742165296843303
9015,84.45414996596973,0.08445414996596973
9016,65.06350720818543,0.06506350720818543
9017,39.19255072461312,0.03919255072461312
9018,71.11103761994985,0.07111103761994986
9019,81.61932690703534,0.08161932690703534
9020,30.32998748865573,0.03032998748865573
9021,99.28300649070293,0.09928300649070293
9022,90.86193697546389,0.0908619369754639
9023,48.550144034292266,0.04855014403429227
9024,72.28299157753952,0.07228299157753952
9025,52.40088946187819,0.05240088946187819
9026,76.09305521970262,0.07609305521970262
9027,82.69822038779814,0.08269822038779814
9028,2.3222555157042524,0.0023222555157042524
9029,7.913202970064925,0.007913202970064925
9030,33.6467415876727,0.0336467415876727
9031,91.76136326323495,0.09176136326323496
9032,39.827358314338966,0.039827358314338965
9033,88.75122152019243,0.08875122152019244
9034,46.24339126317529,0.04624339126317529
9035,28.885292031157338,0.028885292031157337
9036,90.06451830624952,0.09006451830624952
9037,56.06707689186775,0.05606707689186775
9038,36.04842950300413,0.03604842950300413
9039,4.44070036278168,0.00444070036278168
9040,11.09331324482239,0.01109331324482239
9041,13.93103276415305,0.013931032764153051
9042,36.48362904106063,0.03648362904106063
9043,60.7332955744344,0.0607332955744344
9044,30.759011442192985,0.030759011442192986
9045,6.552763376480019,0.0065527633764800195
9046,26.48087373173338,0.026480873731733377
9047,40.86816508996102,0.040868165089961016
9048,99.22699286723291,0.09922699286723291
9049,39.29869047509386,0.039298690475093864
9050,8.919541874744397,0.008919541874744396
9051,58.111481447393345,0.058111481447393344
9052,91.96400726262897,0.09196400726262897
9053,78.66956988617501,0.07866956988617502
9054,83.62183091872366,0.08362183091872366
9055,92.82317961023304,0.09282317961023304
9056,63.6543503385538,0.0636543503385538
9057,99.49227306534986,0.09949227306534986
9058,3.3281569879650807,0.003328156987965081
9059,83.48396761435623,0.08348396761435622
9060,85.70106695222617,0.08570106695222617
9061,91.6700390761965,0.0916700390761965
9062,47.816945763584904,0.0478169457635849
9063,78.77559236206,0.07877559236206
9064,19.50803991211798,0.01950803991211798
9065,60.31302251782144,0.06031302251782144
9066,35.864515236346136,0.03586451523634614
9067,59.61736506619755,0.05961736506619755
9068,67.55605071583003,0.06755605071583003
9069,34.706866674617885,0.034706866674617885
9070,21.623829930287197,0.0216238299302872
9071,32.168790885933475,0.032168790885933475
9072,66.39572451074426,0.06639572451074426
9073,67.68742336728106,0.06768742336728105
9074,74.13169360240988,0.07413169360240988
9075,12.653660857270598,0.012653660857270597
9076,81.85173902544616,0.08185173902544617
9077,68.81478015409554,0.06881478015409555
9078,3.0505076690639177,0.0030505076690639176
9079,33.55978494350508,0.03355978494350508
9080,46.67112559064771,0.04667112559064771
9081,36.06174903868148,0.03606174903868148
9082,11.741688820841311,0.011741688820841312
9083,20.734628450500704,0.020734628450500704
9084,2.456139491013254,0.002456139491013254
9085,9.307716135256284,0.009307716135256284
9086,26.630011772454477,0.026630011772454477
9087,81.99702656357306,0.08199702656357306
9088,52.66375099372003,0.05266375099372003
9089,42.4497890691106,0.0424497890691106
9090,66.2162943958549,0.0662162943958549
9091,54.15105603250052,0.05415105603250052
9092,13.151392675562622,0.013151392675562623
9093,22.262336382418958,0.022262336382418958
9094,22.252236099060763,0.022252236099060765
9095,59.995251261234216,0.059995251261234214
9096,46.16243661893464,0.04616243661893464
9097,38.75850625608537,0.038758506256085366
9098,55.6639172881788,0.0556639172881788
9099,97.01157857825572,0.09701157857825572
9100,31.41934560558768,0.03141934560558768
9101,52.01954336335173,0.05201954336335173
9102,48.03700156441156,0.04803700156441156
9103,71.66430317458448,0.07166430317458447
9104,73.02902679829161,0.07302902679829161
9105,72.90707214130406,0.07290707214130406
9106,20.151957993874483,0.020151957993874484
9107,44.909313636118775,0.044909313636118775
9108,81.11746910291376,0.08111746910291376
9109,38.15301705406438,0.038153017054064375
9110,98.42551172899289,0.09842551172899289
9111,36.478674179219915,0.03647867417921991
9112,49.76668273419682,0.04976668273419682
9113,47.452559480254685,0.04745255948025468
9114,43.36638024692425,0.04336638024692425
9115,84.56313683196215,0.08456313683196215
9116,15.527523754801354,0.015527523754801355
9117,56.7664706413983,0.0567664706413983
9118,61.860157735542366,0.06186015773554237
9119,85.12213080693708,0.08512213080693708
9120,60.92001599261084,0.06092001599261084
9121,96.00203477877807,0.09600203477877807
9122,87.21677122609289,0.08721677122609289
9123,34.873994835273145,0.03487399483527315
9124,85.99064452908345,0.08599064452908345
9125,95.84778140934557,0.09584778140934558
9126,25.71971809245863,0.02571971809245863
9127,61.020880666440846,0.061020880666440847
9128,28.180391234213552,0.02818039123421355
9129,64.95672790822175,0.06495672790822175
9130,9.36428045470219,0.00936428045470219
9131,73.41880218690575,0.07341880218690575
9132,41.981982859534284,0.041981982859534285
9133,58.730717867643676,0.058730717867643674
9134,2.586240252349814,0.002586240252349814
9135,69.54414552103283,0.06954414552103283
9136,49.599135413524344,0.04959913541352434
9137,62.525100768784206,0.0625251007687842
9138,31.566797237617404,0.031566797237617406
9139,14.582017342141441,0.014582017342141441
9140,43.5428941996142,0.043542894199614206
9141,94.39791212863634,0.09439791212863634
9142,22.779402665380534,0.022779402665380533
9143,67.58390120352516,0.06758390120352516
9144,4.984354403454139,0.004984354403454139
9145,71.80997852669284,0.07180997852669284
9146,23.843718680149305,0.023843718680149305
9147,45.15170602293325,0.045151706022933245
9148,36.775310059477405,0.03677531005947741
9149,11.284034331735548,0.011284034331735547
9150,34.55819525117757,0.03455819525117757
9151,35.01249582931856,0.03501249582931856
9152,52.21056390297516,0.05221056390297516
9153,97.23515329399874,0.09723515329399873
9154,47.00175225106303,0.04700175225106303
9155,91.44261556326339,0.09144261556326339
9156,46.155765856255535,0.04615576585625553
9157,10.754330087493946,0.010754330087493946
9158,23.015289527594017,0.02301528952759402
9159,40.75176760576002,0.04075176760576002
9160,32.53687729701847,0.03253687729701847
9161,86.58292875324916,0.08658292875324916
9162,67.86456021965513,0.06786456021965513
9163,57.83084519186734,0.05783084519186734
9164,49.12295512366905,0.04912295512366905
9165,39.727061828906685,0.03972706182890669
9166,61.21924398320113,0.06121924398320113
9167,12.4607165444381,0.012460716544438099
9168,16.253318821690566,0.016253318821690566
9169,30.311635339669994,0.030311635339669993
9170,17.11846164610744,0.01711846164610744
9171,67.70987190248167,0.06770987190248166
9172,2.4768321406245297,0.00247683214062453
9173,16.01774916667501,0.01601774916667501
9174,90.26081094988034,0.09026081094988034
9175,99.75431482220868,0.09975431482220869
9176,48.759047782809304,0.0487590477828093
9177,49.53700730217583,0.04953700730217583
9178,77.33987622374381,0.07733987622374382
9179,3.6189577620575064,0.0036189577620575064
9180,42.70214819009781,0.04270214819009781
9181,9.982788181495984,0.009982788181495984
9182,40.092638265648596,0.04009263826564859
9183,98.38218411288749,0.09838218411288749
9184,75.36332808033612,0.07536332808033612
9185,98.5045875685218,0.0985045875685218
9186,74.60486256706017,0.07460486256706017
9187,60.81100718065884,0.06081100718065884
9188,75.42208329272434,0.07542208329272433
9189,65.90916729709846,0.06590916729709846
9190,46.406602990190834,0.04640660299019083
9191,29.254633400521,0.029254633400521
9192,52.01780593343549,0.05201780593343549
9193,25.849347390143052,0.02584934739014305
9194,48.66763464421453,0.04866763464421453
9195,14.613540592108599,0.0146135405921086
9196,56.53950989700408,0.056539509897004084
9197,24.528369081210478,0.024528369081210477
9198,29.360810394156967,0.02936081039415697
9199,49.90281417823884,0.049902814178238844
9200,16.252625302158073,0.016252625302158073
9201,96.23798836359191,0.0962379883635919
9202,44.69443153928761,0.044694431539287614
9203,35.22792296267511,0.03522792296267511
9204,2.919660509258093,0.002919660509258093
9205,84.32543631122329,0.08432543631122329
9206,62.58339153063843,0.06258339153063842
9207,41.64051548412972,0.04164051548412972
9208,24.55327993384757,0.02455327993384757
9209,74.51374186753851,0.07451374186753851
9210,94.54745757416671,0.09454745757416672
9211,38.08097056520202,0.03808097056520202
9212,13.487606837923128,0.013487606837923128
9213,10.919474727273737,0.010919474727273738
9214,0.6361972333885912,0.0006361972333885912
9215,74.39554407717219,0.0743955440771722
9216,98.13953859016705,0.09813953859016705
9217,99.28177527535682,0.09928177527535682
9218,78.41972543429256,0.07841972543429256
9219,16.218377829604357,0.016218377829604357
9220,97.77094559131216,0.09777094559131215
9221,32.781344300195094,0.032781344300195095
9222,33.36196094925437,0.033361960949254366
9223,68.73369528924388,0.06873369528924388
9224,4.904918707445138,0.004904918707445138
9225,82.57697299075592,0.08257697299075592
9226,99.7297276487744,0.0997297276487744
9227,77.50697780899173,0.07750697780899174
9228,78.16764912073332,0.07816764912073332
9229,39.0313670566551,0.0390313670566551
9230,6.592138901565692,0.006592138901565692
9231,79.26674342344234,0.07926674342344234
9232,59.71580869048005,0.05971580869048005
9233,90.93386891220844,0.09093386891220843
9234,11.596290016683252,0.011596290016683252
9235,30.51230630941083,0.030512306309410833
9236,36.06561537233864,0.03606561537233864
9237,68.32797085446914,0.06832797085446915
9238,78.7745163103155,0.0787745163103155
9239,96.10204085844202,0.09610204085844203
9240,29.540715832415444,0.029540715832415444
9241,49.36364085642473,0.04936364085642473
9242,2.896093008129841,0.0028960930081298407
9243,25.29878781088879,0.02529878781088879
9244,37.40035081196403,0.03740035081196403
9245,59.38062065254483,0.059380620652544826
9246,47.0845493599174,0.047084549359917405
9247,36.447505977699734,0.03644750597769973
9248,62.40779665293415,0.06240779665293415
9249,82.86156771170003,0.08286156771170003
9250,24.16811329847892,0.02416811329847892
9251,34.287587926041226,0.034287587926041224
9252,70.49236496870199,0.070492364968702
9253,77.79405987585302,0.07779405987585303
9254,82.53968717346473,0.08253968717346473
9255,20.933121889702868,0.02093312188970287
9256,53.92669612444156,0.053926696124441564
9257,90.00110985252844,0.09000110985252845
9258,39.195045509149175,0.03919504550914917
9259,42.98830902215557,0.04298830902215557
9260,98.48229439006857,0.09848229439006857
9261,11.305264603250542,0.011305264603250542
9262,70.5601989461636,0.0705601989461636
9263,85.01841270408919,0.08501841270408919
9264,15.079351663401741,0.015079351663401741
9265,71.44532360072374,0.07144532360072374
9266,46.97382220104422,0.04697382220104422
9267,85.28908846746432,0.08528908846746433
9268,90.74523168359062,0.09074523168359062
9269,87.24849031545733,0.08724849031545732
9270,6.438513757901276,0.006438513757901276
9271,75.68552768149742,0.07568552768149742
9272,92.15275749858294,0.09215275749858294
9273,62.1348440670931,0.0621348440670931
9274,60.08760604784902,0.060087606047849025
9275,4.5005387398111,0.0045005387398111005
9276,85.60330222059385,0.08560330222059384
9277,4.640356082916153,0.004640356082916153
9278,31.350960638467395,0.031350960638467394
9279,92.58630652872155,0.09258630652872155
9280,94.97451427295121,0.09497451427295121
9281,99.19005404759226,0.09919005404759225
9282,47.64022856128862,0.047640228561288626
9283,17.742954638101082,0.01774295463810108
9284,48.79444868290839,0.04879444868290839
9285,10.231292508304923,0.010231292508304924
9286,87.25361089699697,0.08725361089699697
9287,56.053723326650484,0.056053723326650484
9288,40.450589916675526,0.04045058991667552
9289,7.95307024808044,0.00795307024808044
9290,40.52406768166305,0.04052406768166305
9291,86.61916083901089,0.08661916083901089
9292,70.34059324772127,0.07034059324772127
9293,8.245551751096658,0.008245551751096657
9294,15.990719972617583,0.015990719972617584
9295,39.23084907075046,0.03923084907075046
9296,10.137508268591866,0.010137508268591866
9297,93.4041191993271,0.0934041191993271
9298,65.22920446308758,0.06522920446308758
9299,9.482300130394506,0.009482300130394507
9300,78.80574623804607,0.07880574623804606
9301,36.84059285719429,0.036840592857194286
9302,24.487064455322084,0.024487064455322085
9303,56.99849419396911,0.05699849419396911
9304,1.3372133120541307,0.0013372133120541307
9305,46.539766010425495,0.0465397660104255
9306,84.38049930951695,0.08438049930951695
9307,92.80575959855683,0.09280575959855683
9308,34.25547044164398,0.03425547044164398
9309,64.24365881650444,0.06424365881650443
9310,22.682343836883355,0.022682343836883355
9311,56.021307098470906,0.056021307098470904
9312,25.402772615318902,0.0254027726153189
9313,57.135650862745294,0.057135650862745295
9314,17.172211729323095,0.017172211729323095
9315,94.12325567607434,0.09412325567607434
9316,88.69174764072916,0.08869174764072917
9317,33.69182494488398,0.033691824944883986
9318,77.66628889249426,0.07766628889249426
9319,9.550413073219454,0.009550413073219454
9320,74.0360908705424,0.0740360908705424
9321,28.245912961270413,0.028245912961270412
9322,13.56417686758623,0.013564176867586231
9323,67.81912179036136,0.06781912179036137
9324,46.98068178193893,0.04698068178193893
9325,53.013960173044396,0.0530139601730444
9326,52.05297841379208,0.052052978413792084
9327,5.944798210601954,0.0059447982106019545
9328,5.138024909267703,0.0051380249092677025
9329,60.11675039480969,0.060116750394809695
9330,62.38646423554166,0.06238646423554166
9331,4.717455651511459,0.004717455651511459
9332,37.843933188781776,0.03784393318878178
9333,61.28512795604274,0.06128512795604274
9334,65.66806557530764,0.06566806557530763
9335,82.82757592765515,0.08282757592765515
9336,42.07322835968809,0.04207322835968809
9337,54.825778114696874,0.054825778114696876
9338,57.856037560881724,0.05785603756088172
9339,31.2045283300319,0.0312045283300319
9340,5.38254024416116,0.00538254024416116
9341,0.42259262051046464,0.00042259262051046463
9342,83.61254161185249,0.0836125416118525
9343,20.023182252238637,0.020023182252238637
9344,63.025466415913556,0.06302546641591356
9345,57.70474786439196,0.05770474786439196
9346,39.9633076740519,0.039963307674051894
9347,83.34933087006337,0.08334933087006337
9348,69.8401595693379,0.0698401595693379
9349,2.2741463439172938,0.002274146343917294
9350,77.66940733566847,0.07766940733566846
9351,50.69988180017623,0.050699881800176226
9352,34.701928908284685,0.034701928908284684
9353,72.68846565116779,0.0726884656511678
9354,68.60656296462693,0.06860656296462693
9355,31.058823786894905,0.031058823786894906
9356,98.30388714978814,0.09830388714978813
9357,64.87084867117532,0.06487084867117532
9358,60.577971245389364,0.06057797124538936
9359,6.988036348177207,0.006988036348177207
9360,27.931878034473744,0.027931878034473744
9361,44.69740023264415,0.04469740023264415
9362,63.06257043096763,0.06306257043096763
9363,51.27636307303778,0.051276363073037776
9364,76.30329334713912,0.07630329334713912
9365,26.25677124679019,0.02625677124679019
9366,70.21569952824844,0.07021569952824844
9367,81.65970468911625,0.08165970468911625
9368,76.50499755829533,0.07650499755829533
9369,77.08465845880335,0.07708465845880334
9370,88.85070572621655,0.08885070572621655
9371,8.41785424804895,0.00841785424804895
9372,69.7191571374103,0.06971915713741031
9373,96.8678201116461,0.0968678201116461
9374,57.36506498745382,0.05736506498745382
9375,21.73163119843926,0.02173163119843926
9376,99.8753805774213,0.09987538057742129
9377,17.467729282147893,0.017467729282147893
9378,33.55576973748593,0.03355576973748593
9379,17.20621884171678,0.01720621884171678
9380,46.45128687500682,0.046451286875006825
9381,41.88760096109583,0.041887600961095825
9382,49.124089651057275,0.04912408965105727
9383,92.79834000554295,0.09279834000554295
9384,47.83243858342251,0.04783243858342251
9385,51.46263262136441,0.05146263262136441
9386,88.6682105918468,0.0886682105918468
9387,81.77579940148323,0.08177579940148323
9388,23.97220312254442,0.02397220312254442
9389,1.2925955228850206,0.0012925955228850206
9390,62.94995922020511,0.0629499592202051
9391,84.48498238375201,0.08448498238375202
9392,55.285011261040005,0.055285011261040004
9393,21.117692001284517,0.021117692001284518
9394,74.13550906753068,0.07413550906753068
9395,66.95392826112699,0.06695392826112699
9396,56.503253740855286,0.05650325374085528
9397,86.33361740209837,0.08633361740209837
9398,78.42423529390328,0.07842423529390329
9399,66.79520914227804,0.06679520914227804
9400,66.47586690232184,0.06647586690232184
9401,66.22026342982748,0.06622026342982748
9402,52.516474491656396,0.0525164744916564
9403,46.3921644643847,0.0463921644643847
9404,70.96004594987197,0.07096004594987197
9405,61.049448147023114,0.061049448147023115
9406,48.99805623005431,0.04899805623005431
9407,12.666135391104161,0.012666135391104161
9408,70.19287886531656,0.07019287886531655
9409,64.59985705779654,0.06459985705779654
9410,34.22484259735036,0.03422484259735036
9411,35.63231662150768,0.035632316621507676
9412,24.67223841352523,0.024672238413525227
9413,96.19152563650188,0.09619152563650188
9414,86.02013628687226,0.08602013628687226
9415,56.10490294122168,0.05610490294122168
9416,40.165314655851425,0.04016531465585142
9417,73.68252636964233,0.07368252636964233
9418,52.772817612599724,0.05277281761259972
9419,97.5851033915114,0.0975851033915114
9420,5.512261392215456,0.005512261392215456
9421,3.4285734053475125,0.0034285734053475124
9422,56.861101797337334,0.05686110179733733
9423,20.327922268890674,0.020327922268890675
9424,60.43041635501925,0.060430416355019244
9425,78.14230285471774,0.07814230285471774
9426,13.810976118487284,0.013810976118487283
9427,44.060822418952796,0.044060822418952796
9428,68.86670834493552,0.06886670834493552
9429,83.38635706729713,0.08338635706729712
9430,49.634409003635724,0.04963440900363572
9431,20.615358690602157,0.020615358690602156
9432,58.579925558563296,0.0585799255585633
9433,45.451706872499955,0.045451706872499956
9434,77.19254270044858,0.07719254270044859
9435,55.5576064202948,0.0555576064202948
9436,27.94228449704308,0.027942284497043078
9437,75.43929197211881,0.07543929197211881
9438,51.77470129619597,0.05177470129619597
9439,17.75465522783275,0.01775465522783275
9440,56.30723231419945,0.05630723231419945
9441,94.83200598458728,0.09483200598458728
9442,70.5516260937736,0.0705516260937736
9443,29.88033614579789,0.02988033614579789
9444,71.08731752928581,0.0710873175292858
9445,28.260631100217893,0.028260631100217894
9446,54.268883754126186,0.05426888375412619
9447,52.65957637875528,0.052659576378755284
9448,24.739087891180368,0.02473908789118037
9449,34.7881199879818,0.0347881199879818
9450,94.21814547860457,0.09421814547860458
9451,25.059853641543363,0.025059853641543364
9452,80.10270436309858,0.08010270436309858
9453,66.737058001214,0.06673705800121399
9454,53.262913252576446,0.05326291325257645
9455,13.751486946516344,0.013751486946516345
9456,20.45707527063778,0.02045707527063778
9457,17.897762359040392,0.017897762359040392
9458,58.67942589737524,0.05867942589737524
9459,97.33831967184781,0.09733831967184782
9460,87.72392627749947,0.08772392627749948
9461,2.525188292957725,0.002525188292957725
9462,27.372662446234653,0.027372662446234652
9463,15.725745893702214,0.015725745893702216
9464,97.56778418979017,0.09756778418979017
9465,23.561023459781506,0.023561023459781505
9466,20.131318503879392,0.020131318503879392
9467,62.08752935822592,0.062087529358225924
9468,55.618658357478644,0.055618658357478645
9469,22.58514837812349,0.022585148378123487
9470,67.03648645372422,0.06703648645372422
9471,9.700721129468914,0.009700721129468914
9472,1.9369066030892168,0.0019369066030892168
9473,8.241479070634682,0.008241479070634682
9474,36.48682259757726,0.03648682259757726
9475,97.50163278748174,0.09750163278748174
9476,54.72469988093639,0.054724699880936395
9477,75.47261030154672,0.07547261030154673
9478,32.149575223155935,0.03214957522315594
9479,71.93390654833291,0.07193390654833291
9480,96.61811981223575,0.09661811981223575
9481,35.77608902820533,0.035776089028205324
9482,99.9059434735025,0.0999059434735025
9483,63.840995103166605,0.06384099510316661
9484,74.85914124647238,0.07485914124647237
9485,25.216723884814996,0.025216723884814995
9486,64.30907691772416,0.06430907691772415
9487,51.10062514623874,0.05110062514623874
9488,95.6402645477436,0.0956402645477436
9489,90.46750477895155,0.09046750477895155
9490,39.66725989250772,0.039667259892507724
9491,94.68697515382334,0.09468697515382334
9492,88.48125527500098,0.08848125527500098
9493,59.03838503691392,0.05903838503691392
9494,8.211790878954028,0.008211790878954028
9495,16.079024065953774,0.016079024065953774
9496,7.687424467380022,0.007687424467380022
9497,10.799311464906102,0.010799311464906102
9498,97.69523743930777,0.09769523743930777
9499,21.21672992161523,0.02121672992161523
9500,69.0854582340663,0.0690854582340663
9501,63.65282576827697,0.06365282576827697
9502,63.11448648530038,0.06311448648530038
9503,20.67039995960298,0.020670399959602983
9504,57.934659438460955,0.057934659438460955
9505,62.55383495849516,0.06255383495849516
9506,57.04053166451111,0.057040531664511104
9507,18.616246727567866,0.018616246727567867
9508,72.3060597074709,0.0723060597074709
9509,7.3243161916511035,0.007324316191651104
9510,59.12000118196219,0.05912000118196219
9511,43.62593324013133,0.04362593324013133
9512,25.028659313307365,0.025028659313307364
9513,80.73889890261387,0.08073889890261386
9514,17.58925666721839,0.01758925666721839
9515,93.2981759897951,0.0932981759897951
9516,88.4565028321187,0.0884565028321187
9517,36.0587547162083,0.0360587547162083
9518,30.51529308585933,0.03051529308585933
9519,13.748668341890212,0.013748668341890213
9520,91.63278159339558,0.09163278159339558
9521,62.7531858823272,0.0627531858823272
9522,3.1783582143403155,0.0031783582143403155
9523,51.09994145616105,0.05109994145616105
9524,8.579894782938691,0.00857989478293869
9525,57.375068495284175,0.057375068495284176
9526,50.89617183208125,0.05089617183208125
9527,8.284604550272201,0.0082846045502722
9528,81.58605931167729,0.08158605931167728
9529,26.231717716627767,0.026231717716627766
9530,54.148436416669895,0.054148436416669894
9531,63.90388766305344,0.06390388766305344
9532,96.23045335751665,0.09623045335751665
9533,49.38116928798459,0.04938116928798459
9534,91.73157722879235,0.09173157722879234
9535,35.485734134769885,0.03548573413476989
9536,85.74372016499949,0.08574372016499948
9537,23.582622695141676,0.023582622695141678
9538,70.74797624354177,0.07074797624354177
9539,8.861199375499652,0.008861199375499652
9540,98.60503566836593,0.09860503566836593
9541,95.3936399862368,0.0953936399862368
9542,44.22136385173777,0.04422136385173777
9543,52.39352179902536,0.05239352179902536
9544,59.777486231802214,0.059777486231802214
9545,27.503755968967003,0.027503755968967
9546,67.44714352051626,0.06744714352051627
9547,69.85619466045159,0.06985619466045159
9548,52.50764923252756,0.05250764923252756
9549,14.774069248521771,0.014774069248521772
9550,91.91859438916,0.09191859438916
9551,11.504508234561527,0.011504508234561527
9552,62.91721687105114,0.06291721687105113
9553,10.30885966097551,0.01030885966097551
9554,14.610070913292262,0.014610070913292262
9555,2.0538314028828997,0.0020538314028828997
9556,36.33640838567595,0.03633640838567595
9557,63.95825644220379,0.06395825644220379
9558,52.1544219732872,0.0521544219732872
9559,67.45391512484858,0.06745391512484858
9560,67.50188608709529,0.06750188608709529
9561,14.017374399423865,0.014017374399423865
9562,5.733740342171556,0.005733740342171556
9563,62.535814043466985,0.06253581404346699
9564,65.32243049752427,0.06532243049752427
9565,55.67037351417044,0.055670373514170444
9566,24.576246632407074,0.024576246632407074
9567,81.07652169822539,0.08107652169822539
9568,7.568601549625709,0.007568601549625709
9569,63.23117893213593,0.06323117893213594
9570,12.041153587937215,0.012041153587937215
9571,65.44477164332297,0.06544477164332296
9572,41.77257878234965,0.04177257878234965
9573,71.81030554376714,0.07181030554376715
9574,5.2192202476934675,0.005219220247693467
9575,55.508298848036794,0.05550829884803679
9576,14.487789888007963,0.014487789888007963
9577,68.23816316104737,0.06823816316104737
9578,11.995563131168241,0.011995563131168242
9579,7.358332295192582,0.007358332295192583
9580,71.31227981836126,0.07131227981836126
9581,6.353193456828232,0.006353193456828232
9582,22.453081793151608,0.022453081793151607
9583,82.47351971256721,0.08247351971256721
9584,80.96883078082263,0.08096883078082263
9585,85.41257577807761,0.0854125757780776
9586,32.60998895887137,0.03260998895887137
9587,52.804802875020926,0.05280480287502093
9588,77.33473526061519,0.07733473526061518
9589,13.698551501108048,0.013698551501108047
9590,72.43908792157183,0.07243908792157183
9591,9.748634939465461,0.009748634939465461
9592,91.32506086268677,0.09132506086268677
9593,63.73101825116259,0.06373101825116259
9594,49.330531268975584,0.04933053126897558
9595,48.47292546671642,0.048472925466716416
9596,18.13620478449104,0.018136204784491038
9597,34.59173724546537,0.03459173724546537
9598,72.7123665317149,0.07271236653171491
9599,54.09436208543885,0.05409436208543885
9600,52.930620410026286,0.05293062041002629
9601,19.52458945455794,0.019524589454557942
9602,69.0362311953684,0.0690362311953684
9603,39.203390106135025,0.03920339010613502
9604,18.275333843853414,0.018275333843853412
9605,94.37847515963293,0.09437847515963292
9606,50.67987468656051,0.05067987468656051
9607,52.803664751236546,0.052803664751236545
9608,98.1371910214806,0.09813719102148061
9609,36.64061371704934,0.03664061371704934
9610,94.30206845624495,0.09430206845624495
9611,69.492536113548,0.069492536113548
9612,63.309563274479984,0.06330956327447998
9613,23.44183019424806,0.02344183019424806
9614,5.175567238779011,0.005175567238779011
9615,43.77838382851388,0.04377838382851388
9616,1.0170961995725092,0.0010170961995725092
9617,7.100251077038344,0.007100251077038344
9618,59.5326755694373,0.0595326755694373
9619,72.44718330730274,0.07244718330730274
9620,16.794833192427696,0.016794833192427697
9621,73.25004126737738,0.07325004126737739
9622,94.97258265947518,0.09497258265947518
9623,74.31760807261966,0.07431760807261967
9624,78.47152195750328,0.07847152195750329
9625,70.07125802683719,0.07007125802683718
9626,22.47374404547512,0.022473744045475117
9627,36.088994215583604,0.036088994215583606
9628,94.92669627698173,0.09492669627698173
9629,66.12105789701187,0.06612105789701186
9630,78.90247339340722,0.07890247339340722
9631,96.86946188446774,0.09686946188446774
9632,23.143692051266573,0.02314369205126657
9633,32.168666732655346,0.032168666732655345
9634,64.48016528344996,0.06448016528344996
9635,2.435747378400732,0.002435747378400732
9636,57.12190773337057,0.05712190773337057
9637,80.86883795144988,0.08086883795144988
9638,61.044337382412515,0.061044337382412515
9639,29.539328389611086,0.029539328389611087
9640,72.41040833360617,0.07241040833360617
9641,14.603162467994558,0.014603162467994557
9642,89.47734692785167,0.08947734692785167
9643,10.09150310404554,0.01009150310404554
9644,86.34911337624348,0.08634911337624349
9645,49.78094277362325,0.04978094277362325
9646,42.86470034878018,0.042864700348780184
9647,50.06617605754313,0.050066176057543134
9648,20.02063030929212,0.02002063030929212
9649,45.76855795588136,0.04576855795588136
9650,84.97198158986585,0.08497198158986585
9651,80.0955242218799,0.0800955242218799
9652,16.304853449132928,0.016304853449132926
9653,67.34209781290618,0.06734209781290618
9654,85.68372649654253,0.08568372649654253
9655,81.97675886188092,0.08197675886188092
9656,42.563244329718145,0.04256324432971815
9657,4.809284034611583,0.004809284034611583
9658,93.11694229737492,0.09311694229737492
9659,39.5885115848062,0.039588511584806196
9660,36.097663725634376,0.036097663725634374
9661,75.9514944478813,0.0759514944478813
9662,26.397221549202253,0.026397221549202255
9663,83.4747923167292,0.08347479231672919
9664,7.605156081931563,0.007605156081931563
9665,74.0711200716211,0.0740711200716211
9666,96.57894904415316,0.09657894904415316
9667,99.57687968741735,0.09957687968741735
9668,92.38043600641663,0.09238043600641663
9669,87.07624054063095,0.08707624054063094
9670,27.888022445773018,0.027888022445773018
9671,96.66483626297641,0.09666483626297641
9672,92.78965938143529,0.09278965938143528
9673,53.437250702518654,0.05343725070251865
9674,40.20776543936796,0.04020776543936796
9675,10.926725355818823,0.010926725355818822
9676,59.06340778251248,0.05906340778251248
9677,70.05459485221976,0.07005459485221976
9678,40.399658318152895,0.0403996583181529
9679,40.602956063053185,0.04060295606305318
9680,57.33113907143038,0.05733113907143038
9681,2.77840959071618,0.00277840959071618
9682,95.7865896386749,0.0957865896386749
9683,28.990570709670937,0.028990570709670937
9684,14.08908617688801,0.01408908617688801
9685,0.5488396134590401,0.00054883961345904
9686,85.68915413857134,0.08568915413857134
9687,86.32073757996692,0.08632073757996692
9688,9.530660451771011,0.009530660451771011
9689,15.224130288880101,0.015224130288880101
9690,44.7902231257768,0.044790223125776796
9691,18.57041730663156,0.01857041730663156
9692,73.58211368367569,0.07358211368367569
9693,5.803974570572235,0.005803974570572235
9694,54.9709332385866,0.0549709332385866
9695,38.27915651139041,0.03827915651139041
9696,46.49464836922515,0.04649464836922515
9697,42.47571176956018,0.04247571176956018
9698,15.315918253465366,0.015315918253465366
9699,22.028148530856228,0.022028148530856228
9700,6.480769891042659,0.006480769891042659
9701,11.528557529907124,0.011528557529907123
9702,97.78948224189149,0.09778948224189149
9703,27.978681167725195,0.027978681167725197
9704,30.702553933956423,0.030702553933956423
9705,12.710633043212106,0.012710633043212105
9706,75.51642044967515,0.07551642044967516
9707,92.41428101872819,0.09241428101872819
9708,78.9750537066651,0.07897505370666509
9709,61.26158294341718,0.06126158294341718
9710,81.32329156105762,0.08132329156105761
9711,40.423023293285844,0.04042302329328584
9712,85.94973550806874,0.08594973550806874
9713,79.8518849638182,0.07985188496381819
9714,0.1724644256319019,0.0001724644256319019
9715,48.7794134917517,0.048779413491751696
9716,26.461657607922618,0.026461657607922618
9717,8.623291636769547,0.008623291636769547
9718,84.61960427477749,0.0846196042747775
9719,0.7949684301122306,0.0007949684301122306
9720,73.01635020553603,0.07301635020553603
9721,98.81921209971861,0.09881921209971861
9722,48.20197667062357,0.04820197667062357
9723,37.12405299414346,0.03712405299414346
9724,60.58329544747134,0.06058329544747134
9725,80.46978276476722,0.08046978276476721
9726,24.025199377527883,0.024025199377527885
9727,25.07014291535362,0.02507014291535362
9728,60.71780140868468,0.06071780140868468
9729,93.98798208543053,0.09398798208543054
9730,29.843997575876347,0.029843997575876347
9731,37.67546632290131,0.03767546632290131
9732,99.33333014602896,0.09933333014602895
9733,17.62221652065158,0.01762221652065158
9734,7.696816837530407,0.0076968168375304066
9735,58.97552388806061,0.058975523888060606
9736,2.4266988421632996,0.0024266988421632997
9737,18.043323127482267,0.018043323127482268
9738,62.2209180690468,0.0622209180690468
9739,65.9512400691333,0.0659512400691333
9740,51.042524964761974,0.05104252496476197
9741,38.37480462293833,0.038374804622938324
9742,57.61975844218483,0.05761975844218483
9743,64.33857530332388,0.06433857530332387
9744,80.34820462916507,0.08034820462916507
9745,79.27508282098475,0.07927508282098475
9746,66.48007655149478,0.06648007655149478
9747,89.42325832284656,0.08942325832284656
9748,83.80252535954187,0.08380252535954187
9749,13.32460082179402,0.013324600821794019
9750,95.66794413234834,0.09566794413234835
9751,89.17423023179204,0.08917423023179204
9752,32.09271795079598,0.032092717950795976
9753,2.0184418607039456,0.0020184418607039458
9754,60.39759467582875,0.060397594675828746
9755,43.84175768663881,0.04384175768663881
9756,74.9566662586132,0.07495666625861319
9757,52.45997645086226,0.052459976450862256
9758,7.649043525094679,0.007649043525094679
9759,24.468742025477585,0.024468742025477584
9760,88.25237561265295,0.08825237561265295
9761,3.7689695715050098,0.0037689695715050096
9762,73.66696693982871,0.07366696693982872
9763,29.19435079514323,0.02919435079514323
9764,45.263980304249706,0.045263980304249704
9765,53.10054319116085,0.05310054319116085
9766,25.008135730720106,0.025008135730720107
9767,65.19604429976627,0.06519604429976628
9768,69.34422180978763,0.06934422180978762
9769,8.50594796707751,0.00850594796707751
9770,37.39270758514206,0.037392707585142064
9771,74.43773012062915,0.07443773012062915
9772,72.16375598411318,0.07216375598411318
9773,54.46033439052391,0.05446033439052391
9774,77.76747798680141,0.0777674779868014
9775,10.764489303984327,0.010764489303984328
9776,11.821126784453007,0.011821126784453007
9777,65.74893002963448,0.06574893002963447
9778,69.33338678951289,0.06933338678951288
9779,81.45268553210703,0.08145268553210702
9780,18.103687777325707,0.018103687777325708
9781,51.677165943110516,0.05167716594311052
9782,66.08312971355824,0.06608312971355823
9783,22.369957382901507,0.02236995738290151
9784,51.692786559399075,0.05169278655939907
9785,63.8445024390596,0.0638445024390596
9786,21.44495114776803,0.02144495114776803
9787,37.55634102501414,0.037556341025014144
9788,21.6338810135708,0.0216338810135708
9789,90.29429044285988,0.09029429044285987
9790,23.679888192999176,0.023679888192999175
9791,12.083462598579697,0.012083462598579698
9792,3.5155311527143684,0.0035155311527143686
9793,4.495347241135017,0.004495347241135017
9794,19.15862349668169,0.019158623496681692
9795,60.82085113069523,0.060820851130695235
9796,1.7649874511122654,0.0017649874511122654
9797,28.674392475714715,0.028674392475714714
9798,5.816689132329933,0.005816689132329933
9799,40.36587702991676,0.04036587702991676
9800,4.857673782985761,0.004857673782985761
9801,60.754177662082796,0.0607541776620828
9802,68.84242655190153,0.06884242655190152
9803,73.13375496437635,0.07313375496437635
9804,22.434339864625507,0.022434339864625508
9805,86.85001619617432,0.08685001619617433
9806,69.02881673309264,0.06902881673309263
9807,5.665021929982039,0.005665021929982039
9808,44.076670870142706,0.044076670870142706
9809,76.77564933724813,0.07677564933724812
9810,31.089392672022974,0.031089392672022976
9811,38.15587739072648,0.038155877390726484
9812,62.960382729654285,0.06296038272965429
9813,5.54808801158978,0.00554808801158978
9814,96.69350405079173,0.09669350405079173
9815,17.44810106097279,0.01744810106097279
9816,2.6671999646260325,0.0026671999646260326
9817,0.5322982040420254,0.0005322982040420254
9818,39.95543749993957,0.03995543749993957
9819,88.42533654753777,0.08842533654753777
9820,81.9762079217929,0.0819762079217929
9821,91.2045798249695,0.0912045798249695
9822,53.378231932889896,0.053378231932889895
9823,44.87462338751643,0.04487462338751643
9824,38.586097610679445,0.038586097610679444
9825,4.641807579130585,0.004641807579130585
9826,90.95212563051535,0.09095212563051536
9827,49.617609228472745,0.04961760922847275
9828,45.50674310515102,0.045506743105151015
9829,51.51674870141173,0.05151674870141173
9830,79.41545181142004,0.07941545181142004
9831,22.447108598256392,0.022447108598256393
9832,70.99006789949233,0.07099006789949233
9833,71.0769740854033,0.0710769740854033
9834,84.95527822581829,0.08495527822581829
9835,0.8683598463870013,0.0008683598463870013
9836,17.039554323513208,0.017039554323513208
9837,47.10468520447555,0.04710468520447555
9838,85.05403874614784,0.08505403874614784
9839,96.5116861627984,0.0965116861627984
9840,59.48686146794013,0.05948686146794013
9841,21.213397542302015,0.021213397542302014
9842,18.458469582464566,0.018458469582464568
9843,63.94439539862674,0.06394439539862674
9844,21.00691470594046,0.02100691470594046
9845,55.30874239208862,0.05530874239208862
9846,83.4811929143902,0.08348119291439021
9847,38.981964846209,0.038981964846209
9848,37.84721897419292,0.03784721897419292
9849,3.6140336891073765,0.0036140336891073766
9850,25.40845784245549,0.02540845784245549
9851,69.81914596192745,0.06981914596192745
9852,36.03912451321965,0.036039124513219646
9853,15.829891728992196,0.015829891728992195
9854,10.576773376032712,0.010576773376032711
9855,9.505337815070892,0.009505337815070892
9856,65.91334331178952,0.06591334331178952
9857,61.26214787935487,0.06126214787935487
9858,51.85210056020849,0.05185210056020849
9859,50.03264481591394,0.05003264481591394
9860,15.313685268787157,0.015313685268787158
9861,50.060422476008725,0.050060422476008726
9862,5.993777660037991,0.005993777660037991
9863,92.58584586026879,0.09258584586026879
9864,5.8027554002606845,0.0058027554002606846
9865,42.353019489391855,0.04235301948939185
9866,0.057105640317223205,5.7105640317223204e-05
9867,78.61504387832446,0.07861504387832445
9868,16.617018853563003,0.016617018853563002
9869,92.4916017821678,0.09249160178216781
9870,4.397774786056452,0.004397774786056452
9871,82.07873345644269,0.08207873345644269
9872,65.66378128155883,0.06566378128155882
9873,24.973571888589053,0.024973571888589053
9874,20.241960923059487,0.020241960923059486
9875,35.76779333770224,0.03576779333770224
9876,82.8402883175355,0.0828402883175355
9877,86.19565483354556,0.08619565483354556
9878,17.528537952432576,0.017528537952432574
9879,35.34480396843307,0.03534480396843307
9880,23.74913839022539,0.02374913839022539
9881,12.26428476378979,0.01226428476378979
9882,64.6449387528928,0.0646449387528928
9883,34.58710232355353,0.03458710232355353
9884,22.53840447763341,0.02253840447763341
9885,86.59977735019763,0.08659977735019762
9886,74.83179309035664,0.07483179309035665
9887,77.37611486963425,0.07737611486963425
9888,3.919589118328015,0.003919589118328015
9889,91.51304492310662,0.09151304492310662
9890,57.47383779742352,0.05747383779742352
9891,50.38028046845188,0.05038028046845188
9892,1.0585346027781162,0.0010585346027781161
9893,89.76622104341047,0.08976622104341046
9894,54.38904704860006,0.054389047048600064
9895,82.51534623405354,0.08251534623405354
9896,65.55109607382937,0.06555109607382938
9897,79.66936135108804,0.07966936135108804
9898,69.29317485578024,0.06929317485578024
9899,92.09639023358267,0.09209639023358267
9900,22.54841863395497,0.02254841863395497
9901,20.21001047329072,0.02021001047329072
9902,71.25415619451219,0.0712541561945122
9903,50.1394800583469,0.0501394800583469
9904,59.916117033487005,0.059916117033487
9905,70.8542469191227,0.0708542469191227
9906,54.742819700000254,0.05474281970000026
9907,78.76934476661962,0.07876934476661962
9908,31.886735593585247,0.03188673559358525
9909,85.89904435996921,0.08589904435996921
9910,10.767635292560074,0.010767635292560074
9911,63.40039769611868,0.06340039769611869
9912,89.01325075267977,0.08901325075267977
9913,25.269412790170463,0.025269412790170462
9914,32.683467492391294,0.032683467492391295
9915,30.54417784927389,0.03054417784927389
9916,56.42637117750338,0.056426371177503376
9917,41.28718155651485,0.041287181556514854
9918,10.795928499490238,0.010795928499490237
9919,89.128722175646,0.089128722175646
9920,20.467662915867415,0.020467662915867414
9921,53.408001098852964,0.053408001098852964
9922,59.48048959372615,0.05948048959372615
9923,4.07518436475417,0.00407518436475417
9924,9.571232765433724,0.009571232765433724
9925,97.16897104295516,0.09716897104295516
9926,66.45123401493824,0.06645123401493824
9927,3.356517704642692,0.003356517704642692
9928,79.41992206529987,0.07941992206529987
9929,50.854280927748555,0.05085428092774855
9930,7.519957207847561,0.007519957207847561
9931,68.07520980477912,0.06807520980477912
9932,49.93518058684685,0.049935180586846845
9933,20.491980111092325,0.020491980111092326
9934,87.77022720888196,0.08777022720888196
9935,29.137985830025414,0.029137985830025415
9936,28.45566354533078,0.02845566354533078
9937,27.277358179227875,0.027277358179227874
9938,76.74557770890512,0.07674557770890511
9939,70.6118670380532,0.07061186703805321
9940,90.31456854703575,0.09031456854703575
9941,22.933921958427973,0.022933921958427972
9942,78.63645955428083,0.07863645955428084
9943,57.30455765280959,0.05730455765280959
9944,30.867960965266782,0.030867960965266783
9945,3.545413240775064,0.003545413240775064
9946,81.894754985111,0.081894754985111
9947,24.107137151335635,0.024107137151335636
9948,63.174303621491944,0.06317430362149194
9949,54.886793605981254,0.054886793605981254
9950,0.44495386467838793,0.0004449538646783879
9951,99.43436299397625,0.09943436299397625
9952,81.43293558001288,0.08143293558001288
9953,48.64712706366821,0.04864712706366821
9954,68.0341370242383,0.0680341370242383
9955,47.65942365907726,0.047659423659077264
9956,74.45862712787307,0.07445862712787307
9957,13.432854581889409,0.01343285458188941
9958,44.635099523403035,0.044635099523403034
9959,33.553717707286005,0.033553717707286004
9960,45.96552434940349,0.045965524349403486
9961,45.04726528603642,0.04504726528603642
9962,14.309394977919432,0.014309394977919433
9963,97.6488570709029,0.0976488570709029
9964,1.549214278812805,0.001549214278812805
9965,1.0072944817398843,0.0010072944817398843
9966,37.34413185336578,0.03734413185336578
9967,62.03763493468175,0.06203763493468175
9968,17.96532268149282,0.017965322681492823
9969,53.31940039041611,0.053319400390416105
9970,72.27719679634788,0.07227719679634788
9971,9.406060904015112,0.009406060904015112
9972,98.44224080159334,0.09844224080159335
9973,33.67006477392943,0.033670064773929434
9974,64.2415413787249,0.0642415413787249
9975,11.07198581865757,0.01107198581865757
9976,70.94863887213265,0.07094863887213265
9977,84.04563470624859,0.0840456347062486
9978,10.528514233062236,0.010528514233062235
9979,12.586315437006624,0.012586315437006624
9980,28.10474143872277,0.02810474143872277
9981,1.1935815375329284,0.0011935815375329283
9982,98.60512943372298,0.09860512943372297
9983,59.83840749526497,0.059838407495264964
9984,60.75894499635454,0.06075894499635454
9985,95.8962169651636,0.09589621696516361
9986,83.2029254319427,0.0832029254319427
9987,81.42429309683494,0.08142429309683494
9988,33.950236990162566,0.033950236990162565
9989,33.48633934646455,0.03348633934646455
9990,29.173795981264682,0.029173795981264683
9991,34.66957617763199,0.034669576177631986
9992,36.950876135985055,0.03695087613598506
9993,14.000368898059335,0.014000368898059336
9994,35.594786270209354,0.03559478627020935
9995,44.67470352447276,0.04467470352447276
9996,30.934733874665852,0.030934733874665853
9997,16.534696815754778,0.016534696815754778
9998,37.34103981784976,0.03734103981784976
9999,48.090777321643586,0.04809077732164359
