rv_iccf_mps,fwhm_kms,bis_mps,vspan_mps,wspan_mps,contrast_percent,source_file,source_path,object,date_obs,mjd_obs,berv_kms,bervmax_kms,n_used_pixels,ccf_0000,ccf_0001,ccf_0002,ccf_0003,ccf_0004,ccf_0005,ccf_0006,ccf_0007,ccf_0008,ccf_0009,ccf_0010,ccf_0011,ccf_0012,ccf_0013,ccf_0014,ccf_0015,ccf_0016,ccf_0017,ccf_0018,ccf_0019,ccf_0020,ccf_0021,ccf_0022,ccf_0023,ccf_0024,ccf_0025,ccf_0026,ccf_0027,ccf_0028,ccf_0029,ccf_0030,ccf_0031,ccf_0032,ccf_0033,ccf_0034,ccf_0035,ccf_0036,ccf_0037,ccf_0038,ccf_0039,ccf_0040,ccf_0041,ccf_0042,ccf_0043,ccf_0044,ccf_0045,ccf_0046,ccf_0047,ccf_0048,ccf_0049,ccf_0050,ccf_0051,ccf_0052,ccf_0053,ccf_0054,ccf_0055,ccf_0056,ccf_0057,ccf_0058,ccf_0059,ccf_0060,ccf_0061,ccf_0062,ccf_0063,ccf_0064,ccf_0065,ccf_0066,ccf_0067,ccf_0068,ccf_0069,ccf_0070,ccf_0071,ccf_0072,ccf_0073,ccf_0074,ccf_0075,ccf_0076,ccf_0077,ccf_0078,ccf_0079,ccf_0080,ccf_0081,ccf_0082,ccf_0083,ccf_0084,ccf_0085,ccf_0086,ccf_0087,ccf_0088,ccf_0089,ccf_0090,ccf_0091,ccf_0092,ccf_0093,ccf_0094,ccf_0095,ccf_0096,ccf_0097,ccf_0098,ccf_0099,ccf_0100,ccf_0101,ccf_0102,ccf_0103,ccf_0104,ccf_0105,ccf_0106,ccf_0107,ccf_0108,ccf_0109,ccf_0110,ccf_0111,ccf_0112,ccf_0113,ccf_0114,ccf_0115,ccf_0116,ccf_0117,ccf_0118,ccf_0119,ccf_0120,ccf_0121,ccf_0122,ccf_0123,ccf_0124,ccf_0125,ccf_0126,ccf_0127,ccf_0128,ccf_0129,ccf_0130,ccf_0131,ccf_0132,ccf_0133,ccf_0134,ccf_0135,ccf_0136,ccf_0137,ccf_0138,ccf_0139,ccf_0140,ccf_0141,ccf_0142,ccf_0143,ccf_0144,ccf_0145,ccf_0146,ccf_0147,ccf_0148,ccf_0149,ccf_0150,ccf_0151,ccf_0152,ccf_0153,ccf_0154,ccf_0155,ccf_0156,ccf_0157,ccf_0158,ccf_0159,ccf_0160,ccf_0161,ccf_0162,ccf_0163,ccf_0164,ccf_0165,ccf_0166,ccf_0167,ccf_0168,ccf_0169,ccf_0170,ccf_0171,ccf_0172,ccf_0173,ccf_0174,ccf_0175,ccf_0176,ccf_0177,ccf_0178,ccf_0179,ccf_0180,ccf_0181,ccf_0182,ccf_0183,ccf_0184,ccf_0185,ccf_0186,ccf_0187,ccf_0188,ccf_0189,ccf_0190,ccf_0191,ccf_0192,ccf_0193,ccf_0194,ccf_0195,ccf_0196,ccf_0197,ccf_0198,ccf_0199,ccf_0200,ccf_0201,ccf_0202,ccf_0203,ccf_0204,ccf_0205,ccf_0206,ccf_0207,ccf_0208,ccf_0209,ccf_0210,ccf_0211,ccf_0212,ccf_0213,ccf_0214,ccf_0215,ccf_0216,ccf_0217,ccf_0218,ccf_0219,ccf_0220,ccf_0221,ccf_0222,ccf_0223,ccf_0224,ccf_0225,ccf_0226,ccf_0227,ccf_0228,ccf_0229,ccf_0230,ccf_0231,ccf_0232,ccf_0233,ccf_0234,ccf_0235,ccf_0236,ccf_0237,ccf_0238,ccf_0239,ccf_0240,ccf_0241,ccf_0242,ccf_0243,ccf_0244,ccf_0245,ccf_0246,ccf_0247,ccf_0248,ccf_0249,ccf_0250,ccf_0251,ccf_0252,ccf_0253,ccf_0254,ccf_0255,ccf_0256,ccf_0257,ccf_0258,ccf_0259,ccf_0260,ccf_0261,ccf_0262,ccf_0263,ccf_0264,ccf_0265,ccf_0266,ccf_0267,ccf_0268,ccf_0269,ccf_0270,ccf_0271,ccf_0272,ccf_0273,ccf_0274,ccf_0275,ccf_0276,ccf_0277,ccf_0278,ccf_0279,ccf_0280,ccf_0281,ccf_0282,ccf_0283,ccf_0284,ccf_0285,ccf_0286,ccf_0287,ccf_0288,ccf_0289,ccf_0290,ccf_0291,ccf_0292,ccf_0293,ccf_0294,ccf_0295,ccf_0296,ccf_0297,ccf_0298,ccf_0299,ccf_0300
109.40789566216662,7.052289482430605,-63.54820222986907,-56.50571804552489,98.46725262395566,56.48695335764528,r.HARPN.2018-07-01T08-25-15.495_S1D_A.fits,S1D_spectra/sun_harpsN/2018-06-30/r.HARPN.2018-07-01T08-25-15.495_S1D_A.fits,Sun,2018-07-01T08:25:15.495,58300.3508680556,0.327828947875426,31.9999999538126,211524,0.9948,0.9949,0.9951,0.9952,0.9951,0.995,0.9949,0.9948,0.9948,0.9949,0.995,0.9951,0.9951,0.9951,0.995,0.9949,0.9948,0.9949,0.995,0.9951,0.9952,0.9952,0.9953,0.9952,0.9951,0.9951,0.9952,0.9953,0.9953,0.9953,0.9954,0.9954,0.9953,0.9952,0.9952,0.9952,0.9952,0.9952,0.9952,0.9951,0.995,0.9949,0.9947,0.9946,0.9945,0.9944,0.9944,0.9943,0.9941,0.9938,0.9936,0.9933,0.993,0.9926,0.9922,0.9918,0.9913,0.9908,0.9902,0.9896,0.9889,0.9882,0.9875,0.9868,0.9859,0.985,0.9839,0.9828,0.9816,0.9803,0.979,0.9776,0.976,0.9744,0.9725,0.9706,0.9685,0.9662,0.9639,0.9613,0.9586,0.9558,0.9527,0.9495,0.946,0.9425,0.9388,0.9349,0.9307,0.9265,0.9219,0.9172,0.9121,0.9068,0.9012,0.8955,0.8893,0.8831,0.8766,0.8698,0.8626,0.8551,0.8473,0.8394,0.8311,0.8227,0.8141,0.8053,0.7961,0.7867,0.7769,0.767,0.7567,0.7464,0.7361,0.7256,0.715,0.7041,0.693,0.6819,0.6706,0.6593,0.6484,0.6373,0.6264,0.6154,0.6043,0.5933,0.5824,0.5716,0.5614,0.5513,0.5416,0.5319,0.5225,0.5134,0.5046,0.4961,0.4883,0.4809,0.4741,0.4676,0.4616,0.4561,0.4511,0.4466,0.4427,0.4396,0.437,0.435,0.4336,0.4329,0.4327,0.4332,0.4343,0.4361,0.4385,0.4414,0.4451,0.4494,0.4543,0.4599,0.466,0.4724,0.4794,0.4869,0.495,0.5037,0.5129,0.5225,0.5324,0.5424,0.5527,0.5631,0.5741,0.5854,0.597,0.6086,0.6205,0.6321,0.6437,0.6552,0.6669,0.6787,0.6905,0.7022,0.7139,0.7251,0.736,0.7468,0.7574,0.768,0.7785,0.7886,0.7986,0.8081,0.8171,0.8259,0.8346,0.8431,0.8513,0.8592,0.8667,0.874,0.8807,0.8874,0.8938,0.9002,0.9062,0.9119,0.9171,0.9222,0.9269,0.9315,0.9359,0.9403,0.9444,0.9482,0.9516,0.9549,0.958,0.9609,0.9639,0.9667,0.9693,0.9717,0.9738,0.9757,0.9775,0.9793,0.9811,0.9829,0.9845,0.9859,0.9871,0.9882,0.9893,0.9903,0.9914,0.9924,0.9933,0.994,0.9946,0.9951,0.9956,0.9961,0.9966,0.9971,0.9976,0.9978,0.9981,0.9983,0.9986,0.9989,0.9992,0.9994,0.9996,0.9997,0.9997,0.9997,0.9998,0.9999,0.9999,1.0,1.0,0.9999,0.9998,0.9998,0.9999,1.0,1.0,1.0,1.0,0.9999,0.9998,0.9998,0.9999,0.9999,0.9999,0.9999,0.9998,0.9997,0.9996,0.9996,0.9996,0.9997,0.9996,0.9995,0.9994,0.9994,0.9993,0.9994,0.9995,0.9997,0.9996,0.9996,0.9995,0.9995,0.9995,0.9995,0.9996
110.03676956764822,7.047216772669739,-62.81440628100056,-55.647277869858016,88.58727277308482,56.55843424828139,r.HARPN.2018-07-01T09-02-50.072_S1D_A.fits,S1D_spectra/sun_harpsN/2018-07-01/r.HARPN.2018-07-01T09-02-50.072_S1D_A.fits,Sun,2018-07-01T09:02:50.072,58300.3769675926,0.304257121051242,31.9999999572716,211524,0.9946,0.9947,0.9948,0.9949,0.9949,0.9948,0.9947,0.9946,0.9946,0.9947,0.9949,0.995,0.995,0.9949,0.9949,0.9948,0.9948,0.9948,0.995,0.9951,0.9951,0.9952,0.9952,0.9952,0.9951,0.9951,0.9952,0.9953,0.9953,0.9954,0.9954,0.9953,0.9952,0.9951,0.9951,0.9951,0.9952,0.9952,0.9953,0.9952,0.9951,0.995,0.9949,0.9948,0.9947,0.9946,0.9944,0.9943,0.9941,0.9938,0.9935,0.9932,0.9928,0.9925,0.9921,0.9918,0.9913,0.9908,0.9903,0.9896,0.989,0.9883,0.9876,0.9869,0.986,0.985,0.984,0.9829,0.9817,0.9804,0.9791,0.9776,0.9761,0.9744,0.9726,0.9707,0.9686,0.9664,0.9641,0.9616,0.959,0.9562,0.9532,0.95,0.9466,0.943,0.9392,0.9353,0.931,0.9267,0.9221,0.9173,0.9122,0.9069,0.9013,0.8955,0.8894,0.8831,0.8766,0.8698,0.8626,0.8552,0.8475,0.8396,0.8312,0.8229,0.8143,0.8054,0.7963,0.7868,0.777,0.7671,0.7568,0.7464,0.7361,0.7256,0.7149,0.704,0.6929,0.6817,0.6704,0.659,0.648,0.637,0.626,0.6149,0.6038,0.5928,0.5819,0.5711,0.5608,0.5508,0.5411,0.5315,0.5221,0.5129,0.5042,0.4957,0.4878,0.4805,0.4736,0.4671,0.4611,0.4556,0.4506,0.4461,0.4422,0.439,0.4364,0.4344,0.4331,0.4323,0.4321,0.4326,0.4337,0.4354,0.4377,0.4407,0.4444,0.4487,0.4537,0.4592,0.4653,0.4718,0.4788,0.4863,0.4945,0.5032,0.5124,0.522,0.532,0.5419,0.5522,0.5627,0.5737,0.585,0.5965,0.6082,0.6202,0.6317,0.6433,0.6548,0.6665,0.6783,0.6902,0.7019,0.7136,0.7249,0.7358,0.7465,0.7573,0.7679,0.7784,0.7885,0.7985,0.808,0.817,0.8259,0.8345,0.843,0.8512,0.8592,0.8667,0.874,0.8808,0.8875,0.894,0.9003,0.9063,0.912,0.9173,0.9224,0.9271,0.9317,0.9361,0.9405,0.9446,0.9484,0.9518,0.9551,0.9581,0.9611,0.964,0.9669,0.9695,0.9718,0.974,0.976,0.9778,0.9797,0.9815,0.9833,0.9849,0.9863,0.9875,0.9886,0.9896,0.9906,0.9915,0.9925,0.9933,0.994,0.9945,0.995,0.9955,0.9961,0.9966,0.9971,0.9976,0.9978,0.9981,0.9983,0.9985,0.9987,0.999,0.9992,0.9994,0.9995,0.9995,0.9996,0.9997,0.9998,0.9999,1.0,1.0,0.9999,0.9999,0.9998,0.9999,0.9999,0.9999,0.9999,0.9999,0.9998,0.9997,0.9997,0.9998,0.9998,0.9997,0.9997,0.9996,0.9995,0.9994,0.9995,0.9996,0.9997,0.9996,0.9996,0.9995,0.9995,0.9994,0.9995,0.9996,0.9997,0.9996,0.9995,0.9994,0.9994,0.9993,0.9994,0.9995
107.3012502790453,7.038448727725371,-63.94064761786208,-55.95202513570641,59.130442932934955,56.69343325946746,r.HARPN.2018-07-02T11-36-18.794_S1D_A.fits,S1D_spectra/sun_harpsN/2018-07-02/r.HARPN.2018-07-02T11-36-18.794_S1D_A.fits,Sun,2018-07-02T11:36:18.794,58301.4835416665,0.133148767097174,31.9999999653803,211524,0.9942,0.9944,0.9946,0.9947,0.9947,0.9945,0.9944,0.9942,0.9942,0.9943,0.9944,0.9945,0.9946,0.9946,0.9946,0.9945,0.9945,0.9946,0.9947,0.9949,0.9949,0.995,0.995,0.995,0.9949,0.9949,0.9949,0.995,0.9951,0.9952,0.9952,0.9953,0.9952,0.9951,0.9951,0.9951,0.995,0.995,0.9949,0.9949,0.9947,0.9946,0.9945,0.9945,0.9944,0.9943,0.9943,0.9942,0.994,0.9937,0.9935,0.9932,0.993,0.9927,0.9924,0.9921,0.9917,0.9912,0.9907,0.9901,0.9895,0.9888,0.9881,0.9874,0.9865,0.9856,0.9846,0.9834,0.9823,0.981,0.9797,0.9783,0.9767,0.975,0.9731,0.9711,0.969,0.9668,0.9644,0.9619,0.9593,0.9565,0.9535,0.9504,0.947,0.9434,0.9396,0.9357,0.9314,0.9271,0.9225,0.9176,0.9124,0.907,0.9014,0.8955,0.8893,0.883,0.8764,0.8697,0.8624,0.8549,0.8472,0.8393,0.8309,0.8224,0.8138,0.805,0.7958,0.7863,0.7765,0.7665,0.7562,0.7458,0.7354,0.7249,0.7142,0.7033,0.6922,0.6809,0.6695,0.6581,0.6471,0.636,0.625,0.6139,0.6028,0.5917,0.5808,0.57,0.5597,0.5497,0.54,0.5303,0.521,0.5118,0.503,0.4945,0.4867,0.4793,0.4724,0.466,0.46,0.4544,0.4494,0.4449,0.441,0.4379,0.4353,0.4333,0.4319,0.4311,0.431,0.4314,0.4325,0.4343,0.4366,0.4396,0.4434,0.4478,0.4527,0.4584,0.4645,0.4711,0.4781,0.4856,0.4937,0.5024,0.5116,0.5212,0.5312,0.5412,0.5515,0.562,0.5729,0.5843,0.5959,0.6076,0.6196,0.6312,0.6428,0.6544,0.6662,0.6781,0.69,0.7018,0.7136,0.7249,0.7358,0.7466,0.7574,0.768,0.7785,0.7886,0.7986,0.8082,0.8172,0.8261,0.8348,0.8433,0.8516,0.8595,0.8672,0.8745,0.8813,0.888,0.8944,0.9008,0.9069,0.9126,0.9179,0.923,0.9277,0.9323,0.9367,0.9411,0.9452,0.949,0.9525,0.9558,0.9589,0.9619,0.9648,0.9676,0.9703,0.9726,0.9747,0.9767,0.9785,0.9802,0.982,0.9837,0.9853,0.9866,0.9878,0.9889,0.99,0.991,0.9921,0.993,0.9939,0.9945,0.995,0.9955,0.996,0.9965,0.997,0.9975,0.9978,0.9981,0.9983,0.9985,0.9987,0.9988,0.9991,0.9992,0.9994,0.9995,0.9995,0.9995,0.9997,0.9998,0.9999,1.0,1.0,0.9999,0.9998,0.9998,0.9998,0.9997,0.9997,0.9997,0.9996,0.9995,0.9994,0.9994,0.9995,0.9996,0.9995,0.9995,0.9994,0.9993,0.9992,0.9992,0.9993,0.9994,0.9993,0.9993,0.9992,0.9991,0.999,0.999,0.9991,0.9992,0.9992,0.9991,0.999,0.999,0.9989,0.9989,0.999
108.28303765658754,7.048593916822167,-64.75542322981651,-57.1148858985735,86.47036302383212,56.54418837396511,r.HARPN.2018-07-03T09-04-01.345_S1D_A.fits,S1D_spectra/sun_harpsN/2018-07-03/r.HARPN.2018-07-03T09-04-01.345_S1D_A.fits,Sun,2018-07-03T09:04:01.345,58302.3777893516,0.31781226627316,31.9999999567794,211524,0.9943,0.9945,0.9946,0.9947,0.9947,0.9946,0.9945,0.9944,0.9944,0.9945,0.9946,0.9947,0.9948,0.9947,0.9947,0.9945,0.9944,0.9945,0.9946,0.9947,0.9948,0.9948,0.9948,0.9948,0.9948,0.9948,0.9949,0.995,0.9951,0.9952,0.9953,0.9952,0.9951,0.995,0.995,0.995,0.995,0.9949,0.9949,0.9948,0.9947,0.9946,0.9944,0.9944,0.9943,0.9942,0.994,0.9939,0.9937,0.9935,0.9932,0.9929,0.9926,0.9923,0.992,0.9916,0.9912,0.9907,0.9901,0.9895,0.9888,0.9882,0.9874,0.9866,0.9857,0.9847,0.9837,0.9825,0.9813,0.98,0.9787,0.9772,0.9756,0.974,0.9722,0.9702,0.9681,0.9659,0.9636,0.9611,0.9584,0.9556,0.9526,0.9494,0.946,0.9425,0.9387,0.9348,0.9306,0.9264,0.9218,0.917,0.9119,0.9065,0.9009,0.8952,0.889,0.8828,0.8763,0.8695,0.8623,0.8548,0.847,0.8391,0.8307,0.8222,0.8136,0.8048,0.7957,0.7862,0.7765,0.7666,0.7564,0.746,0.7358,0.7253,0.7147,0.7038,0.6927,0.6816,0.6702,0.6589,0.6478,0.6368,0.6258,0.6147,0.6037,0.5926,0.5818,0.571,0.5608,0.5507,0.541,0.5314,0.522,0.5128,0.5041,0.4956,0.4877,0.4804,0.4735,0.4671,0.4611,0.4555,0.4505,0.446,0.4422,0.439,0.4364,0.4344,0.433,0.4323,0.4321,0.4326,0.4337,0.4355,0.4378,0.4408,0.4445,0.4488,0.4538,0.4594,0.4654,0.4719,0.479,0.4864,0.4946,0.5033,0.5125,0.5221,0.532,0.542,0.5523,0.5627,0.5737,0.585,0.5965,0.6082,0.6202,0.6317,0.6433,0.6548,0.6666,0.6784,0.6902,0.7019,0.7136,0.7248,0.7357,0.7465,0.7571,0.7678,0.7782,0.7883,0.7983,0.8079,0.817,0.8259,0.8345,0.843,0.8512,0.8591,0.8667,0.874,0.8808,0.8874,0.8939,0.9003,0.9063,0.912,0.9173,0.9224,0.9271,0.9317,0.9362,0.9406,0.9447,0.9485,0.952,0.9553,0.9583,0.9612,0.9641,0.9669,0.9695,0.9718,0.9739,0.9758,0.9776,0.9794,0.9812,0.9829,0.9845,0.9859,0.9871,0.9883,0.9893,0.9903,0.9914,0.9924,0.9932,0.994,0.9946,0.9951,0.9956,0.9962,0.9967,0.9972,0.9977,0.9979,0.9981,0.9983,0.9985,0.9986,0.9989,0.9991,0.9992,0.9992,0.9993,0.9993,0.9995,0.9995,0.9997,0.9998,0.9998,0.9998,0.9997,0.9998,0.9999,0.9999,1.0,1.0,1.0,0.9999,0.9997,0.9996,0.9997,0.9997,0.9996,0.9995,0.9994,0.9993,0.9991,0.9991,0.9992,0.9992,0.9992,0.9992,0.9991,0.999,0.999,0.999,0.9991,0.9992,0.9992,0.9992,0.9991,0.999,0.999,0.999,0.9992
108.07292462379655,7.0435009765522985,-65.0395381109087,-56.69724797994051,72.30385136557896,56.6154277950299,r.HARPN.2018-07-04T09-27-25.909_S1D_A.fits,S1D_spectra/sun_harpsN/2018-07-04/r.HARPN.2018-07-04T09-27-25.909_S1D_A.fits,Sun,2018-07-04T09:27:25.909,58303.3940393515,0.306205340838575,31.9999999584938,211524,0.9944,0.9946,0.9947,0.9947,0.9947,0.9945,0.9944,0.9942,0.9942,0.9943,0.9945,0.9946,0.9946,0.9946,0.9946,0.9945,0.9944,0.9945,0.9946,0.9948,0.9949,0.9949,0.995,0.995,0.995,0.9949,0.995,0.9951,0.9951,0.9952,0.9952,0.9952,0.995,0.9949,0.9949,0.9949,0.9949,0.9949,0.9949,0.9948,0.9947,0.9946,0.9945,0.9945,0.9945,0.9945,0.9944,0.9943,0.9941,0.9938,0.9935,0.9932,0.9929,0.9925,0.9922,0.9919,0.9914,0.9909,0.9904,0.9898,0.9892,0.9885,0.9877,0.9869,0.986,0.985,0.984,0.9828,0.9816,0.9804,0.9791,0.9777,0.9761,0.9744,0.9726,0.9707,0.9685,0.9663,0.9639,0.9615,0.9588,0.956,0.953,0.9499,0.9464,0.9429,0.9392,0.9352,0.931,0.9267,0.9221,0.9173,0.9121,0.9068,0.9012,0.8954,0.8892,0.883,0.8764,0.8697,0.8625,0.855,0.8473,0.8393,0.8309,0.8225,0.8139,0.805,0.7957,0.7862,0.7764,0.7665,0.7561,0.7457,0.7355,0.725,0.7144,0.7035,0.6924,0.6812,0.6699,0.6585,0.6475,0.6365,0.6255,0.6144,0.6033,0.5923,0.5814,0.5706,0.5603,0.5503,0.5405,0.5309,0.5215,0.5123,0.5036,0.4951,0.4872,0.4799,0.4731,0.4666,0.4606,0.4551,0.45,0.4455,0.4416,0.4384,0.4358,0.4339,0.4325,0.4318,0.4317,0.4321,0.4332,0.435,0.4373,0.4403,0.444,0.4483,0.4532,0.4588,0.4649,0.4714,0.4784,0.4858,0.494,0.5027,0.512,0.5216,0.5316,0.5416,0.5519,0.5624,0.5733,0.5847,0.5962,0.6079,0.6198,0.6314,0.6429,0.6545,0.6662,0.6781,0.6899,0.7017,0.7134,0.7247,0.7357,0.7465,0.7573,0.7679,0.7784,0.7886,0.7987,0.8083,0.8173,0.8262,0.8349,0.8434,0.8516,0.8595,0.867,0.8743,0.881,0.8877,0.8941,0.9005,0.9065,0.9121,0.9174,0.9225,0.9272,0.9318,0.9362,0.9406,0.9448,0.9486,0.9521,0.9554,0.9585,0.9615,0.9644,0.9673,0.9699,0.9723,0.9744,0.9764,0.9782,0.98,0.9818,0.9836,0.9851,0.9864,0.9876,0.9886,0.9896,0.9906,0.9915,0.9925,0.9933,0.9939,0.9945,0.995,0.9955,0.996,0.9965,0.997,0.9975,0.9977,0.9979,0.9981,0.9983,0.9985,0.9988,0.999,0.9992,0.9992,0.9992,0.9993,0.9994,0.9995,0.9996,0.9997,0.9997,0.9997,0.9997,0.9998,0.9999,1.0,1.0,1.0,0.9999,0.9998,0.9996,0.9995,0.9995,0.9995,0.9994,0.9994,0.9993,0.9993,0.9993,0.9993,0.9994,0.9995,0.9994,0.9993,0.9991,0.999,0.9989,0.999,0.999,0.9992,0.9992,0.9991,0.9991,0.999,0.9989,0.999,0.999
110.48687141990355,7.036783628788493,-63.829362281324535,-55.73045400598139,58.30462148752241,56.716985361473625,r.HARPN.2018-07-05T14-44-10.454_S1D_A.fits,S1D_spectra/sun_harpsN/2018-07-05/r.HARPN.2018-07-05T14-44-10.454_S1D_A.fits,Sun,2018-07-05T14:44:10.454,58304.6140046297,-0.141522441453434,31.9999999608466,211524,0.9941,0.9943,0.9944,0.9945,0.9945,0.9944,0.9943,0.9943,0.9942,0.9943,0.9945,0.9946,0.9947,0.9947,0.9946,0.9946,0.9945,0.9946,0.9947,0.9948,0.9949,0.9949,0.9949,0.9949,0.9948,0.9947,0.9948,0.9949,0.995,0.995,0.9951,0.9951,0.995,0.995,0.995,0.9951,0.9951,0.9952,0.9953,0.9953,0.9952,0.9951,0.995,0.9949,0.9948,0.9947,0.9945,0.9943,0.9941,0.9938,0.9936,0.9933,0.993,0.9928,0.9925,0.9921,0.9917,0.9912,0.9906,0.9901,0.9895,0.9888,0.9882,0.9874,0.9866,0.9857,0.9847,0.9836,0.9824,0.9811,0.9797,0.9783,0.9767,0.975,0.9732,0.9712,0.9691,0.9669,0.9646,0.9621,0.9595,0.9567,0.9537,0.9506,0.9471,0.9436,0.9398,0.9359,0.9316,0.9273,0.9227,0.9179,0.9128,0.9074,0.9018,0.896,0.8898,0.8835,0.8769,0.8701,0.8629,0.8554,0.8477,0.8397,0.8313,0.8228,0.8142,0.8054,0.7961,0.7866,0.7768,0.7668,0.7565,0.7461,0.7357,0.7252,0.7145,0.7036,0.6925,0.6813,0.6699,0.6585,0.6475,0.6364,0.6254,0.6143,0.6032,0.5921,0.5811,0.5703,0.56,0.5499,0.5402,0.5306,0.5212,0.512,0.5032,0.4947,0.4868,0.4794,0.4725,0.466,0.46,0.4544,0.4493,0.4447,0.4409,0.4376,0.4351,0.433,0.4317,0.4309,0.4307,0.4312,0.4323,0.434,0.4364,0.4394,0.4431,0.4475,0.4524,0.4581,0.4642,0.4707,0.4777,0.4852,0.4934,0.5021,0.5112,0.5208,0.5308,0.5408,0.5511,0.5616,0.5726,0.5839,0.5956,0.6073,0.6192,0.6309,0.6424,0.654,0.6657,0.6777,0.6896,0.7013,0.7132,0.7245,0.7355,0.7463,0.7571,0.7677,0.7782,0.7885,0.7985,0.8081,0.8172,0.8261,0.8347,0.8432,0.8515,0.8594,0.867,0.8743,0.8811,0.8878,0.8943,0.9006,0.9067,0.9125,0.9178,0.9229,0.9276,0.9323,0.9367,0.9411,0.9452,0.949,0.9525,0.9558,0.9589,0.9618,0.9647,0.9676,0.9702,0.9725,0.9747,0.9766,0.9785,0.9803,0.9821,0.9839,0.9854,0.9868,0.988,0.9891,0.9901,0.9912,0.9922,0.9931,0.994,0.9947,0.9952,0.9958,0.9963,0.9968,0.9973,0.9978,0.9983,0.9985,0.9987,0.9989,0.9991,0.9992,0.9995,0.9997,0.9998,0.9998,0.9998,0.9998,0.9999,0.9999,1.0,1.0,1.0,0.9999,0.9998,0.9998,0.9999,0.9999,0.9999,0.9999,0.9999,0.9998,0.9997,0.9997,0.9997,0.9998,0.9997,0.9997,0.9996,0.9995,0.9994,0.9994,0.9994,0.9994,0.9993,0.9992,0.9991,0.999,0.9989,0.999,0.9991,0.9992,0.9992,0.9992,0.9991,0.999,0.999,0.999,0.9991
111.0835462978514,7.038401337908495,-62.279404054360086,-54.81097900836368,57.852145967225404,56.68348337820361,r.HARPN.2018-07-06T11-41-01.894_S1D_A.fits,S1D_spectra/sun_harpsN/2018-07-06/r.HARPN.2018-07-06T11-41-01.894_S1D_A.fits,Sun,2018-07-06T11:41:01.894,58305.4868171299,0.158113718052281,31.9999999646541,211524,0.9942,0.9943,0.9945,0.9945,0.9945,0.9944,0.9942,0.9941,0.9941,0.9942,0.9944,0.9945,0.9946,0.9946,0.9946,0.9946,0.9946,0.9947,0.9948,0.9949,0.995,0.9951,0.9951,0.9951,0.995,0.9949,0.995,0.9951,0.9951,0.9952,0.9952,0.9952,0.9951,0.995,0.995,0.9951,0.9951,0.9951,0.9951,0.9951,0.995,0.9949,0.9948,0.9947,0.9947,0.9946,0.9945,0.9944,0.9941,0.9939,0.9936,0.9933,0.993,0.9927,0.9924,0.9921,0.9917,0.9912,0.9907,0.9901,0.9895,0.9888,0.9881,0.9874,0.9865,0.9856,0.9846,0.9834,0.9822,0.981,0.9797,0.9782,0.9766,0.975,0.9732,0.9713,0.9692,0.967,0.9647,0.9622,0.9595,0.9568,0.9538,0.9506,0.9472,0.9436,0.9399,0.9359,0.9317,0.9274,0.9227,0.9179,0.9127,0.9073,0.9017,0.8959,0.8897,0.8835,0.8769,0.8701,0.863,0.8555,0.8478,0.8398,0.8314,0.8229,0.8143,0.8055,0.7963,0.7868,0.777,0.767,0.7567,0.7463,0.736,0.7255,0.7149,0.7039,0.6928,0.6815,0.6701,0.6587,0.6477,0.6366,0.6256,0.6144,0.6033,0.5922,0.5813,0.5704,0.5601,0.5501,0.5403,0.5307,0.5213,0.5121,0.5033,0.4947,0.4869,0.4795,0.4727,0.4662,0.4602,0.4547,0.4496,0.4451,0.4413,0.4381,0.4355,0.4335,0.4321,0.4313,0.4312,0.4317,0.4327,0.4344,0.4368,0.4397,0.4434,0.4478,0.4527,0.4584,0.4645,0.471,0.478,0.4855,0.4936,0.5023,0.5115,0.5211,0.531,0.541,0.5513,0.5618,0.5727,0.5841,0.5957,0.6075,0.6194,0.6311,0.6426,0.6542,0.6659,0.6777,0.6896,0.7013,0.7131,0.7244,0.7354,0.7461,0.7569,0.7675,0.7779,0.7881,0.7981,0.8077,0.8168,0.8257,0.8345,0.8431,0.8514,0.8595,0.8671,0.8745,0.8813,0.888,0.8944,0.9007,0.9068,0.9125,0.9178,0.9229,0.9276,0.9322,0.9367,0.9411,0.9452,0.9489,0.9524,0.9557,0.9587,0.9617,0.9646,0.9675,0.9702,0.9726,0.9747,0.9767,0.9785,0.9803,0.9821,0.9839,0.9854,0.9867,0.9879,0.989,0.9899,0.9909,0.9919,0.9929,0.9937,0.9944,0.9949,0.9955,0.996,0.9965,0.9971,0.9976,0.998,0.9982,0.9985,0.9987,0.9989,0.9991,0.9994,0.9996,0.9998,0.9998,0.9998,0.9998,0.9999,0.9999,0.9999,1.0,1.0,0.9999,0.9998,0.9998,0.9999,0.9999,0.9999,0.9999,0.9999,0.9998,0.9997,0.9996,0.9997,0.9997,0.9996,0.9996,0.9995,0.9994,0.9994,0.9994,0.9994,0.9995,0.9994,0.9994,0.9993,0.9992,0.9991,0.9991,0.9992,0.9994,0.9994,0.9993,0.9993,0.9992,0.9992,0.9992,0.9993
111.03247030741964,7.039263301720984,-63.57057741583098,-55.89484734257538,63.95161698208149,56.6753209278381,r.HARPN.2018-07-07T10-41-46.415_S1D_A.fits,S1D_spectra/sun_harpsN/2018-07-07/r.HARPN.2018-07-07T10-41-46.415_S1D_A.fits,Sun,2018-07-07T10:41:46.415,58306.4456712962,0.250190040918833,31.9999999633078,211524,0.9942,0.9944,0.9945,0.9946,0.9946,0.9945,0.9943,0.9942,0.9942,0.9943,0.9945,0.9947,0.9947,0.9947,0.9947,0.9945,0.9945,0.9945,0.9946,0.9946,0.9947,0.9947,0.9947,0.9946,0.9946,0.9946,0.9947,0.9949,0.995,0.9951,0.9953,0.9953,0.9953,0.9952,0.9952,0.9952,0.9952,0.9952,0.9952,0.9951,0.995,0.9948,0.9947,0.9946,0.9946,0.9945,0.9943,0.9942,0.994,0.9937,0.9935,0.9932,0.993,0.9927,0.9924,0.9921,0.9917,0.9912,0.9907,0.9901,0.9895,0.9888,0.9881,0.9873,0.9864,0.9855,0.9845,0.9833,0.9821,0.9808,0.9795,0.978,0.9764,0.9748,0.9729,0.971,0.9688,0.9666,0.9643,0.9618,0.9591,0.9564,0.9534,0.9502,0.9468,0.9433,0.9396,0.9356,0.9314,0.9271,0.9225,0.9177,0.9125,0.9071,0.9015,0.8957,0.8896,0.8833,0.8767,0.8699,0.8627,0.8552,0.8475,0.8395,0.8312,0.8228,0.8142,0.8054,0.7963,0.7868,0.777,0.7671,0.7567,0.7464,0.7361,0.7255,0.7149,0.7039,0.6928,0.6816,0.6702,0.6588,0.6478,0.6367,0.6257,0.6145,0.6034,0.5923,0.5814,0.5705,0.5602,0.5501,0.5404,0.5308,0.5214,0.5122,0.5035,0.495,0.4871,0.4797,0.4728,0.4663,0.4603,0.4547,0.4496,0.4451,0.4412,0.438,0.4354,0.4334,0.432,0.4313,0.4311,0.4316,0.4327,0.4344,0.4368,0.4397,0.4434,0.4478,0.4527,0.4583,0.4643,0.4708,0.4778,0.4853,0.4935,0.5022,0.5115,0.5211,0.5311,0.5411,0.5514,0.5619,0.5729,0.5842,0.5958,0.6075,0.6194,0.631,0.6426,0.6541,0.6659,0.6778,0.6896,0.7014,0.7132,0.7244,0.7354,0.7461,0.7569,0.7675,0.7779,0.7881,0.7981,0.8077,0.8168,0.8257,0.8344,0.843,0.8513,0.8593,0.867,0.8743,0.8811,0.8878,0.8942,0.9006,0.9066,0.9123,0.9176,0.9227,0.9274,0.9321,0.9366,0.941,0.9452,0.949,0.9525,0.9558,0.9588,0.9618,0.9647,0.9675,0.9702,0.9725,0.9747,0.9767,0.9785,0.9803,0.9821,0.9838,0.9854,0.9867,0.9879,0.989,0.99,0.991,0.992,0.993,0.9939,0.9946,0.9952,0.9957,0.9961,0.9966,0.9971,0.9976,0.998,0.9982,0.9984,0.9987,0.9989,0.9991,0.9993,0.9995,0.9997,0.9997,0.9996,0.9997,0.9997,0.9998,0.9999,1.0,1.0,0.9999,0.9999,0.9998,0.9999,0.9999,0.9999,0.9999,0.9998,0.9997,0.9996,0.9995,0.9996,0.9995,0.9994,0.9994,0.9993,0.9992,0.9991,0.9992,0.9993,0.9994,0.9994,0.9994,0.9993,0.9992,0.9992,0.9992,0.9992,0.9993,0.9993,0.9992,0.9991,0.999,0.9989,0.9989,0.999
110.1101757752226,7.0475867167964115,-63.99246362036681,-56.52017149259182,71.335582196556,56.596899981143714,r.HARPN.2018-07-08T09-18-48.630_S1D_A.fits,S1D_spectra/sun_harpsN/2018-07-08/r.HARPN.2018-07-08T09-18-48.630_S1D_A.fits,Sun,2018-07-08T09:18:48.630,58307.3880555555,0.349073762845872,31.9999999593585,211524,0.9945,0.9946,0.9947,0.9948,0.9948,0.9947,0.9946,0.9945,0.9944,0.9945,0.9948,0.995,0.9952,0.9952,0.9953,0.9953,0.9953,0.9954,0.9956,0.9957,0.9958,0.9958,0.9958,0.9957,0.9955,0.9954,0.9954,0.9953,0.9953,0.9952,0.9952,0.9952,0.9952,0.9952,0.9953,0.9955,0.9955,0.9955,0.9955,0.9954,0.9952,0.9951,0.9949,0.9948,0.9947,0.9947,0.9946,0.9945,0.9944,0.9943,0.9941,0.9938,0.9936,0.9933,0.993,0.9926,0.9921,0.9916,0.991,0.9904,0.9897,0.989,0.9884,0.9876,0.9867,0.9858,0.9848,0.9836,0.9823,0.981,0.9796,0.978,0.9764,0.9747,0.9728,0.9708,0.9687,0.9664,0.964,0.9615,0.9588,0.956,0.953,0.9498,0.9464,0.9429,0.9392,0.9354,0.9312,0.927,0.9224,0.9177,0.9125,0.9072,0.9016,0.8958,0.8896,0.8832,0.8767,0.8699,0.8627,0.8553,0.8476,0.8397,0.8313,0.823,0.8144,0.8056,0.7964,0.7869,0.7771,0.7671,0.7568,0.7463,0.736,0.7254,0.7147,0.7037,0.6926,0.6815,0.6703,0.659,0.648,0.637,0.6261,0.615,0.6039,0.5928,0.5819,0.571,0.5607,0.5506,0.5409,0.5312,0.5218,0.5127,0.504,0.4955,0.4877,0.4803,0.4735,0.467,0.461,0.4555,0.4504,0.4459,0.442,0.4388,0.4362,0.4342,0.4329,0.4321,0.432,0.4325,0.4336,0.4353,0.4376,0.4406,0.4443,0.4486,0.4535,0.4591,0.4652,0.4717,0.4787,0.4862,0.4943,0.503,0.5121,0.5217,0.5317,0.5416,0.552,0.5624,0.5734,0.5847,0.5963,0.608,0.6199,0.6315,0.6431,0.6546,0.6663,0.6781,0.6899,0.7016,0.7133,0.7245,0.7354,0.7461,0.7568,0.7676,0.7781,0.7884,0.7985,0.8081,0.8172,0.8261,0.8347,0.8432,0.8514,0.8594,0.867,0.8743,0.8811,0.8878,0.8943,0.9006,0.9066,0.9123,0.9175,0.9226,0.9273,0.932,0.9365,0.9409,0.945,0.9489,0.9524,0.9558,0.9589,0.9619,0.9648,0.9677,0.9703,0.9727,0.9749,0.977,0.9789,0.9807,0.9826,0.9844,0.986,0.9874,0.9886,0.9896,0.9904,0.9913,0.9922,0.9931,0.9938,0.9944,0.9949,0.9953,0.9958,0.9963,0.9968,0.9973,0.9977,0.998,0.9983,0.9985,0.9988,0.9991,0.9993,0.9996,0.9998,0.9998,0.9998,0.9998,0.9999,0.9998,0.9999,0.9998,0.9998,0.9996,0.9995,0.9995,0.9997,0.9998,0.9999,1.0,1.0,1.0,0.9999,0.9998,1.0,0.9999,0.9998,0.9998,0.9998,0.9997,0.9997,0.9997,0.9998,0.9999,0.9998,0.9998,0.9997,0.9997,0.9996,0.9996,0.9995,0.9995,0.9995,0.9994,0.9994,0.9994,0.9994,0.9995,0.9997
112.52826658226071,7.0419817337217685,-62.59882305188547,-55.07185878518257,65.54872324470199,56.655774271719885,r.HARPN.2018-07-11T10-11-45.273_S1D_A.fits,S1D_spectra/sun_harpsN/2018-07-11/r.HARPN.2018-07-11T10-11-45.273_S1D_A.fits,Sun,2018-07-11T10:11:45.273,58310.4248263887,0.328353266218933,31.9999999658911,211524,0.9945,0.9946,0.9947,0.9948,0.9947,0.9946,0.9945,0.9944,0.9944,0.9945,0.9947,0.9948,0.9948,0.9948,0.9947,0.9946,0.9945,0.9945,0.9946,0.9947,0.9948,0.9949,0.9949,0.9949,0.9948,0.9948,0.9949,0.995,0.9951,0.9951,0.9951,0.9951,0.995,0.9949,0.9949,0.995,0.995,0.995,0.9951,0.9951,0.9949,0.9948,0.9946,0.9945,0.9944,0.9944,0.9943,0.9942,0.9941,0.9939,0.9936,0.9934,0.9931,0.9927,0.9924,0.992,0.9915,0.991,0.9905,0.9899,0.9893,0.9887,0.988,0.9873,0.9864,0.9855,0.9844,0.9833,0.9821,0.9808,0.9795,0.9781,0.9765,0.9749,0.973,0.9711,0.9689,0.9667,0.9643,0.9618,0.9591,0.9563,0.9533,0.9502,0.9468,0.9432,0.9395,0.9356,0.9314,0.9272,0.9226,0.9179,0.9127,0.9074,0.9018,0.8961,0.8899,0.8836,0.877,0.8701,0.8629,0.8554,0.8476,0.8397,0.8313,0.8228,0.8142,0.8054,0.7962,0.7867,0.7769,0.767,0.7567,0.7464,0.7361,0.7256,0.7149,0.704,0.6929,0.6816,0.6702,0.6589,0.6478,0.6367,0.6257,0.6146,0.6034,0.5923,0.5814,0.5706,0.5603,0.5502,0.5405,0.5309,0.5215,0.5124,0.5037,0.4952,0.4873,0.4799,0.4731,0.4666,0.4606,0.455,0.4499,0.4454,0.4415,0.4383,0.4356,0.4336,0.4322,0.4314,0.4312,0.4317,0.4328,0.4345,0.4369,0.4399,0.4436,0.4479,0.4529,0.4584,0.4645,0.471,0.478,0.4854,0.4935,0.5022,0.5114,0.521,0.5309,0.5409,0.5513,0.5618,0.5727,0.5841,0.5957,0.6074,0.6193,0.6309,0.6424,0.6539,0.6656,0.6774,0.6893,0.7011,0.7129,0.7242,0.7351,0.7459,0.7566,0.7673,0.7778,0.788,0.798,0.8076,0.8167,0.8256,0.8343,0.8429,0.8511,0.8591,0.8667,0.874,0.8808,0.8875,0.8939,0.9003,0.9063,0.912,0.9173,0.9224,0.9271,0.9318,0.9363,0.9407,0.9448,0.9487,0.9522,0.9555,0.9585,0.9615,0.9644,0.9672,0.9699,0.9723,0.9744,0.9764,0.9782,0.98,0.9818,0.9835,0.9851,0.9864,0.9875,0.9886,0.9896,0.9907,0.9917,0.9928,0.9936,0.9943,0.9948,0.9954,0.9958,0.9963,0.9969,0.9973,0.9978,0.9981,0.9983,0.9985,0.9988,0.9989,0.9992,0.9993,0.9995,0.9995,0.9995,0.9996,0.9997,0.9998,0.9999,1.0,1.0,0.9999,0.9999,0.9998,0.9999,0.9999,0.9999,0.9998,0.9998,0.9997,0.9996,0.9995,0.9997,0.9997,0.9996,0.9997,0.9996,0.9996,0.9995,0.9995,0.9995,0.9995,0.9993,0.9993,0.9991,0.999,0.9989,0.9989,0.999,0.9991,0.999,0.999,0.9989,0.9988,0.9988,0.9989,0.999
113.56042316275789,7.048806475435502,-64.86086660331353,-57.2722659133624,80.73934033336452,56.557830347342865,r.HARPN.2018-07-12T09-26-46.695_S1D_A.fits,S1D_spectra/sun_harpsN/2018-07-12/r.HARPN.2018-07-12T09-26-46.695_S1D_A.fits,Sun,2018-07-12T09:26:46.695,58311.3935879627,0.385652498050549,31.9999999650747,211524,0.9945,0.9946,0.9947,0.9948,0.9948,0.9948,0.9946,0.9945,0.9945,0.9946,0.9948,0.9949,0.995,0.9949,0.9949,0.9948,0.9948,0.9948,0.995,0.9951,0.9951,0.9951,0.9951,0.9951,0.995,0.995,0.995,0.9951,0.9951,0.9952,0.9952,0.9951,0.995,0.9949,0.9948,0.9948,0.9949,0.9949,0.9949,0.9949,0.9948,0.9947,0.9946,0.9945,0.9944,0.9943,0.9943,0.9941,0.9939,0.9937,0.9934,0.9931,0.9928,0.9925,0.9922,0.9918,0.9913,0.9908,0.9903,0.9897,0.989,0.9883,0.9875,0.9867,0.9858,0.9849,0.9839,0.9827,0.9816,0.9803,0.9791,0.9777,0.9762,0.9745,0.9727,0.9708,0.9687,0.9665,0.9641,0.9616,0.9589,0.9562,0.9531,0.95,0.9465,0.943,0.9392,0.9353,0.9311,0.9268,0.9222,0.9174,0.9123,0.907,0.9014,0.8956,0.8895,0.8832,0.8767,0.8699,0.8627,0.8552,0.8475,0.8396,0.8312,0.8228,0.8142,0.8054,0.7962,0.7867,0.777,0.7671,0.7568,0.7464,0.7361,0.7257,0.715,0.7042,0.6931,0.682,0.6707,0.6594,0.6484,0.6374,0.6265,0.6154,0.6043,0.5933,0.5824,0.5716,0.5613,0.5513,0.5416,0.5319,0.5225,0.5133,0.5045,0.496,0.4881,0.4807,0.4738,0.4673,0.4613,0.4558,0.4507,0.4462,0.4423,0.4391,0.4364,0.4344,0.433,0.4322,0.432,0.4325,0.4336,0.4354,0.4377,0.4407,0.4443,0.4487,0.4536,0.4591,0.4651,0.4715,0.4785,0.4859,0.494,0.5027,0.5119,0.5215,0.5315,0.5414,0.5517,0.5622,0.5731,0.5844,0.5959,0.6076,0.6195,0.631,0.6426,0.6541,0.6658,0.6777,0.6895,0.7012,0.7129,0.7242,0.7351,0.7459,0.7566,0.7673,0.7778,0.7879,0.798,0.8075,0.8166,0.8254,0.8341,0.8426,0.8509,0.8588,0.8665,0.8738,0.8805,0.8872,0.8936,0.8999,0.9059,0.9116,0.9169,0.922,0.9268,0.9314,0.936,0.9405,0.9447,0.9486,0.9521,0.9555,0.9586,0.9615,0.9644,0.9673,0.9699,0.9722,0.9743,0.9762,0.978,0.9798,0.9816,0.9833,0.9848,0.9862,0.9873,0.9883,0.9893,0.9903,0.9913,0.9922,0.9931,0.9938,0.9944,0.995,0.9956,0.9962,0.9968,0.9973,0.9977,0.998,0.9982,0.9984,0.9986,0.9988,0.999,0.9992,0.9994,0.9995,0.9996,0.9997,0.9998,0.9999,1.0,1.0,1.0,0.9999,0.9998,0.9998,0.9999,0.9999,0.9999,0.9999,0.9999,0.9998,0.9997,0.9997,0.9997,0.9997,0.9996,0.9996,0.9995,0.9994,0.9993,0.9993,0.9993,0.9994,0.9992,0.9992,0.9991,0.999,0.999,0.9991,0.9992,0.9994,0.9994,0.9993,0.9992,0.9992,0.9991,0.9992,0.9993
110.94829124629887,7.048109142013475,-63.4531011548007,-56.11640454653645,84.5969538851987,56.505047746781386,r.HARPN.2018-07-13T09-05-14.411_S1D_A.fits,S1D_spectra/sun_harpsN/2018-07-13/r.HARPN.2018-07-13T09-05-14.411_S1D_A.fits,Sun,2018-07-13T09:05:14.411,58312.3786342591,0.415025667594109,31.9999999654193,211524,0.9949,0.995,0.995,0.995,0.995,0.9948,0.9947,0.9945,0.9945,0.9946,0.9947,0.9949,0.9949,0.9949,0.9949,0.9949,0.9948,0.9949,0.995,0.9951,0.9951,0.9951,0.9952,0.9951,0.9951,0.9951,0.9952,0.9953,0.9954,0.9955,0.9956,0.9955,0.9954,0.9954,0.9953,0.9953,0.9954,0.9954,0.9953,0.9953,0.9951,0.9949,0.9948,0.9947,0.9946,0.9944,0.9943,0.9942,0.994,0.9938,0.9935,0.9932,0.9929,0.9926,0.9922,0.9918,0.9913,0.9908,0.9902,0.9895,0.9889,0.9882,0.9875,0.9867,0.9859,0.985,0.984,0.9829,0.9818,0.9805,0.9792,0.9777,0.9761,0.9745,0.9726,0.9706,0.9685,0.9662,0.9639,0.9614,0.9587,0.956,0.953,0.9499,0.9464,0.9429,0.9391,0.9352,0.931,0.9267,0.9221,0.9174,0.9123,0.9069,0.9014,0.8957,0.8895,0.8833,0.8768,0.87,0.8629,0.8554,0.8477,0.8398,0.8314,0.823,0.8144,0.8056,0.7964,0.7869,0.7772,0.7673,0.757,0.7467,0.7364,0.726,0.7153,0.7044,0.6933,0.6821,0.6708,0.6594,0.6484,0.6373,0.6264,0.6153,0.6043,0.5933,0.5824,0.5716,0.5614,0.5513,0.5415,0.5319,0.5225,0.5134,0.5046,0.4961,0.4883,0.481,0.4741,0.4677,0.4617,0.4562,0.4512,0.4467,0.4429,0.4396,0.437,0.435,0.4336,0.4328,0.4326,0.4331,0.4342,0.4359,0.4383,0.4413,0.445,0.4493,0.4542,0.4598,0.4658,0.4722,0.4792,0.4867,0.4948,0.5035,0.5126,0.5222,0.5322,0.5421,0.5524,0.5628,0.5738,0.5851,0.5967,0.6084,0.6203,0.6319,0.6434,0.6549,0.6666,0.6785,0.6903,0.702,0.7137,0.725,0.7359,0.7467,0.7573,0.768,0.7783,0.7884,0.7984,0.8079,0.8169,0.8258,0.8344,0.843,0.8513,0.8592,0.8668,0.8741,0.8808,0.8875,0.8939,0.9003,0.9063,0.912,0.9173,0.9225,0.9272,0.9318,0.9363,0.9407,0.9448,0.9486,0.952,0.9553,0.9584,0.9613,0.9642,0.9671,0.9697,0.972,0.9741,0.976,0.9778,0.9796,0.9814,0.9831,0.9847,0.986,0.9872,0.9883,0.9893,0.9904,0.9914,0.9924,0.9933,0.994,0.9946,0.9951,0.9957,0.9962,0.9967,0.9972,0.9977,0.998,0.9982,0.9985,0.9987,0.9989,0.9992,0.9994,0.9995,0.9996,0.9996,0.9996,0.9997,0.9998,0.9999,1.0,1.0,1.0,0.9999,0.9999,1.0,1.0,0.9999,0.9999,0.9998,0.9997,0.9996,0.9995,0.9996,0.9996,0.9995,0.9995,0.9995,0.9994,0.9993,0.9993,0.9994,0.9994,0.9994,0.9994,0.9993,0.9992,0.9992,0.9992,0.9993,0.9994,0.9993,0.9993,0.9992,0.9991,0.9992,0.9992,0.9994
112.48725450264844,7.047967496725788,-62.54322694426779,-55.44168014875743,85.00312119861638,56.51138429745611,r.HARPN.2018-07-14T09-11-36.211_S1D_A.fits,S1D_spectra/sun_harpsN/2018-07-14/r.HARPN.2018-07-14T09-11-36.211_S1D_A.fits,Sun,2018-07-14T09:11:36.211,58313.3830555556,0.421646118168182,31.9999999675352,211524,0.9946,0.9948,0.9949,0.995,0.9949,0.9948,0.9946,0.9945,0.9945,0.9946,0.9947,0.9948,0.9949,0.9949,0.9949,0.9948,0.9948,0.9948,0.995,0.9951,0.9951,0.9951,0.9951,0.995,0.9949,0.9949,0.995,0.995,0.9951,0.9952,0.9953,0.9953,0.9952,0.9951,0.9951,0.9951,0.9951,0.9951,0.9951,0.9951,0.995,0.9949,0.9948,0.9947,0.9946,0.9945,0.9944,0.9942,0.9939,0.9936,0.9933,0.993,0.9927,0.9924,0.9921,0.9917,0.9913,0.9908,0.9903,0.9897,0.9891,0.9884,0.9877,0.9869,0.9861,0.9852,0.9842,0.9831,0.9819,0.9807,0.9794,0.9779,0.9764,0.9747,0.9728,0.9709,0.9687,0.9665,0.9642,0.9618,0.9591,0.9564,0.9533,0.9501,0.9467,0.9431,0.9393,0.9354,0.9312,0.9269,0.9223,0.9175,0.9124,0.9071,0.9015,0.8958,0.8897,0.8835,0.8769,0.8702,0.863,0.8555,0.8478,0.8398,0.8314,0.823,0.8144,0.8056,0.7964,0.787,0.7773,0.7674,0.7571,0.7467,0.7364,0.7259,0.7153,0.7043,0.6933,0.6821,0.6708,0.6595,0.6485,0.6375,0.6266,0.6155,0.6044,0.5933,0.5824,0.5716,0.5614,0.5513,0.5416,0.532,0.5226,0.5135,0.5048,0.4963,0.4885,0.4811,0.4743,0.4678,0.4618,0.4562,0.4511,0.4466,0.4427,0.4395,0.4369,0.4349,0.4335,0.4327,0.4325,0.433,0.4341,0.4358,0.4381,0.4411,0.4448,0.4492,0.4541,0.4597,0.4657,0.4722,0.4791,0.4866,0.4947,0.5033,0.5125,0.522,0.532,0.542,0.5523,0.5628,0.5737,0.5851,0.5966,0.6082,0.6201,0.6316,0.6431,0.6546,0.6663,0.6782,0.69,0.7017,0.7134,0.7247,0.7356,0.7464,0.7571,0.7677,0.7781,0.7883,0.7983,0.8078,0.8168,0.8257,0.8344,0.8429,0.8511,0.859,0.8666,0.8739,0.8806,0.8873,0.8938,0.9001,0.9061,0.9118,0.9171,0.9222,0.9268,0.9314,0.9359,0.9403,0.9444,0.9483,0.9518,0.9551,0.9582,0.9612,0.9641,0.967,0.9696,0.972,0.9741,0.9761,0.978,0.9798,0.9815,0.9833,0.9848,0.9861,0.9873,0.9883,0.9893,0.9904,0.9914,0.9923,0.9932,0.9938,0.9944,0.9949,0.9954,0.9959,0.9965,0.9971,0.9975,0.9978,0.9981,0.9983,0.9985,0.9987,0.9989,0.9992,0.9994,0.9994,0.9995,0.9996,0.9997,0.9998,0.9999,1.0,1.0,0.9999,0.9998,0.9998,0.9999,0.9999,0.9999,0.9999,0.9998,0.9998,0.9997,0.9997,0.9998,0.9998,0.9998,0.9997,0.9996,0.9995,0.9994,0.9993,0.9993,0.9994,0.9993,0.9993,0.9993,0.9992,0.9992,0.9992,0.9993,0.9994,0.9994,0.9993,0.9993,0.9992,0.9993,0.9994,0.9995
111.0857846970325,7.050475571862466,-63.11588463455031,-55.61306749650033,87.36276431868464,56.49589299090296,r.HARPN.2018-07-15T09-02-17.018_S1D_A.fits,S1D_spectra/sun_harpsN/2018-07-15/r.HARPN.2018-07-15T09-02-17.018_S1D_A.fits,Sun,2018-07-15T09:02:17.018,58314.3765856479,0.440105945033253,31.9999999686508,211524,0.9947,0.9948,0.9949,0.995,0.9949,0.9948,0.9947,0.9946,0.9945,0.9946,0.9948,0.9949,0.995,0.995,0.995,0.995,0.9949,0.995,0.9951,0.9952,0.9952,0.9952,0.9952,0.9951,0.995,0.995,0.9951,0.9952,0.9953,0.9954,0.9955,0.9954,0.9954,0.9953,0.9952,0.9952,0.9952,0.9952,0.9952,0.9951,0.9949,0.9948,0.9946,0.9945,0.9945,0.9944,0.9943,0.9942,0.9939,0.9937,0.9934,0.9931,0.9928,0.9924,0.9921,0.9917,0.9913,0.9908,0.9902,0.9896,0.9889,0.9883,0.9875,0.9868,0.9859,0.9849,0.9839,0.9827,0.9814,0.9801,0.9788,0.9773,0.9758,0.9742,0.9724,0.9705,0.9684,0.9662,0.9639,0.9614,0.9587,0.956,0.953,0.9499,0.9465,0.943,0.9392,0.9353,0.9311,0.9268,0.9222,0.9173,0.9122,0.9068,0.9013,0.8956,0.8895,0.8833,0.8768,0.87,0.8628,0.8554,0.8476,0.8397,0.8314,0.823,0.8144,0.8055,0.7963,0.7868,0.777,0.7671,0.7568,0.7465,0.7363,0.7258,0.7153,0.7044,0.6934,0.6822,0.6709,0.6595,0.6485,0.6374,0.6264,0.6153,0.6042,0.5932,0.5823,0.5715,0.5613,0.5513,0.5416,0.532,0.5226,0.5134,0.5047,0.4962,0.4883,0.481,0.4741,0.4677,0.4617,0.4562,0.4512,0.4467,0.4428,0.4396,0.437,0.435,0.4336,0.4328,0.4327,0.4332,0.4343,0.436,0.4384,0.4413,0.445,0.4494,0.4543,0.4599,0.4659,0.4724,0.4794,0.4868,0.4949,0.5036,0.5127,0.5223,0.5322,0.5422,0.5525,0.5629,0.5738,0.5851,0.5967,0.6083,0.6202,0.6318,0.6433,0.6548,0.6665,0.6783,0.6901,0.7018,0.7136,0.7248,0.7357,0.7465,0.7572,0.7679,0.7783,0.7884,0.7984,0.808,0.8169,0.8258,0.8345,0.843,0.8512,0.8591,0.8667,0.8739,0.8806,0.8873,0.8937,0.9001,0.9061,0.9119,0.9172,0.9223,0.927,0.9317,0.9361,0.9405,0.9446,0.9483,0.9517,0.955,0.958,0.961,0.9639,0.9667,0.9694,0.9718,0.9739,0.9759,0.9778,0.9796,0.9814,0.9832,0.9848,0.9861,0.9873,0.9884,0.9894,0.9904,0.9915,0.9925,0.9934,0.9941,0.9947,0.9952,0.9958,0.9963,0.9968,0.9973,0.9978,0.9981,0.9984,0.9986,0.9988,0.999,0.9993,0.9995,0.9996,0.9996,0.9996,0.9996,0.9997,0.9998,0.9999,0.9999,1.0,0.9999,0.9998,0.9998,0.9999,1.0,1.0,1.0,1.0,0.9999,0.9998,0.9998,0.9998,0.9999,0.9998,0.9998,0.9997,0.9996,0.9995,0.9995,0.9995,0.9996,0.9995,0.9994,0.9993,0.9993,0.9992,0.9993,0.9994,0.9996,0.9995,0.9995,0.9994,0.9994,0.9994,0.9994,0.9995
111.1927919920273,7.0490130235240605,-62.39353954364594,-55.17210869354333,86.59293540698037,56.532822441205056,r.HARPN.2018-07-16T09-14-31.848_S1D_A.fits,S1D_spectra/sun_harpsN/2018-07-16/r.HARPN.2018-07-16T09-14-31.848_S1D_A.fits,Sun,2018-07-16T09:14:31.848,58315.3850810183,0.441457921289885,31.9999999709049,211524,0.9946,0.9948,0.995,0.9951,0.9951,0.995,0.9949,0.9948,0.9948,0.9949,0.995,0.9951,0.9951,0.9951,0.995,0.9949,0.9948,0.9948,0.995,0.9951,0.9952,0.9952,0.9952,0.9952,0.995,0.995,0.995,0.995,0.9951,0.9951,0.9951,0.9951,0.995,0.9949,0.9949,0.9949,0.995,0.995,0.995,0.995,0.9949,0.9948,0.9946,0.9945,0.9944,0.9942,0.9941,0.994,0.9937,0.9935,0.9933,0.993,0.9928,0.9925,0.9922,0.9918,0.9913,0.9908,0.9901,0.9895,0.9889,0.9882,0.9875,0.9868,0.9859,0.985,0.984,0.9829,0.9817,0.9805,0.9791,0.9777,0.9762,0.9746,0.9728,0.9708,0.9687,0.9665,0.9642,0.9617,0.959,0.9562,0.9532,0.95,0.9465,0.943,0.9392,0.9353,0.9311,0.9269,0.9223,0.9175,0.9124,0.907,0.9014,0.8957,0.8895,0.8832,0.8767,0.8699,0.8627,0.8552,0.8475,0.8396,0.8312,0.8228,0.8142,0.8054,0.7963,0.7868,0.7771,0.7672,0.7569,0.7466,0.7363,0.7258,0.7152,0.7043,0.6932,0.682,0.6706,0.6593,0.6483,0.6372,0.6263,0.6152,0.6041,0.593,0.5821,0.5713,0.5611,0.551,0.5413,0.5316,0.5223,0.5131,0.5044,0.4959,0.488,0.4807,0.4739,0.4674,0.4614,0.4558,0.4508,0.4463,0.4424,0.4393,0.4367,0.4347,0.4333,0.4325,0.4324,0.4329,0.434,0.4357,0.4381,0.441,0.4447,0.4491,0.454,0.4595,0.4656,0.4721,0.479,0.4865,0.4946,0.5033,0.5125,0.522,0.532,0.5419,0.5522,0.5626,0.5736,0.5849,0.5965,0.6081,0.6201,0.6317,0.6432,0.6547,0.6664,0.6783,0.6901,0.7018,0.7135,0.7248,0.7357,0.7465,0.7572,0.7678,0.7782,0.7883,0.7983,0.8078,0.8168,0.8257,0.8344,0.8429,0.8512,0.8591,0.8667,0.8739,0.8807,0.8873,0.8937,0.9001,0.906,0.9117,0.917,0.9222,0.9269,0.9315,0.936,0.9404,0.9445,0.9483,0.9518,0.9551,0.9582,0.9611,0.964,0.9669,0.9695,0.9719,0.974,0.976,0.9778,0.9796,0.9814,0.9832,0.9848,0.9862,0.9874,0.9885,0.9895,0.9905,0.9915,0.9925,0.9934,0.994,0.9946,0.9951,0.9957,0.9962,0.9968,0.9973,0.9977,0.998,0.9982,0.9985,0.9987,0.999,0.9992,0.9995,0.9997,0.9997,0.9998,0.9998,0.9999,0.9999,0.9999,1.0,1.0,0.9999,0.9999,0.9998,0.9999,0.9999,1.0,1.0,0.9999,0.9999,0.9998,0.9997,0.9998,0.9998,0.9998,0.9998,0.9997,0.9996,0.9995,0.9995,0.9995,0.9996,0.9996,0.9996,0.9995,0.9995,0.9995,0.9995,0.9996,0.9997,0.9997,0.9996,0.9995,0.9994,0.9993,0.9993,0.9994
111.88689934692432,7.045457038923457,-63.40515258333572,-55.94168022554789,77.87359266563668,56.569283957005865,r.HARPN.2018-07-17T09-26-34.766_S1D_A.fits,S1D_spectra/sun_harpsN/2018-07-17/r.HARPN.2018-07-17T09-26-34.766_S1D_A.fits,Sun,2018-07-17T09:26:34.766,58316.3934490741,0.44147491240156,31.9999999728792,211524,0.9947,0.9949,0.995,0.9951,0.995,0.995,0.9949,0.9948,0.9947,0.9948,0.9949,0.995,0.995,0.995,0.9949,0.9948,0.9948,0.9948,0.995,0.9951,0.9951,0.9951,0.9952,0.9951,0.9951,0.9951,0.9952,0.9953,0.9954,0.9954,0.9955,0.9955,0.9954,0.9952,0.9952,0.9952,0.9952,0.9952,0.9952,0.9952,0.995,0.9949,0.9947,0.9946,0.9945,0.9944,0.9943,0.9942,0.994,0.9938,0.9936,0.9934,0.9931,0.9928,0.9926,0.9922,0.9917,0.9912,0.9906,0.99,0.9893,0.9886,0.9878,0.987,0.9861,0.9852,0.9842,0.9831,0.9819,0.9807,0.9794,0.978,0.9764,0.9748,0.973,0.971,0.9689,0.9667,0.9643,0.9618,0.9591,0.9563,0.9532,0.9501,0.9467,0.9431,0.9394,0.9355,0.9312,0.9269,0.9223,0.9175,0.9124,0.9071,0.9015,0.8958,0.8897,0.8835,0.877,0.8703,0.8631,0.8556,0.8478,0.8399,0.8315,0.8231,0.8145,0.8056,0.7964,0.7869,0.7772,0.7672,0.7569,0.7466,0.7363,0.7258,0.7152,0.7043,0.6932,0.682,0.6707,0.6594,0.6484,0.6373,0.6264,0.6153,0.6042,0.5931,0.5822,0.5714,0.5611,0.551,0.5413,0.5317,0.5222,0.5131,0.5043,0.4958,0.4879,0.4805,0.4737,0.4672,0.4612,0.4556,0.4506,0.4461,0.4422,0.439,0.4365,0.4344,0.4331,0.4323,0.4321,0.4325,0.4336,0.4353,0.4377,0.4406,0.4444,0.4487,0.4537,0.4592,0.4653,0.4718,0.4788,0.4862,0.4943,0.503,0.5122,0.5217,0.5317,0.5417,0.552,0.5625,0.5734,0.5848,0.5963,0.608,0.6199,0.6315,0.6431,0.6546,0.6663,0.6782,0.6899,0.7016,0.7134,0.7246,0.7355,0.7462,0.7569,0.7676,0.778,0.7882,0.7982,0.8078,0.8169,0.8258,0.8346,0.8432,0.8514,0.8594,0.867,0.8743,0.881,0.8877,0.8942,0.9005,0.9065,0.9122,0.9175,0.9225,0.9272,0.9318,0.9362,0.9406,0.9448,0.9486,0.952,0.9554,0.9584,0.9614,0.9643,0.9672,0.9698,0.9722,0.9744,0.9764,0.9782,0.9801,0.9818,0.9836,0.9851,0.9865,0.9877,0.9888,0.9898,0.9908,0.9919,0.9929,0.9937,0.9944,0.9949,0.9954,0.9959,0.9963,0.9968,0.9973,0.9978,0.9981,0.9983,0.9986,0.9989,0.9991,0.9994,0.9997,0.9998,0.9999,0.9999,0.9999,0.9999,0.9999,1.0,1.0,1.0,0.9999,0.9998,0.9997,0.9998,0.9998,0.9998,0.9998,0.9998,0.9997,0.9996,0.9997,0.9998,0.9998,0.9998,0.9998,0.9997,0.9997,0.9995,0.9995,0.9995,0.9996,0.9995,0.9994,0.9993,0.9993,0.9992,0.9992,0.9993,0.9994,0.9993,0.9993,0.9992,0.9992,0.9992,0.9993,0.9994
112.58102713322626,7.043565852646379,-62.67101279350805,-55.58984974730615,77.59202624144918,56.605237354791015,r.HARPN.2018-07-18T09-49-26.947_S1D_A.fits,S1D_spectra/sun_harpsN/2018-07-18/r.HARPN.2018-07-18T09-49-26.947_S1D_A.fits,Sun,2018-07-18T09:49:26.947,58317.4093287038,0.429247504930135,31.9999999749739,211524,0.9944,0.9945,0.9946,0.9947,0.9947,0.9947,0.9946,0.9945,0.9944,0.9945,0.9947,0.9948,0.9948,0.9948,0.9947,0.9946,0.9946,0.9946,0.9947,0.9948,0.9949,0.9949,0.995,0.9949,0.9949,0.9949,0.995,0.9951,0.9952,0.9953,0.9953,0.9953,0.9952,0.9952,0.9951,0.9951,0.9951,0.9951,0.9951,0.9951,0.9949,0.9947,0.9946,0.9945,0.9944,0.9943,0.9942,0.9941,0.9939,0.9937,0.9934,0.9932,0.9929,0.9926,0.9923,0.992,0.9915,0.9911,0.9906,0.99,0.9894,0.9887,0.988,0.9873,0.9864,0.9855,0.9845,0.9834,0.9822,0.9809,0.9795,0.978,0.9764,0.9746,0.9728,0.9708,0.9687,0.9665,0.9642,0.9617,0.9591,0.9564,0.9534,0.9502,0.9468,0.9433,0.9396,0.9357,0.9315,0.9272,0.9226,0.9178,0.9127,0.9073,0.9016,0.8959,0.8896,0.8834,0.8768,0.8701,0.8629,0.8555,0.8478,0.8399,0.8315,0.8231,0.8145,0.8056,0.7964,0.7869,0.7771,0.7672,0.7569,0.7465,0.7362,0.7257,0.715,0.7041,0.693,0.6818,0.6705,0.6591,0.6481,0.6371,0.6261,0.615,0.6039,0.5929,0.582,0.5712,0.5609,0.5508,0.5411,0.5314,0.522,0.5128,0.504,0.4955,0.4876,0.4802,0.4734,0.4669,0.4609,0.4553,0.4503,0.4457,0.4419,0.4386,0.436,0.434,0.4326,0.4318,0.4317,0.4322,0.4333,0.435,0.4374,0.4403,0.444,0.4484,0.4533,0.4589,0.4649,0.4714,0.4784,0.4858,0.4939,0.5026,0.5118,0.5214,0.5314,0.5413,0.5517,0.5621,0.5731,0.5844,0.596,0.6076,0.6196,0.6312,0.6428,0.6543,0.6661,0.6779,0.6898,0.7015,0.7132,0.7244,0.7354,0.7461,0.7568,0.7674,0.7779,0.7881,0.7981,0.8077,0.8167,0.8257,0.8344,0.843,0.8513,0.8592,0.8668,0.8742,0.8809,0.8876,0.894,0.9003,0.9063,0.912,0.9174,0.9225,0.9272,0.9318,0.9363,0.9406,0.9447,0.9485,0.9519,0.9552,0.9582,0.9612,0.9641,0.9669,0.9695,0.9719,0.974,0.976,0.9778,0.9796,0.9815,0.9832,0.9849,0.9862,0.9874,0.9885,0.9895,0.9905,0.9916,0.9925,0.9934,0.994,0.9946,0.9951,0.9956,0.9961,0.9967,0.9972,0.9976,0.9979,0.9982,0.9984,0.9986,0.9989,0.9991,0.9993,0.9995,0.9996,0.9996,0.9996,0.9998,0.9998,0.9999,1.0,1.0,0.9999,0.9999,0.9999,0.9999,0.9999,0.9999,0.9999,0.9998,0.9998,0.9996,0.9996,0.9997,0.9998,0.9998,0.9998,0.9997,0.9996,0.9995,0.9995,0.9996,0.9996,0.9995,0.9995,0.9994,0.9993,0.9993,0.9994,0.9995,0.9996,0.9996,0.9996,0.9995,0.9995,0.9994,0.9995,0.9995
113.30994183850645,7.047236795157168,-63.61569739803906,-56.215054785341046,84.86941298832996,56.564464055564315,r.HARPN.2018-07-19T09-25-09.330_S1D_A.fits,S1D_spectra/sun_harpsN/2018-07-19/r.HARPN.2018-07-19T09-25-09.330_S1D_A.fits,Sun,2018-07-19T09:25:09.330,58318.3924652776,0.461596987134736,31.9999999749911,211524,0.9944,0.9945,0.9947,0.9948,0.9947,0.9946,0.9945,0.9944,0.9944,0.9945,0.9946,0.9947,0.9947,0.9947,0.9947,0.9946,0.9946,0.9947,0.9948,0.9949,0.995,0.995,0.9951,0.9951,0.995,0.995,0.995,0.9951,0.9952,0.9953,0.9953,0.9953,0.9951,0.995,0.9949,0.9949,0.9949,0.995,0.995,0.995,0.9949,0.9948,0.9947,0.9946,0.9945,0.9943,0.9942,0.9941,0.9938,0.9936,0.9933,0.993,0.9927,0.9923,0.992,0.9916,0.9911,0.9906,0.9901,0.9895,0.9888,0.9881,0.9874,0.9866,0.9857,0.9848,0.9838,0.9826,0.9814,0.9802,0.9788,0.9774,0.9758,0.9741,0.9723,0.9704,0.9683,0.966,0.9637,0.9612,0.9585,0.9557,0.9527,0.9496,0.9462,0.9427,0.939,0.9352,0.931,0.9267,0.9221,0.9174,0.9122,0.9069,0.9013,0.8956,0.8894,0.8832,0.8767,0.8699,0.8627,0.8553,0.8476,0.8398,0.8315,0.8231,0.8145,0.8057,0.7965,0.787,0.7772,0.7672,0.7569,0.7465,0.7362,0.7257,0.7151,0.7042,0.6931,0.682,0.6706,0.6593,0.6483,0.6373,0.6264,0.6153,0.6042,0.5931,0.5822,0.5714,0.5611,0.551,0.5413,0.5317,0.5222,0.5131,0.5043,0.4958,0.4879,0.4805,0.4737,0.4672,0.4611,0.4556,0.4505,0.446,0.4421,0.4389,0.4363,0.4343,0.4329,0.4321,0.432,0.4325,0.4335,0.4353,0.4376,0.4406,0.4442,0.4486,0.4535,0.459,0.4651,0.4715,0.4785,0.4859,0.494,0.5027,0.5119,0.5215,0.5315,0.5414,0.5517,0.5622,0.5731,0.5844,0.5959,0.6076,0.6195,0.631,0.6426,0.6541,0.6658,0.6777,0.6895,0.7013,0.7131,0.7244,0.7353,0.7461,0.7568,0.7674,0.7778,0.7879,0.7979,0.8074,0.8164,0.8254,0.8341,0.8427,0.8509,0.8589,0.8665,0.8738,0.8805,0.8871,0.8936,0.8999,0.9059,0.9116,0.9169,0.9221,0.9268,0.9314,0.9359,0.9403,0.9444,0.9482,0.9517,0.955,0.958,0.961,0.9639,0.9668,0.9695,0.9719,0.974,0.976,0.9779,0.9797,0.9814,0.9831,0.9846,0.9859,0.9871,0.9881,0.9891,0.9902,0.9912,0.9923,0.9932,0.9939,0.9946,0.9951,0.9957,0.9962,0.9968,0.9973,0.9977,0.998,0.9982,0.9984,0.9986,0.9988,0.9991,0.9993,0.9995,0.9995,0.9996,0.9996,0.9998,0.9998,0.9999,1.0,1.0,0.9999,0.9998,0.9997,0.9997,0.9996,0.9996,0.9995,0.9995,0.9994,0.9992,0.9992,0.9993,0.9993,0.9992,0.9992,0.9991,0.9991,0.9991,0.9992,0.9993,0.9995,0.9994,0.9994,0.9993,0.9993,0.9992,0.9992,0.9993,0.9994,0.9994,0.9994,0.9993,0.9992,0.9992,0.9991,0.9992
113.94195517361499,7.046375174968088,-63.162114676105425,-55.859613429906915,88.44335408217277,56.53542691246724,r.HARPN.2018-07-21T08-58-05.433_S1D_A.fits,S1D_spectra/sun_harpsN/2018-07-20/r.HARPN.2018-07-21T08-58-05.433_S1D_A.fits,Sun,2018-07-21T08:58:05.433,58320.3736689817,0.499911689575956,31.9999999752402,211524,0.9944,0.9945,0.9947,0.9948,0.9949,0.9948,0.9947,0.9946,0.9946,0.9947,0.9949,0.995,0.995,0.995,0.995,0.9949,0.9948,0.9948,0.995,0.995,0.9951,0.9951,0.9951,0.9951,0.9951,0.9951,0.9952,0.9953,0.9953,0.9953,0.9953,0.9953,0.9951,0.995,0.9949,0.995,0.995,0.9951,0.9951,0.9951,0.9949,0.9948,0.9947,0.9945,0.9944,0.9943,0.9942,0.994,0.9938,0.9936,0.9933,0.993,0.9927,0.9924,0.9921,0.9917,0.9913,0.9908,0.9903,0.9897,0.989,0.9884,0.9877,0.9869,0.986,0.9851,0.9841,0.9829,0.9817,0.9805,0.9792,0.9777,0.9761,0.9744,0.9726,0.9706,0.9685,0.9663,0.9639,0.9615,0.9588,0.9561,0.9531,0.95,0.9466,0.9431,0.9393,0.9354,0.9312,0.9269,0.9223,0.9176,0.9125,0.9071,0.9016,0.8958,0.8897,0.8834,0.8769,0.8701,0.8628,0.8554,0.8477,0.8398,0.8314,0.8231,0.8145,0.8057,0.7965,0.787,0.7773,0.7673,0.757,0.7467,0.7365,0.726,0.7154,0.7046,0.6935,0.6824,0.6711,0.6598,0.6488,0.6377,0.6268,0.6156,0.6045,0.5934,0.5825,0.5716,0.5613,0.5512,0.5414,0.5318,0.5224,0.5133,0.5045,0.496,0.4882,0.4809,0.474,0.4676,0.4615,0.456,0.4509,0.4464,0.4425,0.4392,0.4366,0.4346,0.4332,0.4324,0.4323,0.4328,0.4338,0.4355,0.4379,0.4408,0.4445,0.4488,0.4537,0.4592,0.4653,0.4718,0.4788,0.4862,0.4943,0.503,0.5121,0.5217,0.5316,0.5416,0.5519,0.5623,0.5733,0.5846,0.5962,0.6078,0.6198,0.6314,0.6429,0.6544,0.6662,0.678,0.6899,0.7016,0.7133,0.7245,0.7354,0.7461,0.7568,0.7674,0.7778,0.7879,0.798,0.8076,0.8166,0.8256,0.8343,0.8428,0.8511,0.859,0.8666,0.8739,0.8806,0.8873,0.8937,0.9,0.906,0.9117,0.917,0.9221,0.9267,0.9313,0.9358,0.9402,0.9443,0.9481,0.9516,0.9548,0.9579,0.9609,0.9638,0.9667,0.9694,0.9718,0.974,0.976,0.9779,0.9797,0.9814,0.9832,0.9847,0.9861,0.9872,0.9882,0.9892,0.9902,0.9911,0.9921,0.9929,0.9936,0.9942,0.9948,0.9953,0.9958,0.9964,0.9969,0.9973,0.9975,0.9977,0.9979,0.9981,0.9983,0.9986,0.9988,0.999,0.9991,0.9992,0.9993,0.9995,0.9996,0.9997,0.9998,0.9998,0.9998,0.9998,0.9998,0.9999,0.9999,1.0,1.0,1.0,0.9999,0.9998,0.9998,0.9998,0.9998,0.9997,0.9996,0.9995,0.9994,0.9992,0.9992,0.9993,0.9994,0.9993,0.9993,0.9992,0.9991,0.999,0.9991,0.9992,0.9993,0.9993,0.9992,0.9992,0.9991,0.999,0.9991,0.9992
113.28599311681933,7.046996220553682,-63.39195717908236,-55.634865918240145,84.02299251382459,56.540574601725105,r.HARPN.2018-07-21T09-03-31.359_S1D_A.fits,S1D_spectra/sun_harpsN/2018-07-21/r.HARPN.2018-07-21T09-03-31.359_S1D_A.fits,Sun,2018-07-21T09:03:31.359,58320.3774421294,0.495929835363102,31.9999999754929,211524,0.9943,0.9944,0.9946,0.9946,0.9946,0.9945,0.9944,0.9942,0.9942,0.9944,0.9946,0.9947,0.9948,0.9948,0.9948,0.9947,0.9947,0.9947,0.9948,0.9949,0.995,0.995,0.9951,0.995,0.9949,0.9949,0.995,0.9951,0.9951,0.9951,0.9952,0.9952,0.9951,0.995,0.995,0.995,0.995,0.9951,0.9952,0.9952,0.995,0.9949,0.9948,0.9947,0.9946,0.9945,0.9943,0.9942,0.9939,0.9936,0.9933,0.993,0.9926,0.9923,0.9919,0.9916,0.9911,0.9906,0.9901,0.9894,0.9888,0.9881,0.9874,0.9867,0.9858,0.9849,0.9839,0.9828,0.9817,0.9804,0.9791,0.9777,0.9761,0.9744,0.9726,0.9706,0.9685,0.9663,0.9639,0.9615,0.9588,0.9561,0.9531,0.9499,0.9465,0.943,0.9392,0.9353,0.9311,0.9268,0.9222,0.9174,0.9123,0.9069,0.9014,0.8956,0.8894,0.8832,0.8766,0.8698,0.8627,0.8552,0.8475,0.8396,0.8313,0.8229,0.8144,0.8056,0.7964,0.787,0.7772,0.7674,0.7571,0.7468,0.7365,0.7261,0.7155,0.7046,0.6935,0.6823,0.671,0.6596,0.6486,0.6375,0.6265,0.6154,0.6042,0.5932,0.5823,0.5715,0.5612,0.5511,0.5414,0.5318,0.5224,0.5133,0.5045,0.496,0.4881,0.4807,0.4738,0.4673,0.4613,0.4558,0.4508,0.4463,0.4424,0.4393,0.4367,0.4347,0.4333,0.4325,0.4323,0.4327,0.4338,0.4355,0.4378,0.4407,0.4444,0.4487,0.4537,0.4592,0.4653,0.4718,0.4788,0.4862,0.4944,0.503,0.5122,0.5217,0.5317,0.5416,0.5519,0.5623,0.5733,0.5846,0.5962,0.6078,0.6197,0.6313,0.6428,0.6543,0.6661,0.6779,0.6897,0.7014,0.7132,0.7244,0.7353,0.746,0.7567,0.7673,0.7778,0.7879,0.798,0.8076,0.8166,0.8255,0.8342,0.8428,0.8511,0.859,0.8667,0.874,0.8807,0.8874,0.8938,0.9001,0.906,0.9117,0.9169,0.922,0.9267,0.9313,0.9358,0.9403,0.9444,0.9482,0.9517,0.955,0.9581,0.961,0.964,0.9668,0.9695,0.9719,0.9741,0.976,0.9779,0.9797,0.9815,0.9832,0.9848,0.9862,0.9874,0.9885,0.9895,0.9905,0.9915,0.9925,0.9934,0.994,0.9945,0.995,0.9955,0.996,0.9965,0.997,0.9974,0.9977,0.998,0.9982,0.9984,0.9986,0.9989,0.9991,0.9993,0.9993,0.9993,0.9994,0.9995,0.9996,0.9998,0.9999,1.0,1.0,0.9999,0.9999,1.0,0.9999,0.9999,0.9999,0.9998,0.9997,0.9996,0.9996,0.9997,0.9998,0.9997,0.9997,0.9996,0.9995,0.9994,0.9994,0.9994,0.9995,0.9994,0.9993,0.9992,0.9991,0.999,0.999,0.9991,0.9992,0.9992,0.9991,0.999,0.999,0.999,0.9991,0.9992
110.87590567316818,7.0435806067587485,-63.37549077091767,-56.13507327811898,78.14852141316489,56.58378777527587,r.HARPN.2018-07-22T09-37-54.033_S1D_A.fits,S1D_spectra/sun_harpsN/2018-07-22/r.HARPN.2018-07-22T09-37-54.033_S1D_A.fits,Sun,2018-07-22T09:37:54.033,58321.4013194442,0.474003566200539,31.9999999772855,211524,0.9944,0.9946,0.9947,0.9948,0.9948,0.9947,0.9945,0.9944,0.9943,0.9944,0.9945,0.9947,0.9947,0.9947,0.9947,0.9946,0.9946,0.9946,0.9948,0.9948,0.9949,0.9949,0.995,0.9949,0.9949,0.9949,0.995,0.9951,0.9952,0.9953,0.9953,0.9953,0.9952,0.9951,0.9951,0.9951,0.9951,0.9951,0.9951,0.995,0.9948,0.9946,0.9945,0.9944,0.9943,0.9942,0.9942,0.9941,0.9939,0.9937,0.9934,0.9932,0.9929,0.9925,0.9922,0.9918,0.9914,0.9909,0.9903,0.9897,0.989,0.9884,0.9877,0.9869,0.986,0.9851,0.9841,0.9829,0.9818,0.9805,0.9792,0.9777,0.9761,0.9745,0.9727,0.9707,0.9686,0.9664,0.964,0.9616,0.9589,0.9562,0.9531,0.95,0.9465,0.9429,0.9392,0.9353,0.9311,0.9268,0.9222,0.9175,0.9124,0.9071,0.9016,0.8959,0.8897,0.8835,0.8769,0.8701,0.8629,0.8554,0.8477,0.8397,0.8313,0.8229,0.8143,0.8055,0.7962,0.7867,0.777,0.767,0.7567,0.7463,0.736,0.7255,0.7148,0.7039,0.6928,0.6816,0.6703,0.659,0.648,0.637,0.6261,0.615,0.6039,0.5929,0.582,0.5711,0.5609,0.5508,0.5411,0.5315,0.5221,0.5129,0.5042,0.4956,0.4877,0.4804,0.4735,0.467,0.461,0.4554,0.4504,0.4458,0.4419,0.4387,0.4361,0.4342,0.4328,0.432,0.4319,0.4324,0.4335,0.4352,0.4375,0.4405,0.4441,0.4485,0.4534,0.459,0.4651,0.4716,0.4786,0.486,0.4942,0.5029,0.5121,0.5217,0.5317,0.5417,0.552,0.5625,0.5735,0.5848,0.5963,0.608,0.6199,0.6315,0.643,0.6545,0.6662,0.6781,0.6899,0.7016,0.7133,0.7246,0.7355,0.7463,0.757,0.7677,0.7782,0.7884,0.7984,0.808,0.817,0.8259,0.8345,0.8431,0.8513,0.8593,0.8669,0.8742,0.8809,0.8876,0.8941,0.9004,0.9064,0.9121,0.9174,0.9225,0.9272,0.9318,0.9362,0.9406,0.9447,0.9485,0.9519,0.9552,0.9583,0.9613,0.9642,0.967,0.9697,0.972,0.9742,0.9762,0.978,0.9798,0.9816,0.9834,0.9849,0.9862,0.9874,0.9885,0.9895,0.9905,0.9916,0.9926,0.9935,0.9942,0.9948,0.9953,0.9958,0.9963,0.9969,0.9974,0.9978,0.9981,0.9983,0.9984,0.9986,0.9988,0.9991,0.9992,0.9994,0.9994,0.9994,0.9994,0.9995,0.9996,0.9997,0.9998,0.9999,0.9998,0.9998,0.9998,1.0,1.0,1.0,1.0,0.9999,0.9998,0.9997,0.9996,0.9997,0.9997,0.9995,0.9995,0.9994,0.9993,0.9992,0.9993,0.9994,0.9995,0.9995,0.9995,0.9994,0.9993,0.9993,0.9993,0.9993,0.9994,0.9993,0.9992,0.9991,0.999,0.999,0.999,0.999
111.83426268225999,7.045251924781424,-63.821490912380916,-56.32328275792089,89.21038414896304,56.547853936038564,r.HARPN.2018-07-23T09-04-13.294_S1D_A.fits,S1D_spectra/sun_harpsN/2018-07-23/r.HARPN.2018-07-23T09-04-13.294_S1D_A.fits,Sun,2018-07-23T09:04:13.294,58322.3779282407,0.510239101195478,31.9999999763192,211524,0.9948,0.9949,0.9951,0.9952,0.9952,0.9952,0.9951,0.995,0.9949,0.9951,0.9952,0.9954,0.9954,0.9954,0.9953,0.9952,0.9951,0.9951,0.9952,0.9953,0.9953,0.9953,0.9954,0.9954,0.9953,0.9954,0.9955,0.9956,0.9957,0.9957,0.9957,0.9956,0.9954,0.9953,0.9951,0.9951,0.9951,0.9951,0.9951,0.9951,0.995,0.9949,0.9948,0.9947,0.9946,0.9945,0.9945,0.9944,0.9942,0.994,0.9938,0.9935,0.9932,0.9929,0.9926,0.9922,0.9917,0.9911,0.9905,0.9899,0.9892,0.9885,0.9878,0.987,0.9862,0.9853,0.9842,0.9831,0.9819,0.9806,0.9793,0.9779,0.9763,0.9746,0.9728,0.9708,0.9687,0.9665,0.9641,0.9617,0.959,0.9562,0.9532,0.9501,0.9467,0.9431,0.9394,0.9355,0.9313,0.927,0.9224,0.9177,0.9125,0.9072,0.9016,0.8958,0.8897,0.8834,0.8769,0.8702,0.863,0.8556,0.8479,0.84,0.8316,0.8232,0.8146,0.8058,0.7966,0.7871,0.7774,0.7675,0.7572,0.7468,0.7366,0.7261,0.7155,0.7045,0.6934,0.6823,0.671,0.6596,0.6486,0.6376,0.6267,0.6156,0.6045,0.5934,0.5825,0.5716,0.5613,0.5511,0.5414,0.5318,0.5223,0.5132,0.5044,0.4959,0.4881,0.4807,0.4738,0.4674,0.4613,0.4558,0.4508,0.4462,0.4424,0.4392,0.4366,0.4346,0.4332,0.4324,0.4323,0.4327,0.4338,0.4356,0.4379,0.4409,0.4446,0.4489,0.4539,0.4594,0.4655,0.472,0.4789,0.4864,0.4945,0.5032,0.5123,0.5219,0.5319,0.5418,0.5522,0.5627,0.5736,0.585,0.5966,0.6082,0.6201,0.6317,0.6432,0.6547,0.6664,0.6783,0.6901,0.7019,0.7137,0.7249,0.7359,0.7467,0.7574,0.768,0.7784,0.7885,0.7985,0.8081,0.8171,0.826,0.8347,0.8432,0.8515,0.8594,0.867,0.8743,0.8811,0.8877,0.8942,0.9005,0.9066,0.9122,0.9175,0.9226,0.9272,0.9318,0.9363,0.9406,0.9447,0.9485,0.952,0.9553,0.9583,0.9613,0.9642,0.9671,0.9697,0.972,0.9742,0.9762,0.978,0.9798,0.9815,0.9833,0.9849,0.9862,0.9874,0.9884,0.9895,0.9905,0.9915,0.9925,0.9934,0.9941,0.9947,0.9952,0.9957,0.9963,0.9968,0.9973,0.9978,0.998,0.9982,0.9984,0.9986,0.9988,0.999,0.9992,0.9993,0.9994,0.9994,0.9995,0.9996,0.9997,0.9998,0.9999,0.9999,0.9999,0.9998,0.9998,0.9999,0.9999,1.0,1.0,1.0,0.9999,0.9998,0.9997,0.9998,0.9998,0.9998,0.9998,0.9997,0.9997,0.9997,0.9997,0.9999,1.0,0.9999,0.9999,0.9997,0.9997,0.9996,0.9996,0.9997,0.9998,0.9998,0.9997,0.9996,0.9996,0.9996,0.9996,0.9997
112.4122825553562,7.045878036970184,-63.7941197485343,-56.192047604198855,80.61434525371999,56.5893635278923,r.HARPN.2018-07-24T09-30-54.132_S1D_A.fits,S1D_spectra/sun_harpsN/2018-07-24/r.HARPN.2018-07-24T09-30-54.132_S1D_A.fits,Sun,2018-07-24T09:30:54.132,58323.3964583334,0.494628858233768,31.9999999774778,211524,0.9949,0.995,0.9952,0.9952,0.9952,0.995,0.9949,0.9947,0.9947,0.9948,0.9949,0.995,0.9951,0.995,0.995,0.9949,0.9948,0.9949,0.995,0.995,0.9951,0.9951,0.9951,0.9951,0.9951,0.9951,0.9951,0.9952,0.9953,0.9953,0.9953,0.9953,0.9952,0.9952,0.9952,0.9952,0.9953,0.9954,0.9954,0.9954,0.9952,0.9951,0.9951,0.995,0.995,0.9949,0.9948,0.9947,0.9945,0.9942,0.9939,0.9936,0.9933,0.9929,0.9926,0.9922,0.9917,0.9912,0.9907,0.9901,0.9894,0.9888,0.9881,0.9873,0.9864,0.9854,0.9843,0.9832,0.982,0.9807,0.9794,0.978,0.9764,0.9748,0.9731,0.9711,0.9691,0.9669,0.9646,0.9621,0.9594,0.9566,0.9536,0.9504,0.947,0.9434,0.9396,0.9357,0.9315,0.9272,0.9225,0.9177,0.9125,0.9071,0.9015,0.8957,0.8895,0.8832,0.8767,0.8699,0.8627,0.8552,0.8475,0.8395,0.8312,0.8228,0.8142,0.8054,0.7963,0.7868,0.7771,0.7672,0.757,0.7466,0.7364,0.7259,0.7153,0.7044,0.6933,0.6822,0.6708,0.6595,0.6484,0.6373,0.6263,0.6152,0.6041,0.593,0.5821,0.5713,0.561,0.5509,0.5412,0.5316,0.5223,0.5131,0.5043,0.4958,0.4879,0.4804,0.4735,0.467,0.4609,0.4553,0.4503,0.4458,0.4419,0.4387,0.4362,0.4341,0.4328,0.432,0.4318,0.4323,0.4334,0.4352,0.4376,0.4406,0.4443,0.4486,0.4535,0.4591,0.4651,0.4716,0.4785,0.486,0.4941,0.5028,0.512,0.5216,0.5316,0.5415,0.5518,0.5623,0.5732,0.5846,0.5961,0.6077,0.6196,0.6312,0.6428,0.6543,0.666,0.6779,0.6898,0.7015,0.7133,0.7246,0.7355,0.7463,0.757,0.7676,0.778,0.7882,0.7982,0.8078,0.8168,0.8257,0.8344,0.8429,0.8512,0.8592,0.8668,0.8741,0.8808,0.8875,0.8939,0.9003,0.9063,0.912,0.9174,0.9225,0.9272,0.9318,0.9363,0.9407,0.9448,0.9486,0.952,0.9553,0.9584,0.9614,0.9643,0.9672,0.9699,0.9723,0.9744,0.9764,0.9782,0.98,0.9818,0.9835,0.9851,0.9864,0.9875,0.9886,0.9895,0.9905,0.9915,0.9924,0.9933,0.9939,0.9945,0.9951,0.9956,0.9962,0.9968,0.9974,0.9979,0.9982,0.9985,0.9987,0.999,0.9992,0.9994,0.9996,0.9997,0.9997,0.9997,0.9997,0.9998,0.9998,0.9999,1.0,1.0,0.9999,0.9999,0.9998,0.9999,0.9999,0.9999,0.9999,0.9998,0.9998,0.9997,0.9996,0.9997,0.9997,0.9996,0.9996,0.9995,0.9994,0.9993,0.9993,0.9994,0.9995,0.9995,0.9994,0.9994,0.9993,0.9992,0.9993,0.9994,0.9995,0.9995,0.9994,0.9994,0.9993,0.9993,0.9993,0.9994
112.96904552192277,7.03534941019651,-63.1070992934563,-55.67280966627915,58.158930874738225,56.71068378396335,r.HARPN.2018-07-25T14-40-03.725_S1D_A.fits,S1D_spectra/sun_harpsN/2018-07-25/r.HARPN.2018-07-25T14-40-03.725_S1D_A.fits,Sun,2018-07-25T14:40:03.725,58324.6111458335,0.0457501602985642,31.9999999713702,211524,0.9941,0.9942,0.9944,0.9945,0.9945,0.9945,0.9944,0.9943,0.9943,0.9944,0.9946,0.9947,0.9947,0.9947,0.9947,0.9946,0.9945,0.9946,0.9947,0.9948,0.9949,0.9949,0.9949,0.9948,0.9947,0.9947,0.9948,0.9949,0.995,0.9951,0.9952,0.9952,0.9951,0.9951,0.9951,0.9951,0.9951,0.9951,0.9951,0.995,0.9949,0.9948,0.9946,0.9946,0.9945,0.9944,0.9943,0.9942,0.994,0.9937,0.9935,0.9932,0.993,0.9927,0.9924,0.9922,0.9918,0.9915,0.991,0.9904,0.9898,0.9892,0.9884,0.9876,0.9867,0.9857,0.9846,0.9834,0.9822,0.9809,0.9796,0.9782,0.9766,0.975,0.9732,0.9713,0.9692,0.967,0.9647,0.9623,0.9596,0.9569,0.9539,0.9507,0.9473,0.9438,0.94,0.9361,0.9319,0.9276,0.923,0.9182,0.913,0.9076,0.9019,0.8961,0.8899,0.8836,0.877,0.8702,0.863,0.8556,0.8478,0.8399,0.8315,0.823,0.8144,0.8056,0.7964,0.7869,0.7771,0.7672,0.7569,0.7465,0.7362,0.7257,0.715,0.7041,0.693,0.6817,0.6703,0.6589,0.6478,0.6367,0.6257,0.6146,0.6034,0.5923,0.5814,0.5705,0.5603,0.5502,0.5405,0.5308,0.5214,0.5122,0.5034,0.4948,0.4869,0.4795,0.4726,0.4661,0.4601,0.4545,0.4494,0.4449,0.441,0.4378,0.4352,0.4332,0.4318,0.431,0.4309,0.4313,0.4324,0.4342,0.4365,0.4395,0.4432,0.4475,0.4524,0.458,0.464,0.4705,0.4775,0.4849,0.4931,0.5018,0.511,0.5206,0.5306,0.5406,0.5509,0.5614,0.5724,0.5838,0.5954,0.6071,0.6191,0.6308,0.6424,0.6539,0.6657,0.6775,0.6894,0.7012,0.713,0.7242,0.7352,0.746,0.7568,0.7674,0.7779,0.7881,0.7982,0.8078,0.8168,0.8257,0.8344,0.843,0.8513,0.8593,0.8669,0.8743,0.8811,0.8879,0.8943,0.9007,0.9067,0.9124,0.9177,0.9228,0.9274,0.932,0.9365,0.9409,0.945,0.9489,0.9524,0.9557,0.9588,0.9618,0.9647,0.9676,0.9702,0.9726,0.9747,0.9767,0.9785,0.9803,0.982,0.9838,0.9853,0.9866,0.9878,0.9888,0.9898,0.9908,0.9918,0.9928,0.9937,0.9943,0.9949,0.9954,0.9959,0.9964,0.9969,0.9974,0.9978,0.998,0.9983,0.9985,0.9987,0.9989,0.9992,0.9994,0.9996,0.9997,0.9997,0.9997,0.9998,0.9998,0.9999,1.0,1.0,0.9999,0.9998,0.9997,0.9998,0.9998,0.9998,0.9999,0.9998,0.9998,0.9997,0.9997,0.9997,0.9997,0.9995,0.9994,0.9993,0.9992,0.9991,0.9991,0.9992,0.9993,0.9993,0.9992,0.9992,0.9991,0.9991,0.9991,0.9992,0.9994,0.9994,0.9994,0.9993,0.9993,0.9992,0.9992,0.9993
113.30829199787428,7.045796727986499,-63.267252771138374,-55.93097209305256,84.5500289161005,56.559337522152084,r.HARPN.2018-07-26T09-05-09.732_S1D_A.fits,S1D_spectra/sun_harpsN/2018-07-26/r.HARPN.2018-07-26T09-05-09.732_S1D_A.fits,Sun,2018-07-26T09:05:09.732,58325.3785763886,0.529360906891878,31.9999999766254,211525,0.9945,0.9946,0.9947,0.9948,0.9948,0.9947,0.9946,0.9944,0.9944,0.9944,0.9946,0.9947,0.9948,0.9948,0.9948,0.9947,0.9946,0.9947,0.9948,0.9949,0.995,0.995,0.9951,0.9951,0.995,0.995,0.9951,0.9952,0.9953,0.9953,0.9954,0.9954,0.9953,0.9952,0.9952,0.9952,0.9952,0.9952,0.9952,0.995,0.9948,0.9946,0.9944,0.9943,0.9942,0.9941,0.9941,0.994,0.9939,0.9937,0.9935,0.9933,0.993,0.9927,0.9924,0.992,0.9916,0.9911,0.9905,0.9899,0.9893,0.9886,0.9879,0.9871,0.9862,0.9852,0.9841,0.983,0.9817,0.9804,0.979,0.9775,0.9759,0.9743,0.9724,0.9705,0.9684,0.9663,0.964,0.9616,0.959,0.9562,0.9532,0.9501,0.9466,0.9431,0.9393,0.9354,0.9312,0.927,0.9224,0.9176,0.9125,0.9071,0.9015,0.8957,0.8895,0.8833,0.8767,0.87,0.8628,0.8554,0.8477,0.8398,0.8314,0.823,0.8145,0.8056,0.7965,0.787,0.7772,0.7674,0.7571,0.7467,0.7364,0.7259,0.7153,0.7044,0.6933,0.6822,0.6709,0.6595,0.6485,0.6374,0.6265,0.6154,0.6042,0.5932,0.5823,0.5715,0.5612,0.5512,0.5414,0.5318,0.5224,0.5132,0.5044,0.4959,0.488,0.4806,0.4737,0.4673,0.4612,0.4557,0.4506,0.4461,0.4422,0.439,0.4364,0.4343,0.4329,0.4322,0.432,0.4325,0.4336,0.4353,0.4377,0.4406,0.4443,0.4487,0.4536,0.4592,0.4653,0.4717,0.4787,0.4861,0.4942,0.5029,0.512,0.5216,0.5315,0.5415,0.5518,0.5622,0.5732,0.5845,0.5961,0.6078,0.6197,0.6313,0.6429,0.6544,0.6661,0.678,0.6898,0.7015,0.7132,0.7244,0.7354,0.7461,0.7569,0.7675,0.778,0.7881,0.7982,0.8077,0.8168,0.8257,0.8343,0.8428,0.851,0.8589,0.8665,0.8738,0.8806,0.8873,0.8937,0.9001,0.9062,0.9119,0.9172,0.9223,0.9269,0.9315,0.9359,0.9403,0.9443,0.9481,0.9516,0.9548,0.9579,0.9609,0.9639,0.9668,0.9695,0.9719,0.9741,0.9761,0.978,0.9798,0.9816,0.9834,0.9849,0.9863,0.9874,0.9885,0.9894,0.9904,0.9914,0.9924,0.9932,0.9939,0.9945,0.995,0.9955,0.996,0.9966,0.9971,0.9976,0.9979,0.9981,0.9984,0.9986,0.9988,0.999,0.9992,0.9994,0.9994,0.9995,0.9995,0.9996,0.9997,0.9998,0.9999,0.9999,0.9999,0.9999,0.9999,1.0,1.0,1.0,0.9999,0.9999,0.9997,0.9995,0.9995,0.9995,0.9995,0.9994,0.9994,0.9993,0.9992,0.9991,0.9991,0.9992,0.9993,0.9993,0.9992,0.9992,0.9991,0.9991,0.9991,0.9992,0.9994,0.9994,0.9994,0.9993,0.9993,0.9992,0.9993,0.9993
113.84482893702739,7.037731904151365,-64.30862404489267,-56.37302208216891,69.98429149360163,56.65167406542005,r.HARPN.2018-07-27T10-10-29.173_S1D_A.fits,S1D_spectra/sun_harpsN/2018-07-27/r.HARPN.2018-07-27T10-10-29.173_S1D_A.fits,Sun,2018-07-27T10:10:29.173,58326.4239467592,0.472358986098822,31.9999999782783,211524,0.9941,0.9943,0.9945,0.9947,0.9947,0.9946,0.9945,0.9943,0.9942,0.9943,0.9944,0.9945,0.9945,0.9945,0.9945,0.9944,0.9943,0.9944,0.9945,0.9946,0.9947,0.9947,0.9947,0.9947,0.9946,0.9946,0.9947,0.9948,0.9949,0.9949,0.995,0.995,0.9949,0.9949,0.9949,0.9949,0.9949,0.9949,0.9949,0.9948,0.9947,0.9945,0.9944,0.9943,0.9942,0.9941,0.994,0.9939,0.9938,0.9935,0.9933,0.993,0.9927,0.9924,0.992,0.9916,0.9911,0.9906,0.9901,0.9895,0.9889,0.9882,0.9876,0.9868,0.986,0.9851,0.9841,0.983,0.9818,0.9805,0.9792,0.9778,0.9762,0.9745,0.9727,0.9707,0.9686,0.9665,0.9642,0.9617,0.9591,0.9563,0.9533,0.9502,0.9468,0.9432,0.9395,0.9355,0.9313,0.9271,0.9225,0.9178,0.9127,0.9073,0.9017,0.8959,0.8897,0.8835,0.8769,0.8701,0.8629,0.8555,0.8478,0.8398,0.8315,0.823,0.8144,0.8056,0.7964,0.7868,0.7771,0.7671,0.7568,0.7465,0.7362,0.7257,0.7151,0.7042,0.6931,0.682,0.6707,0.6593,0.6483,0.6373,0.6263,0.6152,0.6041,0.5929,0.582,0.571,0.5607,0.5506,0.5408,0.5311,0.5217,0.5126,0.5038,0.4953,0.4875,0.4801,0.4732,0.4666,0.4606,0.455,0.4499,0.4453,0.4414,0.4382,0.4355,0.4335,0.4321,0.4313,0.4311,0.4316,0.4327,0.4344,0.4368,0.4397,0.4434,0.4477,0.4527,0.4582,0.4643,0.4707,0.4777,0.4852,0.4934,0.5021,0.5113,0.521,0.531,0.541,0.5513,0.5618,0.5728,0.5841,0.5957,0.6074,0.6192,0.6308,0.6423,0.6538,0.6655,0.6773,0.6892,0.7009,0.7127,0.724,0.735,0.7458,0.7565,0.7672,0.7777,0.7879,0.7979,0.8075,0.8166,0.8255,0.8343,0.8429,0.8512,0.8592,0.8668,0.8741,0.8809,0.8876,0.894,0.9003,0.9063,0.912,0.9173,0.9225,0.9272,0.9318,0.9363,0.9407,0.9449,0.9487,0.9522,0.9555,0.9586,0.9616,0.9645,0.9674,0.9701,0.9725,0.9746,0.9766,0.9784,0.9802,0.9819,0.9837,0.9852,0.9865,0.9877,0.9888,0.9897,0.9907,0.9917,0.9926,0.9935,0.9941,0.9947,0.9952,0.9957,0.9962,0.9967,0.9972,0.9977,0.998,0.9983,0.9985,0.9987,0.9989,0.9992,0.9994,0.9996,0.9997,0.9997,0.9997,0.9998,0.9998,0.9999,1.0,1.0,0.9999,0.9997,0.9996,0.9997,0.9996,0.9996,0.9996,0.9995,0.9994,0.9994,0.9994,0.9995,0.9995,0.9994,0.9993,0.9992,0.999,0.9989,0.9989,0.999,0.9991,0.9991,0.9991,0.999,0.999,0.9989,0.9989,0.9989,0.999,0.9989,0.9988,0.9987,0.9986,0.9987,0.9987,0.9988
114.40096138095377,7.045298035482911,-63.807103207984746,-56.486666574120534,86.46486818568694,56.55127731544498,r.HARPN.2018-07-28T09-01-00.446_S1D_A.fits,S1D_spectra/sun_harpsN/2018-07-28/r.HARPN.2018-07-28T09-01-00.446_S1D_A.fits,Sun,2018-07-28T09:01:00.446,58327.3756944444,0.544865275659621,31.9999999763705,211525,0.9948,0.9949,0.995,0.9951,0.9951,0.995,0.9949,0.9949,0.9948,0.9949,0.9951,0.9952,0.9952,0.9953,0.9953,0.9952,0.9952,0.9953,0.9954,0.9955,0.9956,0.9956,0.9956,0.9955,0.9954,0.9953,0.9954,0.9954,0.9955,0.9955,0.9956,0.9956,0.9955,0.9954,0.9954,0.9954,0.9954,0.9954,0.9953,0.9952,0.995,0.9949,0.9947,0.9947,0.9946,0.9945,0.9944,0.9944,0.9942,0.9939,0.9936,0.9933,0.993,0.9926,0.9923,0.9919,0.9914,0.991,0.9904,0.9899,0.9893,0.9886,0.9879,0.9872,0.9863,0.9854,0.9843,0.9832,0.982,0.9807,0.9794,0.9779,0.9763,0.9746,0.9728,0.9708,0.9687,0.9665,0.9642,0.9618,0.9592,0.9565,0.9536,0.9505,0.9471,0.9436,0.9399,0.936,0.9317,0.9274,0.9228,0.918,0.9128,0.9074,0.9018,0.8961,0.8899,0.8837,0.8771,0.8704,0.8632,0.8557,0.848,0.8401,0.8317,0.8233,0.8148,0.806,0.7968,0.7873,0.7776,0.7677,0.7574,0.747,0.7367,0.7262,0.7156,0.7047,0.6937,0.6825,0.6712,0.6599,0.6489,0.6379,0.6269,0.6158,0.6047,0.5936,0.5827,0.5719,0.5616,0.5515,0.5418,0.5321,0.5227,0.5136,0.5048,0.4963,0.4884,0.481,0.4741,0.4677,0.4616,0.456,0.451,0.4464,0.4425,0.4393,0.4366,0.4346,0.4332,0.4324,0.4322,0.4326,0.4337,0.4354,0.4377,0.4407,0.4444,0.4487,0.4536,0.4592,0.4653,0.4718,0.4788,0.4863,0.4944,0.5031,0.5122,0.5217,0.5317,0.5416,0.5519,0.5624,0.5733,0.5847,0.5962,0.6079,0.6199,0.6315,0.643,0.6546,0.6663,0.6782,0.69,0.7017,0.7134,0.7246,0.7355,0.7463,0.7569,0.7676,0.778,0.7881,0.7981,0.8077,0.8168,0.8257,0.8344,0.843,0.8513,0.8592,0.8669,0.8742,0.8809,0.8876,0.8941,0.9004,0.9065,0.9122,0.9175,0.9226,0.9273,0.9319,0.9363,0.9406,0.9447,0.9485,0.9519,0.9552,0.9583,0.9613,0.9642,0.9671,0.9698,0.9722,0.9743,0.9763,0.9782,0.98,0.9818,0.9836,0.9852,0.9866,0.9878,0.9889,0.9899,0.9909,0.9919,0.9929,0.9938,0.9944,0.995,0.9955,0.996,0.9965,0.997,0.9975,0.9979,0.9982,0.9984,0.9986,0.9988,0.999,0.9993,0.9995,0.9997,0.9997,0.9997,0.9998,0.9998,0.9999,1.0,1.0,1.0,0.9999,0.9998,0.9998,0.9999,0.9999,0.9999,1.0,0.9999,0.9999,0.9998,0.9998,0.9998,0.9999,0.9998,0.9999,0.9998,0.9998,0.9997,0.9997,0.9998,0.9999,0.9998,0.9998,0.9997,0.9996,0.9995,0.9996,0.9997,0.9998,0.9998,0.9997,0.9996,0.9996,0.9995,0.9995,0.9996
114.41752234458862,7.03934738296956,-63.81691949953268,-56.543379496139636,72.73685493226975,56.679723191807255,r.HARPN.2018-07-29T10-05-42.667_S1D_A.fits,S1D_spectra/sun_harpsN/2018-07-29/r.HARPN.2018-07-29T10-05-42.667_S1D_A.fits,Sun,2018-07-29T10:05:42.667,58328.4206249998,0.489871716856086,31.9999999779653,211524,0.9944,0.9946,0.9948,0.995,0.995,0.9949,0.9948,0.9946,0.9945,0.9946,0.9947,0.9948,0.9949,0.9949,0.9949,0.9948,0.9948,0.9949,0.995,0.9951,0.9951,0.9951,0.9951,0.9951,0.995,0.9949,0.995,0.995,0.9951,0.995,0.9951,0.995,0.9949,0.9949,0.9949,0.995,0.9951,0.9952,0.9953,0.9953,0.9952,0.9951,0.995,0.995,0.9949,0.9947,0.9946,0.9944,0.994,0.9937,0.9934,0.993,0.9927,0.9924,0.9922,0.9918,0.9914,0.9909,0.9904,0.9898,0.9891,0.9885,0.9878,0.987,0.9861,0.9852,0.9843,0.9832,0.982,0.9808,0.9795,0.978,0.9764,0.9748,0.973,0.971,0.9689,0.9667,0.9644,0.9619,0.9592,0.9565,0.9535,0.9504,0.9469,0.9434,0.9396,0.9357,0.9314,0.9272,0.9226,0.9179,0.9128,0.9075,0.9019,0.8962,0.89,0.8838,0.8772,0.8704,0.8632,0.8557,0.848,0.84,0.8316,0.8232,0.8145,0.8057,0.7965,0.787,0.7772,0.7673,0.757,0.7466,0.7363,0.7258,0.7151,0.7041,0.693,0.6818,0.6704,0.659,0.648,0.6369,0.626,0.6148,0.6038,0.5927,0.5818,0.5709,0.5606,0.5505,0.5408,0.5311,0.5217,0.5125,0.5037,0.4952,0.4873,0.48,0.4731,0.4666,0.4605,0.4549,0.4498,0.4451,0.4412,0.4379,0.4353,0.4332,0.4319,0.4311,0.4309,0.4314,0.4325,0.4342,0.4366,0.4395,0.4432,0.4476,0.4525,0.4581,0.4642,0.4707,0.4777,0.4851,0.4932,0.5019,0.511,0.5206,0.5306,0.5406,0.5509,0.5613,0.5723,0.5836,0.5952,0.607,0.6189,0.6306,0.6422,0.6537,0.6654,0.6773,0.6892,0.701,0.7129,0.7242,0.7352,0.746,0.7567,0.7674,0.7779,0.7881,0.7981,0.8077,0.8167,0.8256,0.8343,0.8429,0.8512,0.8591,0.8667,0.874,0.8807,0.8874,0.8939,0.9003,0.9063,0.9121,0.9174,0.9226,0.9273,0.9319,0.9363,0.9406,0.9447,0.9485,0.9519,0.9553,0.9583,0.9613,0.9643,0.9671,0.9698,0.9721,0.9742,0.9762,0.978,0.9799,0.9816,0.9834,0.985,0.9864,0.9876,0.9887,0.9897,0.9908,0.9918,0.9928,0.9937,0.9944,0.995,0.9955,0.996,0.9965,0.9971,0.9976,0.998,0.9983,0.9985,0.9986,0.9988,0.9989,0.9991,0.9993,0.9995,0.9995,0.9996,0.9997,0.9998,0.9999,1.0,1.0,1.0,0.9999,0.9998,0.9998,0.9999,0.9999,0.9999,0.9999,0.9999,0.9998,0.9997,0.9996,0.9996,0.9996,0.9995,0.9994,0.9993,0.9993,0.9992,0.9992,0.9993,0.9994,0.9994,0.9993,0.9992,0.9992,0.9991,0.9992,0.9993,0.9994,0.9994,0.9993,0.9992,0.9992,0.9991,0.9991,0.9992
114.06750924370449,7.051260582803919,-63.77866249663372,-56.15095323791447,92.62140849809064,56.514178363802635,r.HARPN.2018-07-31T08-48-39.626_S1D_A.fits,S1D_spectra/sun_harpsN/2018-07-30/r.HARPN.2018-07-31T08-48-39.626_S1D_A.fits,Sun,2018-07-31T08:48:39.626,58330.3671180555,0.572094240026051,31.9999999760354,211525,0.9946,0.9947,0.9948,0.9948,0.9948,0.9947,0.9946,0.9945,0.9945,0.9946,0.9948,0.9949,0.9949,0.9949,0.995,0.9949,0.9949,0.9949,0.9951,0.9952,0.9953,0.9953,0.9953,0.9952,0.9951,0.995,0.9951,0.9951,0.9951,0.9952,0.9952,0.9952,0.9951,0.9951,0.9951,0.9951,0.9952,0.9952,0.9952,0.9952,0.9951,0.995,0.9949,0.9948,0.9947,0.9946,0.9945,0.9943,0.9941,0.9937,0.9934,0.9931,0.9927,0.9924,0.992,0.9917,0.9912,0.9907,0.9901,0.9895,0.9889,0.9882,0.9876,0.9869,0.986,0.9851,0.9841,0.983,0.9818,0.9805,0.9791,0.9776,0.976,0.9743,0.9725,0.9705,0.9684,0.9662,0.9638,0.9613,0.9586,0.9559,0.9529,0.9498,0.9464,0.9429,0.9392,0.9353,0.9312,0.9269,0.9223,0.9176,0.9124,0.907,0.9014,0.8957,0.8894,0.8831,0.8766,0.8698,0.8626,0.8552,0.8475,0.8396,0.8313,0.8229,0.8144,0.8056,0.7964,0.7869,0.7771,0.7673,0.757,0.7467,0.7364,0.726,0.7154,0.7045,0.6934,0.6823,0.671,0.6597,0.6487,0.6377,0.6268,0.6157,0.6046,0.5935,0.5826,0.5717,0.5615,0.5514,0.5417,0.5321,0.5227,0.5136,0.5048,0.4963,0.4885,0.4811,0.4743,0.4678,0.4618,0.4562,0.4511,0.4466,0.4427,0.4394,0.4368,0.4347,0.4333,0.4325,0.4324,0.4328,0.4339,0.4356,0.438,0.4409,0.4446,0.4489,0.4539,0.4594,0.4655,0.4719,0.4789,0.4863,0.4944,0.5031,0.5122,0.5218,0.5317,0.5417,0.552,0.5625,0.5735,0.5848,0.5963,0.6079,0.6198,0.6313,0.6428,0.6543,0.6659,0.6778,0.6895,0.7013,0.7131,0.7243,0.7353,0.7461,0.7568,0.7674,0.7778,0.7879,0.7978,0.8073,0.8164,0.8253,0.834,0.8425,0.8508,0.8588,0.8664,0.8737,0.8804,0.8871,0.8935,0.8999,0.9059,0.9116,0.9169,0.922,0.9267,0.9314,0.9359,0.9403,0.9444,0.9482,0.9517,0.9549,0.958,0.9609,0.9638,0.9667,0.9693,0.9717,0.9738,0.9758,0.9777,0.9795,0.9813,0.9831,0.9847,0.9861,0.9873,0.9884,0.9894,0.9904,0.9915,0.9924,0.9933,0.9939,0.9944,0.9949,0.9954,0.9959,0.9965,0.997,0.9974,0.9977,0.998,0.9982,0.9984,0.9986,0.9989,0.9991,0.9992,0.9993,0.9993,0.9994,0.9995,0.9996,0.9997,0.9998,0.9998,0.9998,0.9998,0.9998,1.0,1.0,1.0,1.0,0.9999,0.9998,0.9997,0.9997,0.9997,0.9997,0.9997,0.9997,0.9996,0.9995,0.9994,0.9994,0.9995,0.9996,0.9995,0.9995,0.9994,0.9993,0.9992,0.9993,0.9994,0.9995,0.9995,0.9994,0.9993,0.9993,0.9992,0.9992,0.9993
114.04249766185114,7.044856626021373,-64.50297221747907,-56.83064777346311,88.00183399944028,56.562150707206804,r.HARPN.2018-07-31T09-04-57.718_S1D_A.fits,S1D_spectra/sun_harpsN/2018-07-31/r.HARPN.2018-07-31T09-04-57.718_S1D_A.fits,Sun,2018-07-31T09:04:57.718,58330.3784375,0.560398731990287,31.9999999766056,211525,0.9946,0.9948,0.9949,0.9951,0.9951,0.995,0.995,0.9949,0.9948,0.9949,0.995,0.9951,0.9951,0.995,0.9949,0.9948,0.9948,0.9948,0.9949,0.995,0.9951,0.9951,0.9952,0.9951,0.9951,0.9951,0.9952,0.9953,0.9954,0.9954,0.9955,0.9955,0.9954,0.9953,0.9953,0.9953,0.9953,0.9953,0.9954,0.9953,0.9952,0.995,0.9948,0.9947,0.9946,0.9945,0.9944,0.9942,0.994,0.9937,0.9934,0.9931,0.9928,0.9925,0.9922,0.9918,0.9913,0.9908,0.9902,0.9896,0.9889,0.9881,0.9874,0.9866,0.9858,0.9848,0.9838,0.9827,0.9815,0.9803,0.979,0.9776,0.976,0.9744,0.9726,0.9706,0.9685,0.9664,0.9641,0.9616,0.9589,0.9561,0.9531,0.95,0.9466,0.943,0.9393,0.9354,0.9312,0.927,0.9224,0.9177,0.9125,0.9072,0.9016,0.8958,0.8897,0.8834,0.8769,0.8701,0.863,0.8555,0.8478,0.8399,0.8315,0.8231,0.8145,0.8057,0.7966,0.7871,0.7774,0.7675,0.7572,0.7469,0.7366,0.7262,0.7156,0.7046,0.6935,0.6824,0.671,0.6597,0.6486,0.6375,0.6266,0.6154,0.6044,0.5933,0.5824,0.5716,0.5613,0.5512,0.5415,0.5319,0.5225,0.5134,0.5046,0.4961,0.4883,0.4809,0.474,0.4675,0.4615,0.4559,0.4508,0.4462,0.4423,0.4391,0.4364,0.4344,0.433,0.4322,0.432,0.4325,0.4335,0.4352,0.4376,0.4405,0.4442,0.4485,0.4534,0.4589,0.465,0.4714,0.4783,0.4858,0.4939,0.5027,0.5119,0.5215,0.5315,0.5415,0.5518,0.5623,0.5732,0.5845,0.5961,0.6078,0.6197,0.6313,0.6429,0.6544,0.6661,0.6779,0.6897,0.7014,0.7131,0.7244,0.7353,0.7461,0.7568,0.7675,0.778,0.7881,0.7982,0.8078,0.8168,0.8257,0.8344,0.843,0.8513,0.8592,0.8668,0.8741,0.8809,0.8875,0.8939,0.9003,0.9062,0.9119,0.9172,0.9222,0.9269,0.9315,0.936,0.9404,0.9445,0.9484,0.9519,0.9551,0.9582,0.9611,0.964,0.9668,0.9695,0.9718,0.9739,0.9759,0.9778,0.9796,0.9814,0.9832,0.9848,0.9861,0.9873,0.9884,0.9894,0.9904,0.9915,0.9924,0.9933,0.9939,0.9945,0.9951,0.9956,0.9961,0.9967,0.9972,0.9977,0.998,0.9982,0.9984,0.9986,0.9988,0.9991,0.9993,0.9995,0.9995,0.9996,0.9996,0.9998,0.9998,0.9999,1.0,1.0,0.9999,0.9998,0.9997,0.9998,0.9998,0.9998,0.9998,0.9997,0.9997,0.9996,0.9996,0.9997,0.9997,0.9996,0.9996,0.9996,0.9995,0.9994,0.9994,0.9994,0.9995,0.9994,0.9994,0.9993,0.9992,0.9991,0.9991,0.9992,0.9993,0.9993,0.9992,0.9992,0.9991,0.9991,0.9992,0.9993
113.23306945277903,7.041231275172181,-64.61077142802722,-57.01850003871217,76.23487812651103,56.61192314030674,r.HARPN.2018-08-01T09-28-37.589_S1D_A.fits,S1D_spectra/sun_harpsN/2018-08-01/r.HARPN.2018-08-01T09-28-37.589_S1D_A.fits,Sun,2018-08-01T09:28:37.589,58331.394872685,0.546768206843523,31.9999999774667,211525,0.9946,0.9948,0.9949,0.995,0.995,0.9949,0.9947,0.9946,0.9945,0.9946,0.9947,0.9948,0.9948,0.9948,0.9948,0.9947,0.9947,0.9948,0.9949,0.995,0.9951,0.9951,0.9952,0.9951,0.995,0.995,0.9951,0.9952,0.9952,0.9953,0.9954,0.9954,0.9953,0.9953,0.9953,0.9953,0.9953,0.9953,0.9953,0.9952,0.995,0.9948,0.9946,0.9945,0.9944,0.9943,0.9943,0.9942,0.994,0.9938,0.9935,0.9932,0.993,0.9926,0.9923,0.992,0.9915,0.9911,0.9905,0.9899,0.9892,0.9885,0.9878,0.987,0.9861,0.9852,0.9843,0.9832,0.982,0.9808,0.9795,0.978,0.9765,0.9748,0.9729,0.9709,0.9688,0.9665,0.9642,0.9616,0.9589,0.9562,0.9532,0.9501,0.9467,0.9432,0.9395,0.9356,0.9314,0.9272,0.9225,0.9177,0.9126,0.9072,0.9016,0.8958,0.8896,0.8834,0.8768,0.8701,0.8629,0.8555,0.8478,0.8399,0.8316,0.8232,0.8146,0.8058,0.7967,0.7872,0.7774,0.7675,0.7571,0.7468,0.7365,0.7259,0.7153,0.7043,0.6932,0.6821,0.6707,0.6594,0.6484,0.6374,0.6264,0.6153,0.6042,0.5931,0.5822,0.5713,0.561,0.5509,0.5412,0.5316,0.5222,0.513,0.5042,0.4956,0.4878,0.4803,0.4734,0.4669,0.4609,0.4553,0.4503,0.4457,0.4418,0.4386,0.436,0.434,0.4326,0.4318,0.4317,0.4321,0.4332,0.4349,0.4372,0.4402,0.4438,0.4482,0.4531,0.4587,0.4648,0.4712,0.4782,0.4857,0.4938,0.5025,0.5117,0.5213,0.5313,0.5412,0.5515,0.562,0.573,0.5843,0.5959,0.6076,0.6195,0.6311,0.6427,0.6543,0.666,0.6779,0.6897,0.7014,0.7132,0.7244,0.7353,0.7461,0.7568,0.7675,0.7779,0.7881,0.7982,0.8078,0.8168,0.8258,0.8345,0.8431,0.8514,0.8594,0.867,0.8744,0.8811,0.8878,0.8943,0.9006,0.9066,0.9123,0.9175,0.9226,0.9272,0.9318,0.9363,0.9406,0.9447,0.9485,0.952,0.9553,0.9584,0.9614,0.9643,0.9672,0.9699,0.9723,0.9745,0.9765,0.9784,0.9802,0.982,0.9837,0.9853,0.9866,0.9877,0.9888,0.9897,0.9907,0.9917,0.9927,0.9936,0.9943,0.9949,0.9954,0.9959,0.9964,0.9969,0.9973,0.9977,0.9979,0.9982,0.9984,0.9986,0.9988,0.9991,0.9993,0.9994,0.9995,0.9995,0.9996,0.9997,0.9998,0.9999,0.9999,1.0,1.0,0.9999,0.9999,0.9999,0.9999,0.9999,1.0,0.9999,0.9999,0.9998,0.9997,0.9998,0.9997,0.9996,0.9995,0.9994,0.9993,0.9992,0.9992,0.9994,0.9995,0.9994,0.9994,0.9993,0.9992,0.9991,0.9992,0.9992,0.9993,0.9993,0.9993,0.9992,0.9991,0.9991,0.9991,0.9992
113.673448135532,7.042123758610322,-64.11292134830263,-56.34968152061406,69.43555884590117,56.611021552581455,r.HARPN.2018-08-02T09-38-14.069_S1D_A.fits,S1D_spectra/sun_harpsN/2018-08-02/r.HARPN.2018-08-02T09-38-14.069_S1D_A.fits,Sun,2018-08-02T09:38:14.069,58332.4015509258,0.544243955759617,31.9999999779924,211525,0.9942,0.9943,0.9944,0.9945,0.9944,0.9943,0.9942,0.9941,0.994,0.9942,0.9944,0.9946,0.9947,0.9947,0.9947,0.9946,0.9945,0.9946,0.9947,0.9947,0.9947,0.9947,0.9948,0.9947,0.9947,0.9947,0.9948,0.9948,0.9949,0.9949,0.995,0.995,0.9949,0.9948,0.9948,0.9948,0.9949,0.9949,0.9949,0.9949,0.9947,0.9946,0.9945,0.9944,0.9944,0.9943,0.9942,0.9941,0.9938,0.9936,0.9933,0.993,0.9927,0.9924,0.9921,0.9918,0.9913,0.9909,0.9903,0.9897,0.989,0.9883,0.9876,0.9869,0.986,0.985,0.984,0.9829,0.9816,0.9804,0.979,0.9776,0.976,0.9744,0.9726,0.9707,0.9686,0.9664,0.9641,0.9616,0.9589,0.9561,0.9531,0.95,0.9466,0.9431,0.9393,0.9355,0.9314,0.9271,0.9226,0.9178,0.9127,0.9073,0.9017,0.8959,0.8897,0.8834,0.8768,0.87,0.8628,0.8553,0.8476,0.8397,0.8313,0.8229,0.8143,0.8055,0.7963,0.7869,0.7771,0.7672,0.7569,0.7465,0.7362,0.7258,0.7151,0.7042,0.6931,0.6819,0.6706,0.6593,0.6483,0.6372,0.6262,0.6151,0.604,0.5929,0.582,0.5712,0.5609,0.5508,0.5411,0.5314,0.522,0.5128,0.5041,0.4955,0.4877,0.4803,0.4734,0.467,0.4609,0.4554,0.4503,0.4457,0.4418,0.4386,0.4359,0.4339,0.4325,0.4317,0.4316,0.4321,0.4332,0.4349,0.4372,0.4402,0.4438,0.4482,0.4531,0.4586,0.4647,0.4711,0.4781,0.4855,0.4937,0.5024,0.5116,0.5212,0.5311,0.5411,0.5514,0.5619,0.5728,0.5842,0.5957,0.6074,0.6193,0.6309,0.6425,0.654,0.6657,0.6775,0.6893,0.701,0.7128,0.724,0.735,0.7458,0.7565,0.7672,0.7777,0.7879,0.7979,0.8075,0.8166,0.8255,0.8342,0.8428,0.8511,0.859,0.8666,0.8739,0.8807,0.8874,0.8939,0.9002,0.9063,0.912,0.9174,0.9225,0.9273,0.9319,0.9364,0.9408,0.9449,0.9487,0.9521,0.9554,0.9584,0.9614,0.9643,0.9672,0.9698,0.9721,0.9742,0.9762,0.978,0.9798,0.9815,0.9832,0.9847,0.9861,0.9873,0.9884,0.9894,0.9905,0.9916,0.9926,0.9935,0.9942,0.9948,0.9953,0.9958,0.9963,0.9969,0.9974,0.9978,0.998,0.9982,0.9984,0.9986,0.9988,0.999,0.9992,0.9994,0.9994,0.9995,0.9996,0.9997,0.9998,0.9999,1.0,1.0,1.0,0.9999,0.9998,0.9999,0.9998,0.9998,0.9997,0.9996,0.9995,0.9994,0.9993,0.9994,0.9994,0.9994,0.9994,0.9993,0.9993,0.9991,0.9991,0.9992,0.9992,0.9991,0.9991,0.999,0.999,0.9989,0.999,0.9991,0.9992,0.9993,0.9992,0.9992,0.9991,0.9991,0.9992,0.9993
113.98368008332707,7.04809566206103,-63.25807859728484,-56.05023680987245,87.43897741905185,56.55658953135712,r.HARPN.2018-08-03T09-03-30.856_S1D_A.fits,S1D_spectra/sun_harpsN/2018-08-03/r.HARPN.2018-08-03T09-03-30.856_S1D_A.fits,Sun,2018-08-03T09:03:30.856,58333.3774305554,0.581642718311887,31.9999999776768,211525,0.9946,0.9947,0.9949,0.995,0.9951,0.995,0.9949,0.9948,0.9947,0.9948,0.9949,0.995,0.995,0.995,0.995,0.9949,0.9948,0.9948,0.9949,0.995,0.995,0.995,0.995,0.995,0.9949,0.9949,0.995,0.9951,0.9952,0.9952,0.9953,0.9953,0.9952,0.995,0.995,0.995,0.995,0.995,0.995,0.995,0.9949,0.9948,0.9948,0.9947,0.9946,0.9945,0.9944,0.9943,0.994,0.9938,0.9935,0.9932,0.9929,0.9925,0.9922,0.9918,0.9914,0.9908,0.9902,0.9895,0.9888,0.9881,0.9874,0.9866,0.9857,0.9848,0.9838,0.9828,0.9816,0.9804,0.979,0.9776,0.976,0.9744,0.9726,0.9707,0.9686,0.9664,0.964,0.9615,0.9589,0.9561,0.9531,0.9499,0.9465,0.943,0.9393,0.9354,0.9313,0.927,0.9224,0.9176,0.9125,0.9072,0.9016,0.8958,0.8897,0.8834,0.8769,0.8701,0.863,0.8555,0.8478,0.8399,0.8315,0.8231,0.8145,0.8056,0.7964,0.7869,0.7771,0.7672,0.7569,0.7465,0.7363,0.7258,0.7152,0.7043,0.6933,0.6822,0.6708,0.6595,0.6485,0.6375,0.6265,0.6154,0.6043,0.5933,0.5824,0.5716,0.5613,0.5512,0.5415,0.5318,0.5224,0.5132,0.5044,0.4959,0.488,0.4806,0.4738,0.4673,0.4613,0.4557,0.4507,0.4462,0.4423,0.4391,0.4365,0.4345,0.4332,0.4324,0.4322,0.4326,0.4337,0.4354,0.4377,0.4406,0.4443,0.4486,0.4534,0.459,0.465,0.4715,0.4785,0.4859,0.494,0.5027,0.5119,0.5215,0.5314,0.5414,0.5517,0.5622,0.5731,0.5845,0.5961,0.6078,0.6197,0.6313,0.6428,0.6543,0.666,0.6778,0.6896,0.7013,0.7131,0.7244,0.7353,0.7461,0.7568,0.7675,0.7779,0.788,0.798,0.8075,0.8165,0.8254,0.8341,0.8427,0.851,0.8589,0.8665,0.8738,0.8806,0.8873,0.8937,0.9,0.906,0.9117,0.9169,0.922,0.9267,0.9312,0.9357,0.9401,0.9442,0.9481,0.9515,0.9549,0.9579,0.9609,0.9639,0.9668,0.9694,0.9718,0.9739,0.9759,0.9777,0.9795,0.9813,0.9831,0.9847,0.986,0.9872,0.9883,0.9894,0.9904,0.9914,0.9924,0.9932,0.9939,0.9945,0.995,0.9955,0.996,0.9965,0.997,0.9975,0.9978,0.9981,0.9983,0.9986,0.9989,0.9992,0.9995,0.9996,0.9997,0.9997,0.9998,0.9998,0.9999,1.0,1.0,1.0,0.9999,0.9998,0.9998,0.9999,0.9999,0.9999,0.9999,0.9998,0.9998,0.9996,0.9996,0.9997,0.9997,0.9997,0.9996,0.9996,0.9995,0.9994,0.9995,0.9995,0.9996,0.9996,0.9995,0.9994,0.9994,0.9993,0.9994,0.9995,0.9996,0.9996,0.9996,0.9995,0.9994,0.9993,0.9992,0.9993
115.16660974361275,7.038892135551428,-63.256433465750256,-55.84805647736798,66.45634445251657,56.6861674638166,r.HARPN.2018-08-05T10-39-50.928_S1D_A.fits,S1D_spectra/sun_harpsN/2018-08-05/r.HARPN.2018-08-05T10-39-50.928_S1D_A.fits,Sun,2018-08-05T10:39:50.928,58335.4443287035,0.494803198784281,31.9999999802125,211524,0.9944,0.9945,0.9946,0.9946,0.9945,0.9944,0.9943,0.9942,0.9942,0.9943,0.9945,0.9946,0.9947,0.9946,0.9946,0.9944,0.9943,0.9944,0.9945,0.9946,0.9947,0.9948,0.9949,0.9949,0.9948,0.9948,0.9949,0.995,0.9951,0.9952,0.9952,0.9952,0.9951,0.995,0.995,0.995,0.995,0.9951,0.9951,0.9951,0.995,0.9949,0.9948,0.9947,0.9946,0.9945,0.9944,0.9944,0.9942,0.994,0.9937,0.9934,0.9931,0.9928,0.9924,0.992,0.9916,0.9911,0.9905,0.99,0.9894,0.9887,0.988,0.9873,0.9864,0.9855,0.9845,0.9834,0.9822,0.981,0.9797,0.9782,0.9766,0.975,0.9731,0.9711,0.969,0.9668,0.9645,0.962,0.9593,0.9565,0.9535,0.9504,0.947,0.9435,0.9397,0.9358,0.9316,0.9273,0.9227,0.918,0.9128,0.9075,0.9018,0.896,0.8898,0.8835,0.8769,0.8701,0.8629,0.8554,0.8477,0.8399,0.8316,0.8232,0.8146,0.8058,0.7966,0.7871,0.7773,0.7674,0.757,0.7466,0.7363,0.7258,0.7151,0.7042,0.6931,0.6819,0.6705,0.6591,0.6481,0.6369,0.6259,0.6147,0.6036,0.5925,0.5816,0.5708,0.5605,0.5505,0.5408,0.5311,0.5217,0.5126,0.5038,0.4952,0.4873,0.4799,0.473,0.4665,0.4604,0.4549,0.4498,0.4453,0.4414,0.4381,0.4355,0.4334,0.432,0.4311,0.4309,0.4313,0.4324,0.4341,0.4364,0.4394,0.4431,0.4474,0.4523,0.4579,0.4639,0.4704,0.4774,0.4848,0.493,0.5017,0.5109,0.5205,0.5305,0.5405,0.5508,0.5613,0.5723,0.5836,0.5952,0.6069,0.6189,0.6305,0.6421,0.6536,0.6653,0.6772,0.6891,0.7009,0.7127,0.724,0.735,0.7457,0.7564,0.7671,0.7775,0.7877,0.7977,0.8073,0.8164,0.8253,0.8341,0.8427,0.851,0.859,0.8666,0.874,0.8808,0.8875,0.8939,0.9003,0.9063,0.912,0.9173,0.9224,0.9271,0.9318,0.9363,0.9407,0.9449,0.9487,0.9522,0.9555,0.9586,0.9615,0.9644,0.9672,0.9698,0.9721,0.9742,0.9761,0.9779,0.9797,0.9815,0.9833,0.9849,0.9863,0.9876,0.9887,0.9897,0.9908,0.9917,0.9927,0.9936,0.9942,0.9948,0.9953,0.9958,0.9963,0.9968,0.9973,0.9977,0.9979,0.9981,0.9983,0.9985,0.9987,0.9989,0.9992,0.9993,0.9994,0.9995,0.9995,0.9997,0.9998,0.9999,1.0,1.0,0.9999,0.9998,0.9997,0.9998,0.9998,0.9997,0.9997,0.9997,0.9996,0.9994,0.9994,0.9995,0.9995,0.9995,0.9995,0.9995,0.9994,0.9993,0.9993,0.9994,0.9994,0.9993,0.9992,0.9991,0.999,0.9989,0.999,0.9991,0.9993,0.9993,0.9993,0.9992,0.9992,0.9991,0.9991,0.9992
115.21221360682726,7.04793377330929,-64.72051017641502,-56.86709538948964,81.04775501893438,56.54416135928862,r.HARPN.2018-08-06T09-11-07.042_S1D_A.fits,S1D_spectra/sun_harpsN/2018-08-06/r.HARPN.2018-08-06T09-11-07.042_S1D_A.fits,Sun,2018-08-06T09:11:07.042,58336.3827199074,0.599077145199667,31.999999980431,211525,0.9948,0.9949,0.995,0.9951,0.995,0.9949,0.9947,0.9945,0.9945,0.9946,0.9947,0.9948,0.9949,0.9949,0.9948,0.9948,0.9947,0.9947,0.9949,0.995,0.9951,0.9951,0.9952,0.9951,0.995,0.995,0.995,0.995,0.995,0.995,0.9951,0.995,0.9949,0.9949,0.9949,0.9949,0.9949,0.9948,0.9948,0.9948,0.9947,0.9946,0.9945,0.9944,0.9944,0.9944,0.9943,0.9942,0.994,0.9937,0.9934,0.9932,0.9929,0.9925,0.9922,0.9919,0.9914,0.9909,0.9904,0.9898,0.9891,0.9884,0.9877,0.9868,0.9859,0.9849,0.9839,0.9827,0.9815,0.9803,0.979,0.9776,0.9761,0.9745,0.9727,0.9708,0.9688,0.9666,0.9643,0.9618,0.9591,0.9563,0.9533,0.9501,0.9467,0.9431,0.9393,0.9354,0.9312,0.9269,0.9223,0.9175,0.9124,0.907,0.9015,0.8957,0.8895,0.8832,0.8767,0.8699,0.8627,0.8553,0.8476,0.8398,0.8315,0.8231,0.8145,0.8058,0.7966,0.7871,0.7774,0.7675,0.7572,0.7469,0.7366,0.7262,0.7155,0.7046,0.6935,0.6824,0.6711,0.6598,0.6488,0.6378,0.6269,0.6158,0.6046,0.5936,0.5827,0.5718,0.5616,0.5515,0.5417,0.532,0.5226,0.5134,0.5047,0.4961,0.4883,0.4809,0.4741,0.4676,0.4616,0.456,0.451,0.4464,0.4425,0.4393,0.4366,0.4346,0.4332,0.4323,0.4322,0.4326,0.4337,0.4355,0.4378,0.4408,0.4444,0.4488,0.4537,0.4592,0.4653,0.4717,0.4787,0.4861,0.4942,0.5029,0.512,0.5215,0.5315,0.5414,0.5516,0.562,0.573,0.5843,0.5958,0.6075,0.6194,0.631,0.6425,0.6541,0.6658,0.6776,0.6894,0.7011,0.7129,0.7241,0.735,0.7458,0.7565,0.7671,0.7776,0.7878,0.7978,0.8074,0.8164,0.8254,0.8341,0.8427,0.851,0.8589,0.8665,0.8739,0.8807,0.8874,0.8938,0.9002,0.9062,0.9119,0.9172,0.9223,0.927,0.9316,0.9361,0.9405,0.9446,0.9484,0.9519,0.9552,0.9582,0.9612,0.9642,0.967,0.9697,0.9721,0.9742,0.9762,0.978,0.9798,0.9815,0.9833,0.9848,0.9862,0.9873,0.9884,0.9894,0.9904,0.9914,0.9924,0.9933,0.994,0.9946,0.9952,0.9957,0.9963,0.9968,0.9973,0.9977,0.998,0.9981,0.9983,0.9985,0.9987,0.999,0.9992,0.9993,0.9994,0.9994,0.9995,0.9995,0.9996,0.9997,0.9998,0.9999,0.9998,0.9997,0.9997,0.9998,0.9998,0.9998,0.9998,0.9998,0.9997,0.9997,0.9997,0.9999,1.0,1.0,1.0,0.9999,0.9999,0.9997,0.9997,0.9997,0.9997,0.9996,0.9996,0.9995,0.9995,0.9994,0.9995,0.9995,0.9996,0.9996,0.9995,0.9993,0.9992,0.9992,0.9992,0.9993
115.47445410340798,7.047505291913318,-63.671571222305396,-56.33000719677784,81.88331874010305,56.519628078358764,r.HARPN.2018-08-07T10-07-55.674_S1D_A.fits,S1D_spectra/sun_harpsN/2018-08-07/r.HARPN.2018-08-07T10-07-55.674_S1D_A.fits,Sun,2018-08-07T10:07:55.674,58337.4221643517,0.55123955586351,31.9999999822021,211525,0.9944,0.9945,0.9946,0.9947,0.9946,0.9945,0.9943,0.9941,0.994,0.9941,0.9942,0.9944,0.9944,0.9944,0.9945,0.9944,0.9944,0.9946,0.9947,0.9949,0.995,0.995,0.9951,0.995,0.9949,0.9949,0.9949,0.995,0.995,0.995,0.995,0.995,0.9949,0.9947,0.9947,0.9947,0.9947,0.9946,0.9946,0.9946,0.9945,0.9944,0.9943,0.9942,0.9941,0.994,0.9939,0.9937,0.9935,0.9932,0.9929,0.9926,0.9923,0.9919,0.9916,0.9913,0.9909,0.9904,0.9899,0.9893,0.9887,0.988,0.9873,0.9866,0.9857,0.9848,0.9838,0.9827,0.9815,0.9803,0.9789,0.9774,0.9758,0.9741,0.9723,0.9703,0.9682,0.966,0.9638,0.9614,0.9588,0.956,0.953,0.9498,0.9464,0.9429,0.9391,0.9353,0.9311,0.9268,0.9223,0.9175,0.9124,0.907,0.9014,0.8957,0.8895,0.8833,0.8768,0.87,0.8629,0.8554,0.8477,0.8398,0.8315,0.8231,0.8145,0.8057,0.7965,0.787,0.7773,0.7674,0.7571,0.7467,0.7364,0.726,0.7154,0.7045,0.6934,0.6823,0.671,0.6597,0.6488,0.6377,0.6268,0.6156,0.6045,0.5935,0.5826,0.5718,0.5616,0.5515,0.5418,0.5321,0.5227,0.5136,0.5048,0.4963,0.4885,0.4811,0.4742,0.4677,0.4617,0.4561,0.451,0.4465,0.4426,0.4393,0.4367,0.4347,0.4333,0.4325,0.4323,0.4328,0.4339,0.4356,0.4379,0.4409,0.4446,0.4489,0.4538,0.4593,0.4653,0.4718,0.4787,0.4861,0.4942,0.5029,0.512,0.5215,0.5315,0.5414,0.5517,0.5621,0.573,0.5843,0.5959,0.6075,0.6194,0.631,0.6425,0.654,0.6657,0.6776,0.6894,0.7012,0.7129,0.7242,0.7351,0.7459,0.7566,0.7672,0.7776,0.7877,0.7977,0.8073,0.8163,0.8253,0.8339,0.8425,0.8507,0.8586,0.8662,0.8734,0.8802,0.8869,0.8933,0.8997,0.9057,0.9115,0.9167,0.9218,0.9265,0.9311,0.9356,0.94,0.9441,0.9479,0.9514,0.9548,0.9579,0.9609,0.9639,0.9668,0.9694,0.9718,0.9739,0.9759,0.9777,0.9794,0.9812,0.9829,0.9845,0.9859,0.9871,0.9882,0.9893,0.9904,0.9914,0.9924,0.9933,0.994,0.9945,0.995,0.9954,0.9959,0.9964,0.9969,0.9973,0.9976,0.9979,0.9982,0.9984,0.9987,0.999,0.9992,0.9994,0.9994,0.9995,0.9995,0.9996,0.9997,0.9999,1.0,1.0,0.9999,0.9998,0.9998,0.9998,0.9997,0.9996,0.9995,0.9994,0.9992,0.9991,0.9991,0.9992,0.9993,0.9993,0.9993,0.9993,0.9992,0.9992,0.9992,0.9992,0.9993,0.9992,0.9991,0.999,0.9989,0.9989,0.9989,0.999,0.9991,0.9991,0.999,0.9989,0.9989,0.9989,0.9989,0.999
115.74995808274065,7.044130215000101,-62.533710185677634,-55.150824397506376,92.90372615465711,56.547837506025424,r.HARPN.2018-08-08T09-04-55.341_S1D_A.fits,S1D_spectra/sun_harpsN/2018-08-08/r.HARPN.2018-08-08T09-04-55.341_S1D_A.fits,Sun,2018-08-08T09:04:55.341,58338.3784143515,0.622124229642761,31.9999999826916,211524,0.9945,0.9947,0.9948,0.9949,0.9949,0.9949,0.9948,0.9947,0.9947,0.9948,0.9949,0.995,0.995,0.9949,0.9949,0.9948,0.9947,0.9948,0.9949,0.995,0.9951,0.995,0.9951,0.995,0.9949,0.9949,0.995,0.9951,0.9952,0.9953,0.9953,0.9953,0.9952,0.9951,0.9951,0.9951,0.9951,0.9951,0.9951,0.9951,0.9949,0.9948,0.9947,0.9947,0.9946,0.9945,0.9944,0.9943,0.9941,0.9939,0.9936,0.9933,0.993,0.9926,0.9923,0.9919,0.9913,0.9908,0.9902,0.9896,0.989,0.9883,0.9877,0.987,0.9861,0.9853,0.9843,0.9832,0.982,0.9807,0.9794,0.978,0.9764,0.9748,0.973,0.9711,0.9689,0.9667,0.9643,0.9618,0.9591,0.9563,0.9532,0.9501,0.9467,0.9432,0.9395,0.9356,0.9314,0.9271,0.9225,0.9177,0.9126,0.9072,0.9016,0.8959,0.8897,0.8835,0.8771,0.8703,0.8632,0.8557,0.8481,0.8402,0.8318,0.8235,0.8149,0.8061,0.7969,0.7874,0.7777,0.7678,0.7575,0.7472,0.7369,0.7265,0.7158,0.7049,0.6938,0.6827,0.6714,0.6601,0.649,0.638,0.627,0.6159,0.6047,0.5936,0.5827,0.5719,0.5616,0.5515,0.5417,0.5321,0.5227,0.5135,0.5047,0.4962,0.4883,0.481,0.4741,0.4676,0.4616,0.456,0.451,0.4464,0.4425,0.4392,0.4365,0.4344,0.433,0.4322,0.432,0.4325,0.4336,0.4353,0.4376,0.4406,0.4442,0.4485,0.4535,0.459,0.4651,0.4716,0.4786,0.4861,0.4942,0.5029,0.5121,0.5217,0.5316,0.5416,0.5519,0.5623,0.5732,0.5846,0.5962,0.6078,0.6197,0.6313,0.6429,0.6544,0.6661,0.6779,0.6897,0.7014,0.7131,0.7244,0.7353,0.7461,0.7568,0.7675,0.7779,0.7881,0.7981,0.8077,0.8167,0.8256,0.8342,0.8427,0.8509,0.8588,0.8663,0.8736,0.8804,0.8871,0.8936,0.9,0.9061,0.9118,0.9171,0.9223,0.927,0.9316,0.9361,0.9404,0.9445,0.9483,0.9518,0.955,0.958,0.961,0.9638,0.9667,0.9693,0.9717,0.9738,0.9757,0.9776,0.9794,0.9812,0.983,0.9846,0.9859,0.9872,0.9883,0.9893,0.9903,0.9913,0.9923,0.9932,0.9939,0.9945,0.995,0.9955,0.996,0.9966,0.9971,0.9976,0.9979,0.9982,0.9984,0.9987,0.999,0.9993,0.9995,0.9997,0.9998,0.9998,0.9999,0.9999,0.9999,1.0,1.0,1.0,0.9999,0.9998,0.9998,0.9999,0.9999,0.9999,0.9999,0.9998,0.9997,0.9996,0.9995,0.9996,0.9996,0.9995,0.9995,0.9994,0.9994,0.9993,0.9993,0.9994,0.9994,0.9993,0.9993,0.9993,0.9992,0.9992,0.9993,0.9994,0.9996,0.9996,0.9996,0.9995,0.9994,0.9993,0.9993,0.9993
114.86645760293833,7.037118006443882,-62.933774536624355,-55.61069942842993,61.29317958317071,56.66570701189506,r.HARPN.2018-08-09T11-12-03.168_S1D_A.fits,S1D_spectra/sun_harpsN/2018-08-09/r.HARPN.2018-08-09T11-12-03.168_S1D_A.fits,Sun,2018-08-09T11:12:03.168,58339.4667013888,0.48510256972456,31.9999999840159,211524,0.9939,0.994,0.9942,0.9943,0.9943,0.9942,0.9941,0.9941,0.9941,0.9942,0.9944,0.9946,0.9946,0.9946,0.9946,0.9945,0.9945,0.9945,0.9946,0.9946,0.9947,0.9947,0.9947,0.9946,0.9946,0.9945,0.9946,0.9947,0.9948,0.9949,0.9949,0.9949,0.9949,0.9948,0.9948,0.9948,0.9949,0.9948,0.9948,0.9948,0.9946,0.9945,0.9944,0.9943,0.9942,0.9942,0.9941,0.994,0.9938,0.9936,0.9934,0.9932,0.993,0.9927,0.9924,0.9921,0.9917,0.9912,0.9907,0.9901,0.9894,0.9887,0.988,0.9872,0.9863,0.9853,0.9842,0.9831,0.9818,0.9806,0.9793,0.9778,0.9763,0.9747,0.973,0.9711,0.969,0.9669,0.9646,0.9621,0.9594,0.9566,0.9536,0.9505,0.9471,0.9435,0.9398,0.9358,0.9316,0.9273,0.9227,0.918,0.9128,0.9075,0.9019,0.8962,0.8901,0.8838,0.8773,0.8705,0.8633,0.8558,0.848,0.8401,0.8317,0.8232,0.8146,0.8057,0.7965,0.787,0.7773,0.7673,0.757,0.7466,0.7364,0.7259,0.7153,0.7044,0.6933,0.682,0.6707,0.6593,0.6483,0.6372,0.6262,0.6151,0.6039,0.5928,0.5819,0.571,0.5607,0.5506,0.5408,0.5312,0.5217,0.5126,0.5038,0.4953,0.4874,0.48,0.4731,0.4665,0.4605,0.4549,0.4498,0.4452,0.4414,0.4381,0.4355,0.4335,0.4321,0.4313,0.4312,0.4316,0.4327,0.4345,0.4368,0.4398,0.4435,0.4478,0.4527,0.4582,0.4643,0.4707,0.4777,0.4851,0.4932,0.5019,0.5111,0.5207,0.5307,0.5407,0.551,0.5615,0.5725,0.5838,0.5954,0.6071,0.619,0.6306,0.6422,0.6538,0.6656,0.6775,0.6893,0.7011,0.7129,0.7241,0.7351,0.7458,0.7565,0.7671,0.7776,0.7878,0.7979,0.8075,0.8166,0.8256,0.8343,0.8428,0.8511,0.859,0.8666,0.8739,0.8807,0.8874,0.8939,0.9003,0.9063,0.9121,0.9174,0.9226,0.9273,0.9319,0.9364,0.9408,0.9449,0.9487,0.9522,0.9555,0.9586,0.9615,0.9644,0.9673,0.9699,0.9722,0.9743,0.9763,0.9781,0.9799,0.9817,0.9834,0.985,0.9864,0.9876,0.9887,0.9897,0.9908,0.9919,0.9929,0.9937,0.9944,0.995,0.9955,0.9961,0.9966,0.9972,0.9977,0.9981,0.9984,0.9986,0.9987,0.9989,0.9991,0.9993,0.9995,0.9996,0.9996,0.9997,0.9997,0.9998,0.9998,0.9999,1.0,1.0,1.0,0.9999,0.9999,1.0,1.0,0.9999,0.9999,0.9998,0.9997,0.9995,0.9995,0.9995,0.9995,0.9995,0.9994,0.9993,0.9993,0.9992,0.9992,0.9993,0.9994,0.9993,0.9993,0.9992,0.9991,0.9991,0.9991,0.9991,0.9992,0.9992,0.9991,0.999,0.999,0.9989,0.9989,0.999
115.17366239487097,7.041980926835933,-62.833161829427695,-55.27210608432354,71.73311109613914,56.59332281280191,r.HARPN.2018-08-10T09-36-31.477_S1D_A.fits,S1D_spectra/sun_harpsN/2018-08-10/r.HARPN.2018-08-10T09-36-31.477_S1D_A.fits,Sun,2018-08-10T09:36:31.477,58340.4003587961,0.61372766804872,31.999999985678,211524,0.9946,0.9947,0.9948,0.9949,0.9949,0.9948,0.9947,0.9946,0.9945,0.9946,0.9948,0.9949,0.995,0.995,0.9949,0.9949,0.9948,0.9949,0.995,0.9951,0.9952,0.9952,0.9952,0.9951,0.995,0.995,0.995,0.9951,0.9952,0.9952,0.9953,0.9953,0.9953,0.9952,0.9952,0.9953,0.9953,0.9953,0.9953,0.9953,0.9951,0.995,0.9949,0.9948,0.9947,0.9946,0.9944,0.9943,0.994,0.9937,0.9935,0.9932,0.9929,0.9926,0.9923,0.992,0.9916,0.9912,0.9907,0.9901,0.9895,0.9889,0.9882,0.9875,0.9866,0.9857,0.9847,0.9835,0.9823,0.981,0.9796,0.9781,0.9765,0.9748,0.973,0.9711,0.969,0.9669,0.9646,0.9621,0.9595,0.9567,0.9537,0.9505,0.947,0.9434,0.9397,0.9358,0.9316,0.9273,0.9227,0.918,0.9128,0.9075,0.9019,0.8962,0.89,0.8838,0.8773,0.8706,0.8635,0.856,0.8483,0.8404,0.832,0.8235,0.8149,0.8061,0.7968,0.7873,0.7776,0.7677,0.7574,0.747,0.7368,0.7263,0.7156,0.7047,0.6936,0.6824,0.6711,0.6598,0.6487,0.6377,0.6267,0.6156,0.6045,0.5934,0.5824,0.5716,0.5613,0.5511,0.5414,0.5318,0.5223,0.5131,0.5044,0.4958,0.488,0.4806,0.4738,0.4673,0.4613,0.4557,0.4506,0.4461,0.4422,0.439,0.4363,0.4343,0.4329,0.4321,0.432,0.4324,0.4335,0.4352,0.4376,0.4405,0.4441,0.4484,0.4533,0.4588,0.4649,0.4713,0.4783,0.4857,0.4939,0.5026,0.5118,0.5214,0.5314,0.5414,0.5517,0.5621,0.5731,0.5844,0.5959,0.6076,0.6195,0.6311,0.6426,0.6541,0.6658,0.6777,0.6895,0.7012,0.713,0.7243,0.7352,0.746,0.7567,0.7673,0.7778,0.788,0.798,0.8076,0.8167,0.8256,0.8344,0.843,0.8513,0.8593,0.867,0.8743,0.8811,0.8877,0.8942,0.9005,0.9065,0.9122,0.9175,0.9226,0.9273,0.9319,0.9364,0.9408,0.9449,0.9487,0.9522,0.9555,0.9585,0.9615,0.9644,0.9672,0.9699,0.9722,0.9743,0.9763,0.9782,0.98,0.9817,0.9835,0.9851,0.9864,0.9876,0.9887,0.9897,0.9907,0.9917,0.9926,0.9934,0.9941,0.9947,0.9953,0.9958,0.9964,0.997,0.9976,0.998,0.9983,0.9986,0.9988,0.999,0.9992,0.9995,0.9997,0.9998,0.9998,0.9998,0.9998,0.9999,0.9999,0.9999,0.9999,0.9999,0.9999,0.9998,0.9998,0.9999,1.0,1.0,1.0,1.0,0.9999,0.9998,0.9998,0.9999,0.9999,0.9999,0.9999,0.9999,0.9998,0.9997,0.9997,0.9997,0.9998,0.9997,0.9996,0.9995,0.9994,0.9993,0.9993,0.9994,0.9995,0.9994,0.9994,0.9993,0.9992,0.9992,0.9993,0.9994
116.15849927638772,7.047059580754124,-62.88232076730589,-55.605012558674225,88.81413208525302,56.536836898655984,r.HARPN.2018-08-11T09-02-26.693_S1D_A.fits,S1D_spectra/sun_harpsN/2018-08-11/r.HARPN.2018-08-11T09-02-26.693_S1D_A.fits,Sun,2018-08-11T09:02:26.693,58341.376689815,0.653817883648362,31.9999999865241,211524,0.9947,0.9949,0.995,0.9951,0.9951,0.995,0.9949,0.9948,0.9947,0.9948,0.995,0.9951,0.9951,0.9951,0.9951,0.995,0.9949,0.995,0.9952,0.9953,0.9954,0.9954,0.9954,0.9953,0.9952,0.9952,0.9952,0.9952,0.9953,0.9953,0.9954,0.9954,0.9953,0.9953,0.9953,0.9953,0.9954,0.9954,0.9954,0.9953,0.9952,0.995,0.9948,0.9947,0.9946,0.9945,0.9944,0.9943,0.9941,0.9939,0.9936,0.9933,0.993,0.9927,0.9923,0.992,0.9915,0.991,0.9905,0.9899,0.9892,0.9885,0.9878,0.987,0.9861,0.9851,0.9841,0.983,0.9818,0.9806,0.9793,0.9779,0.9764,0.9748,0.973,0.971,0.9689,0.9666,0.9642,0.9617,0.959,0.9562,0.9532,0.9501,0.9467,0.9431,0.9394,0.9355,0.9314,0.9271,0.9225,0.9178,0.9127,0.9074,0.9018,0.8961,0.8899,0.8837,0.8772,0.8704,0.8633,0.8558,0.8481,0.8403,0.8319,0.8235,0.815,0.8062,0.797,0.7875,0.7778,0.7679,0.7576,0.7473,0.737,0.7265,0.7158,0.7049,0.6938,0.6826,0.6713,0.6599,0.6489,0.6378,0.6269,0.6158,0.6047,0.5937,0.5829,0.572,0.5618,0.5517,0.542,0.5323,0.5229,0.5137,0.505,0.4964,0.4886,0.4812,0.4743,0.4678,0.4617,0.4561,0.4511,0.4465,0.4426,0.4394,0.4368,0.4347,0.4333,0.4325,0.4323,0.4327,0.4338,0.4355,0.4378,0.4408,0.4445,0.4488,0.4537,0.4593,0.4653,0.4717,0.4787,0.4861,0.4942,0.5029,0.5121,0.5216,0.5316,0.5415,0.5518,0.5623,0.5732,0.5845,0.596,0.6077,0.6196,0.6312,0.6427,0.6543,0.666,0.6778,0.6897,0.7014,0.7131,0.7243,0.7352,0.746,0.7567,0.7673,0.7778,0.788,0.798,0.8075,0.8166,0.8255,0.8341,0.8426,0.8509,0.8588,0.8664,0.8737,0.8805,0.8872,0.8937,0.9001,0.9062,0.9119,0.9172,0.9223,0.927,0.9317,0.9361,0.9405,0.9447,0.9485,0.9519,0.9552,0.9582,0.9612,0.964,0.9669,0.9695,0.9718,0.974,0.976,0.9778,0.9797,0.9815,0.9833,0.9849,0.9863,0.9875,0.9885,0.9895,0.9905,0.9914,0.9924,0.9933,0.994,0.9946,0.9952,0.9957,0.9963,0.9968,0.9973,0.9977,0.998,0.9982,0.9984,0.9986,0.9988,0.9991,0.9993,0.9995,0.9996,0.9996,0.9997,0.9998,0.9998,0.9999,1.0,1.0,0.9999,0.9999,0.9998,0.9999,0.9999,0.9999,0.9999,0.9999,0.9999,0.9998,0.9998,0.9999,1.0,0.9999,0.9999,0.9999,0.9998,0.9997,0.9997,0.9998,0.9999,0.9998,0.9997,0.9996,0.9996,0.9995,0.9995,0.9996,0.9997,0.9996,0.9996,0.9995,0.9994,0.9993,0.9994,0.9995
114.26359849359392,7.036682064041278,-64.06472537566191,-56.47469515872165,63.78763853037989,56.68254748905773,r.HARPN.2018-08-12T10-41-48.866_S1D_A.fits,S1D_spectra/sun_harpsN/2018-08-12/r.HARPN.2018-08-12T10-41-48.866_S1D_A.fits,Sun,2018-08-12T10:41:48.866,58342.4456944442,0.556822360848681,31.9999999878292,211525,0.9943,0.9945,0.9946,0.9947,0.9947,0.9946,0.9945,0.9945,0.9945,0.9946,0.9947,0.9949,0.9949,0.9948,0.9948,0.9947,0.9946,0.9946,0.9948,0.9948,0.9949,0.9949,0.9949,0.9949,0.9949,0.9949,0.995,0.9951,0.9952,0.9953,0.9954,0.9954,0.9953,0.9952,0.9952,0.9952,0.9952,0.9952,0.9952,0.9951,0.995,0.9948,0.9946,0.9945,0.9945,0.9944,0.9943,0.9942,0.994,0.9937,0.9934,0.9932,0.9929,0.9926,0.9923,0.9919,0.9915,0.991,0.9904,0.9899,0.9892,0.9886,0.9879,0.9872,0.9863,0.9854,0.9845,0.9834,0.9822,0.981,0.9796,0.9782,0.9766,0.9749,0.9731,0.9711,0.969,0.9669,0.9646,0.9621,0.9595,0.9568,0.9538,0.9506,0.9472,0.9436,0.9399,0.9359,0.9317,0.9274,0.9227,0.9179,0.9128,0.9075,0.9019,0.8961,0.8899,0.8837,0.8771,0.8703,0.8632,0.8557,0.8479,0.84,0.8316,0.8232,0.8146,0.8058,0.7965,0.787,0.7772,0.7672,0.7569,0.7465,0.7362,0.7258,0.7151,0.7042,0.6932,0.682,0.6706,0.6592,0.6482,0.6371,0.6261,0.6149,0.6038,0.5927,0.5818,0.571,0.5607,0.5506,0.5408,0.5311,0.5217,0.5125,0.5037,0.4951,0.4872,0.4799,0.473,0.4665,0.4604,0.4548,0.4497,0.4451,0.4412,0.438,0.4354,0.4334,0.432,0.4312,0.4311,0.4315,0.4326,0.4344,0.4367,0.4396,0.4433,0.4476,0.4525,0.458,0.4641,0.4706,0.4776,0.485,0.4931,0.5019,0.5111,0.5207,0.5307,0.5407,0.551,0.5614,0.5724,0.5838,0.5954,0.6071,0.619,0.6307,0.6422,0.6538,0.6655,0.6774,0.6893,0.701,0.7128,0.7241,0.7351,0.7459,0.7567,0.7673,0.7778,0.788,0.798,0.8076,0.8167,0.8256,0.8343,0.8429,0.8512,0.8592,0.8668,0.8742,0.881,0.8877,0.8942,0.9006,0.9066,0.9124,0.9177,0.9228,0.9275,0.9321,0.9365,0.9409,0.945,0.9488,0.9522,0.9555,0.9586,0.9616,0.9645,0.9674,0.97,0.9723,0.9745,0.9765,0.9783,0.9801,0.9819,0.9836,0.9852,0.9865,0.9877,0.9888,0.9899,0.9909,0.9919,0.9929,0.9938,0.9944,0.9949,0.9954,0.9958,0.9963,0.9968,0.9973,0.9977,0.998,0.9982,0.9984,0.9986,0.9989,0.9991,0.9994,0.9996,0.9996,0.9997,0.9997,0.9999,0.9999,1.0,1.0,1.0,0.9999,0.9998,0.9998,0.9998,0.9997,0.9997,0.9996,0.9995,0.9994,0.9993,0.9992,0.9993,0.9994,0.9993,0.9994,0.9993,0.9993,0.9992,0.9992,0.9993,0.9994,0.9993,0.9993,0.9992,0.9991,0.999,0.999,0.999,0.9991,0.9991,0.999,0.999,0.9989,0.9989,0.9989,0.999
115.78552478510794,7.051232345789265,-62.99478340483522,-55.56049124449651,106.67564071069569,56.435682378513505,r.HARPN.2018-08-15T08-23-40.800_S1D_A.fits,S1D_spectra/sun_harpsN/2018-08-14/r.HARPN.2018-08-15T08-23-40.800_S1D_A.fits,Sun,2018-08-15T08:23:40.800,58345.3497685185,0.716466294937801,31.999999989951,211524,0.9947,0.9948,0.995,0.9951,0.9951,0.9951,0.995,0.9949,0.9949,0.995,0.9952,0.9953,0.9954,0.9954,0.9954,0.9953,0.9953,0.9954,0.9955,0.9957,0.9957,0.9958,0.9958,0.9958,0.9957,0.9956,0.9957,0.9957,0.9957,0.9957,0.9957,0.9957,0.9955,0.9954,0.9954,0.9954,0.9954,0.9954,0.9954,0.9954,0.9952,0.9951,0.9949,0.9948,0.9947,0.9945,0.9943,0.9941,0.9938,0.9935,0.9932,0.9929,0.9926,0.9923,0.992,0.9917,0.9912,0.9908,0.9902,0.9896,0.989,0.9883,0.9876,0.9868,0.9858,0.9848,0.9838,0.9826,0.9813,0.9801,0.9787,0.9773,0.9757,0.974,0.9722,0.9702,0.9681,0.966,0.9636,0.9612,0.9586,0.9559,0.9529,0.9498,0.9464,0.9429,0.9391,0.9353,0.9311,0.9269,0.9223,0.9176,0.9125,0.9071,0.9016,0.8959,0.8898,0.8836,0.8771,0.8704,0.8633,0.8559,0.8482,0.8404,0.8321,0.8237,0.8152,0.8064,0.7972,0.7877,0.778,0.7681,0.7578,0.7475,0.7372,0.7267,0.7161,0.7053,0.6942,0.6831,0.6718,0.6605,0.6495,0.6384,0.6275,0.6164,0.6053,0.5943,0.5834,0.5726,0.5624,0.5523,0.5426,0.533,0.5236,0.5145,0.5057,0.4972,0.4894,0.482,0.4751,0.4686,0.4625,0.4569,0.4519,0.4473,0.4434,0.4401,0.4375,0.4355,0.4341,0.4333,0.4331,0.4336,0.4346,0.4364,0.4387,0.4417,0.4453,0.4497,0.4545,0.4601,0.4661,0.4725,0.4795,0.4869,0.495,0.5037,0.5129,0.5224,0.5324,0.5423,0.5526,0.563,0.5739,0.5852,0.5968,0.6084,0.6203,0.6319,0.6434,0.6549,0.6666,0.6784,0.6901,0.7018,0.7134,0.7246,0.7355,0.7463,0.757,0.7676,0.778,0.7881,0.7981,0.8076,0.8166,0.8255,0.8342,0.8427,0.851,0.8589,0.8665,0.8737,0.8805,0.8871,0.8936,0.8999,0.9059,0.9116,0.9169,0.922,0.9267,0.9314,0.9359,0.9403,0.9444,0.9482,0.9516,0.9549,0.958,0.961,0.964,0.9668,0.9695,0.9719,0.974,0.9759,0.9778,0.9795,0.9813,0.983,0.9846,0.9859,0.9871,0.9882,0.9892,0.9902,0.9913,0.9922,0.9931,0.9938,0.9944,0.9949,0.9954,0.996,0.9965,0.9971,0.9976,0.9979,0.9982,0.9985,0.9988,0.999,0.9993,0.9995,0.9997,0.9998,0.9998,0.9998,0.9999,0.9999,1.0,1.0,1.0,0.9999,0.9997,0.9997,0.9998,0.9998,0.9998,0.9999,0.9999,0.9998,0.9997,0.9998,0.9999,0.9999,0.9999,0.9998,0.9997,0.9996,0.9995,0.9995,0.9996,0.9997,0.9996,0.9996,0.9995,0.9995,0.9994,0.9995,0.9996,0.9997,0.9997,0.9996,0.9995,0.9994,0.9994,0.9995,0.9996
115.23011322166218,7.041949750420708,-63.883154697770365,-56.26985470176911,83.18957954900111,56.581061733557526,r.HARPN.2018-08-15T09-18-07.048_S1D_A.fits,S1D_spectra/sun_harpsN/2018-08-15/r.HARPN.2018-08-15T09-18-07.048_S1D_A.fits,Sun,2018-08-15T09:18:07.048,58345.3875810187,0.678221449245265,31.9999999905929,211524,0.9945,0.9946,0.9948,0.9949,0.9949,0.9948,0.9947,0.9946,0.9945,0.9946,0.9947,0.9949,0.9949,0.9949,0.9948,0.9947,0.9947,0.9948,0.9949,0.995,0.9951,0.9951,0.9952,0.9951,0.9951,0.995,0.9951,0.9952,0.9953,0.9953,0.9954,0.9953,0.9952,0.9951,0.9951,0.9951,0.9952,0.9952,0.9952,0.9951,0.9949,0.9948,0.9947,0.9946,0.9946,0.9945,0.9944,0.9943,0.9941,0.9938,0.9934,0.9931,0.9928,0.9924,0.9921,0.9917,0.9913,0.9908,0.9902,0.9896,0.989,0.9884,0.9877,0.987,0.9861,0.9851,0.9841,0.983,0.9817,0.9804,0.9791,0.9776,0.976,0.9744,0.9726,0.9707,0.9686,0.9664,0.9641,0.9616,0.9589,0.9562,0.9532,0.9501,0.9467,0.9432,0.9394,0.9355,0.9314,0.9271,0.9225,0.9177,0.9126,0.9072,0.9017,0.8959,0.8897,0.8835,0.877,0.8703,0.8631,0.8557,0.848,0.8401,0.8318,0.8234,0.8149,0.806,0.7968,0.7873,0.7775,0.7676,0.7573,0.747,0.7367,0.7262,0.7156,0.7048,0.6937,0.6826,0.6713,0.6599,0.6489,0.6378,0.6268,0.6157,0.6046,0.5935,0.5825,0.5717,0.5613,0.5512,0.5415,0.5318,0.5223,0.5132,0.5044,0.4958,0.488,0.4806,0.4737,0.4672,0.4612,0.4556,0.4505,0.446,0.4421,0.4389,0.4362,0.4342,0.4328,0.432,0.4319,0.4323,0.4334,0.4352,0.4375,0.4405,0.4441,0.4485,0.4534,0.4589,0.4649,0.4713,0.4783,0.4857,0.4938,0.5025,0.5117,0.5212,0.5312,0.5412,0.5515,0.562,0.5729,0.5843,0.5959,0.6075,0.6195,0.6311,0.6427,0.6542,0.666,0.6778,0.6897,0.7013,0.7131,0.7243,0.7352,0.746,0.7567,0.7673,0.7778,0.788,0.798,0.8076,0.8167,0.8256,0.8343,0.8429,0.8511,0.8591,0.8667,0.874,0.8807,0.8874,0.8938,0.9001,0.9062,0.9118,0.9171,0.9222,0.9269,0.9315,0.936,0.9404,0.9446,0.9484,0.9519,0.9552,0.9583,0.9612,0.9641,0.967,0.9696,0.9719,0.974,0.976,0.9779,0.9797,0.9815,0.9833,0.985,0.9864,0.9876,0.9887,0.9897,0.9907,0.9917,0.9927,0.9935,0.9941,0.9947,0.9951,0.9956,0.9961,0.9966,0.9971,0.9975,0.9978,0.998,0.9982,0.9984,0.9987,0.9989,0.9992,0.9993,0.9994,0.9995,0.9995,0.9996,0.9997,0.9999,0.9999,1.0,0.9999,0.9999,0.9999,1.0,1.0,1.0,1.0,0.9999,0.9998,0.9997,0.9996,0.9997,0.9997,0.9996,0.9995,0.9994,0.9993,0.9992,0.9992,0.9992,0.9993,0.9992,0.9992,0.9991,0.999,0.999,0.999,0.9991,0.9992,0.9992,0.9992,0.9991,0.999,0.999,0.9991,0.9992
115.14039495177404,7.043559526584283,-63.02634700675573,-55.833911785059534,86.46558442838084,56.589364199240336,r.HARPN.2018-08-17T09-23-00.365_S1D_A.fits,S1D_spectra/sun_harpsN/2018-08-17/r.HARPN.2018-08-17T09-23-00.365_S1D_A.fits,Sun,2018-08-17T09:23:00.365,58347.3909722222,0.68909110243939,31.9999999917259,211524,0.9943,0.9944,0.9946,0.9947,0.9947,0.9946,0.9946,0.9945,0.9945,0.9946,0.9948,0.9949,0.995,0.9949,0.9949,0.9948,0.9948,0.9948,0.9949,0.9949,0.995,0.9949,0.9949,0.9949,0.9948,0.9947,0.9948,0.9948,0.9949,0.9949,0.995,0.9949,0.9948,0.9947,0.9947,0.9947,0.9948,0.9948,0.9948,0.9948,0.9947,0.9946,0.9944,0.9943,0.9942,0.9941,0.994,0.9939,0.9936,0.9934,0.9931,0.9928,0.9925,0.9921,0.9918,0.9915,0.991,0.9905,0.99,0.9894,0.9888,0.9881,0.9874,0.9866,0.9857,0.9848,0.9837,0.9826,0.9814,0.9801,0.9788,0.9774,0.9758,0.9742,0.9725,0.9706,0.9685,0.9664,0.9641,0.9616,0.959,0.9563,0.9532,0.9501,0.9467,0.9431,0.9393,0.9354,0.9312,0.927,0.9223,0.9176,0.9124,0.9071,0.9015,0.8958,0.8896,0.8834,0.8769,0.8702,0.8631,0.8556,0.8479,0.84,0.8316,0.8232,0.8146,0.8057,0.7965,0.787,0.7773,0.7674,0.7571,0.7467,0.7365,0.726,0.7153,0.7044,0.6933,0.6822,0.6708,0.6595,0.6485,0.6374,0.6265,0.6154,0.6043,0.5933,0.5824,0.5715,0.5612,0.5511,0.5413,0.5316,0.5222,0.513,0.5042,0.4957,0.4878,0.4804,0.4735,0.467,0.461,0.4554,0.4504,0.4458,0.4419,0.4387,0.4361,0.4341,0.4327,0.4319,0.4317,0.4321,0.4332,0.4349,0.4373,0.4402,0.4439,0.4482,0.4531,0.4587,0.4647,0.4712,0.4782,0.4856,0.4938,0.5025,0.5116,0.5212,0.5312,0.5411,0.5514,0.5619,0.5728,0.5841,0.5957,0.6073,0.6193,0.6309,0.6424,0.654,0.6657,0.6776,0.6895,0.7012,0.713,0.7242,0.7351,0.7458,0.7565,0.7672,0.7776,0.7878,0.7979,0.8074,0.8165,0.8255,0.8342,0.8427,0.851,0.8589,0.8664,0.8737,0.8804,0.887,0.8935,0.8998,0.9058,0.9115,0.9168,0.9219,0.9266,0.9312,0.9357,0.9401,0.9443,0.9481,0.9516,0.9549,0.958,0.961,0.9639,0.9668,0.9694,0.9718,0.9739,0.9758,0.9776,0.9794,0.9811,0.9829,0.9845,0.9859,0.9871,0.9882,0.9893,0.9903,0.9913,0.9923,0.9932,0.9939,0.9945,0.995,0.9956,0.9961,0.9967,0.9972,0.9977,0.9979,0.9981,0.9983,0.9985,0.9986,0.9989,0.9991,0.9992,0.9993,0.9994,0.9994,0.9996,0.9997,0.9999,0.9999,1.0,1.0,0.9999,0.9998,0.9999,0.9999,0.9999,0.9999,0.9998,0.9998,0.9996,0.9996,0.9997,0.9997,0.9996,0.9995,0.9994,0.9993,0.9991,0.9991,0.9992,0.9993,0.9992,0.9992,0.9991,0.9991,0.9991,0.9991,0.9992,0.9993,0.9993,0.9993,0.9992,0.9992,0.9991,0.9992,0.9992
115.10625224300635,7.042742758666928,-63.53381657483542,-56.03303808072677,75.91289477156899,56.586554795094514,r.HARPN.2018-08-18T09-27-20.842_S1D_A.fits,S1D_spectra/sun_harpsN/2018-08-18/r.HARPN.2018-08-18T09-27-20.842_S1D_A.fits,Sun,2018-08-18T09:27:20.842,58348.3939814814,0.691712071330969,31.9999999921036,211524,0.9944,0.9945,0.9947,0.9948,0.9947,0.9946,0.9945,0.9944,0.9943,0.9944,0.9946,0.9947,0.9947,0.9947,0.9946,0.9945,0.9945,0.9946,0.9947,0.9949,0.995,0.995,0.9951,0.9951,0.995,0.995,0.9951,0.9951,0.9952,0.9952,0.9953,0.9953,0.9952,0.9951,0.9951,0.9951,0.9951,0.995,0.995,0.995,0.9948,0.9946,0.9945,0.9944,0.9944,0.9943,0.9942,0.994,0.9938,0.9935,0.9932,0.9929,0.9926,0.9923,0.992,0.9916,0.9912,0.9908,0.9903,0.9897,0.9891,0.9885,0.9878,0.9871,0.9862,0.9853,0.9843,0.9832,0.982,0.9807,0.9794,0.9779,0.9764,0.9748,0.973,0.971,0.9689,0.9668,0.9644,0.9619,0.9592,0.9564,0.9533,0.9502,0.9467,0.9432,0.9395,0.9356,0.9315,0.9272,0.9226,0.9179,0.9127,0.9074,0.9018,0.896,0.8898,0.8836,0.8771,0.8703,0.8631,0.8557,0.848,0.8401,0.8317,0.8233,0.8147,0.8059,0.7967,0.7872,0.7775,0.7676,0.7573,0.747,0.7367,0.7262,0.7156,0.7046,0.6936,0.6824,0.6711,0.6597,0.6487,0.6376,0.6266,0.6155,0.6044,0.5933,0.5824,0.5716,0.5613,0.5512,0.5415,0.5318,0.5224,0.5132,0.5044,0.4959,0.488,0.4806,0.4737,0.4673,0.4612,0.4557,0.4506,0.4461,0.4422,0.439,0.4364,0.4343,0.4329,0.4321,0.4319,0.4323,0.4334,0.4351,0.4374,0.4403,0.444,0.4483,0.4533,0.4588,0.4649,0.4713,0.4783,0.4857,0.4938,0.5025,0.5117,0.5213,0.5313,0.5412,0.5515,0.562,0.573,0.5843,0.5959,0.6075,0.6195,0.631,0.6426,0.6541,0.6658,0.6777,0.6895,0.7013,0.7131,0.7243,0.7353,0.7461,0.7568,0.7675,0.7779,0.7881,0.7981,0.8076,0.8166,0.8255,0.8341,0.8426,0.8509,0.8589,0.8665,0.8738,0.8806,0.8874,0.8939,0.9002,0.9063,0.912,0.9173,0.9224,0.9271,0.9318,0.9362,0.9406,0.9448,0.9486,0.952,0.9554,0.9584,0.9614,0.9644,0.9672,0.9698,0.9722,0.9743,0.9762,0.9781,0.9798,0.9816,0.9834,0.9849,0.9863,0.9875,0.9886,0.9896,0.9906,0.9916,0.9926,0.9935,0.9942,0.9948,0.9954,0.996,0.9965,0.9971,0.9976,0.9981,0.9983,0.9985,0.9987,0.9989,0.9991,0.9994,0.9996,0.9998,0.9998,0.9998,0.9997,0.9998,0.9998,0.9999,0.9999,0.9999,0.9999,0.9999,0.9999,1.0,1.0,1.0,1.0,0.9999,0.9998,0.9997,0.9997,0.9997,0.9997,0.9996,0.9996,0.9995,0.9994,0.9993,0.9994,0.9995,0.9996,0.9995,0.9995,0.9994,0.9994,0.9993,0.9994,0.9995,0.9996,0.9996,0.9995,0.9994,0.9993,0.9993,0.9992,0.9993
114.90336003398359,7.042285967816783,-63.76732286627812,-56.14296415440134,79.24922485808133,56.60092398193443,r.HARPN.2018-08-19T09-35-37.073_S1D_A.fits,S1D_spectra/sun_harpsN/2018-08-19/r.HARPN.2018-08-19T09-35-37.073_S1D_A.fits,Sun,2018-08-19T09:35:37.073,58349.3997337963,0.689723961387984,31.999999992365,211524,0.9945,0.9947,0.9948,0.9949,0.9949,0.9949,0.9947,0.9946,0.9945,0.9946,0.9948,0.9949,0.995,0.995,0.995,0.9949,0.9948,0.9949,0.995,0.9951,0.9951,0.9951,0.9951,0.995,0.995,0.9949,0.995,0.9951,0.9952,0.9952,0.9952,0.9952,0.995,0.995,0.995,0.995,0.995,0.9951,0.9951,0.9951,0.9949,0.9948,0.9947,0.9945,0.9944,0.9943,0.9942,0.9941,0.9939,0.9937,0.9934,0.9931,0.9928,0.9925,0.9921,0.9918,0.9913,0.9909,0.9904,0.9898,0.9892,0.9886,0.988,0.9873,0.9864,0.9855,0.9845,0.9834,0.9822,0.9809,0.9795,0.978,0.9765,0.9748,0.973,0.971,0.9689,0.9667,0.9644,0.9619,0.9593,0.9565,0.9535,0.9504,0.947,0.9434,0.9397,0.9358,0.9316,0.9273,0.9226,0.9178,0.9126,0.9073,0.9017,0.8959,0.8897,0.8835,0.877,0.8702,0.8631,0.8557,0.848,0.8401,0.8318,0.8234,0.8148,0.806,0.7968,0.7873,0.7775,0.7676,0.7573,0.747,0.7367,0.7262,0.7156,0.7047,0.6936,0.6824,0.671,0.6597,0.6487,0.6376,0.6266,0.6155,0.6043,0.5933,0.5824,0.5715,0.5613,0.5512,0.5415,0.5318,0.5224,0.5132,0.5044,0.4958,0.4879,0.4805,0.4736,0.4671,0.4611,0.4555,0.4504,0.4458,0.4419,0.4387,0.4361,0.4341,0.4327,0.4319,0.4317,0.4322,0.4333,0.435,0.4373,0.4403,0.4439,0.4483,0.4532,0.4588,0.4649,0.4714,0.4783,0.4858,0.4939,0.5026,0.5117,0.5213,0.5312,0.5412,0.5515,0.5619,0.5729,0.5842,0.5958,0.6075,0.6194,0.631,0.6426,0.6541,0.6658,0.6777,0.6896,0.7013,0.7131,0.7243,0.7352,0.746,0.7567,0.7674,0.7779,0.7881,0.7981,0.8077,0.8168,0.8258,0.8345,0.843,0.8513,0.8592,0.8668,0.874,0.8808,0.8874,0.8938,0.9002,0.9062,0.9119,0.9172,0.9224,0.9271,0.9318,0.9363,0.9407,0.9448,0.9486,0.952,0.9553,0.9583,0.9613,0.9642,0.9671,0.9698,0.9723,0.9744,0.9765,0.9783,0.9801,0.9819,0.9836,0.9852,0.9865,0.9877,0.9887,0.9898,0.9908,0.9919,0.9928,0.9937,0.9943,0.9949,0.9954,0.9958,0.9963,0.9969,0.9974,0.9978,0.9981,0.9983,0.9985,0.9988,0.999,0.9993,0.9995,0.9997,0.9997,0.9997,0.9997,0.9998,0.9999,0.9999,1.0,1.0,0.9999,0.9998,0.9998,0.9999,1.0,1.0,1.0,0.9999,0.9999,0.9997,0.9997,0.9998,0.9998,0.9998,0.9998,0.9997,0.9996,0.9996,0.9996,0.9997,0.9998,0.9998,0.9998,0.9997,0.9996,0.9995,0.9995,0.9995,0.9996,0.9995,0.9995,0.9994,0.9993,0.9993,0.9993,0.9994
114.82535826917987,7.046074900245209,-64.43578008400554,-56.788866289184625,89.68808224966044,56.53594945544168,r.HARPN.2018-08-21T08-54-43.802_S1D_A.fits,S1D_spectra/sun_harpsN/2018-08-20/r.HARPN.2018-08-21T08-54-43.802_S1D_A.fits,Sun,2018-08-21T08:54:43.802,58351.3713310189,0.736468351681641,31.9999999926157,211524,0.9945,0.9946,0.9947,0.9948,0.9947,0.9946,0.9945,0.9944,0.9943,0.9945,0.9947,0.9948,0.9949,0.9949,0.9949,0.9948,0.9947,0.9948,0.9949,0.9949,0.995,0.995,0.9951,0.995,0.995,0.995,0.995,0.9951,0.9952,0.9952,0.9952,0.9952,0.9951,0.995,0.9949,0.9949,0.995,0.995,0.995,0.995,0.9949,0.9948,0.9946,0.9946,0.9945,0.9944,0.9942,0.9941,0.9938,0.9935,0.9933,0.993,0.9927,0.9924,0.992,0.9917,0.9912,0.9907,0.9902,0.9896,0.9889,0.9882,0.9875,0.9867,0.9858,0.9849,0.9839,0.9828,0.9816,0.9803,0.979,0.9775,0.976,0.9743,0.9725,0.9705,0.9684,0.9663,0.964,0.9615,0.9589,0.9561,0.9531,0.9499,0.9465,0.9429,0.9391,0.9352,0.9309,0.9267,0.9221,0.9174,0.9123,0.907,0.9014,0.8957,0.8896,0.8834,0.8769,0.8701,0.8629,0.8555,0.8478,0.84,0.8317,0.8233,0.8147,0.8059,0.7967,0.7872,0.7775,0.7676,0.7572,0.7468,0.7365,0.7261,0.7154,0.7046,0.6935,0.6824,0.6711,0.6598,0.6488,0.6378,0.6269,0.6158,0.6047,0.5936,0.5828,0.5719,0.5617,0.5516,0.5418,0.5322,0.5227,0.5136,0.5048,0.4962,0.4883,0.4809,0.4741,0.4675,0.4615,0.4559,0.4509,0.4463,0.4424,0.4392,0.4366,0.4346,0.4332,0.4324,0.4322,0.4327,0.4337,0.4355,0.4378,0.4407,0.4444,0.4487,0.4536,0.4591,0.4652,0.4716,0.4786,0.486,0.4941,0.5029,0.5121,0.5217,0.5316,0.5416,0.5519,0.5623,0.5733,0.5846,0.5961,0.6077,0.6196,0.6312,0.6427,0.6542,0.6659,0.6777,0.6895,0.7012,0.7129,0.7242,0.7352,0.746,0.7567,0.7674,0.7779,0.7881,0.7981,0.8077,0.8167,0.8256,0.8343,0.8429,0.8511,0.859,0.8666,0.8739,0.8806,0.8873,0.8938,0.9001,0.9061,0.9118,0.917,0.9221,0.9268,0.9314,0.9358,0.9402,0.9443,0.9481,0.9516,0.9549,0.9579,0.9609,0.9638,0.9666,0.9693,0.9716,0.9738,0.9757,0.9776,0.9795,0.9813,0.9831,0.9847,0.9861,0.9873,0.9884,0.9895,0.9905,0.9915,0.9925,0.9933,0.994,0.9946,0.995,0.9955,0.996,0.9965,0.997,0.9974,0.9977,0.998,0.9982,0.9985,0.9987,0.999,0.9992,0.9994,0.9994,0.9995,0.9995,0.9997,0.9998,0.9999,1.0,1.0,0.9999,0.9998,0.9997,0.9998,0.9997,0.9997,0.9997,0.9997,0.9996,0.9995,0.9995,0.9996,0.9997,0.9997,0.9997,0.9996,0.9996,0.9995,0.9995,0.9996,0.9997,0.9996,0.9995,0.9993,0.9992,0.9992,0.9992,0.9992,0.9993,0.9993,0.9993,0.9992,0.9991,0.9991,0.9991,0.9992
115.44197656843241,7.04391417783906,-62.40360951069862,-55.0358249487021,85.6041491963235,56.55577501257976,r.HARPN.2018-08-21T09-00-12.021_S1D_A.fits,S1D_spectra/sun_harpsN/2018-08-21/r.HARPN.2018-08-21T09-00-12.021_S1D_A.fits,Sun,2018-08-21T09:00:12.021,58351.3751388891,0.732282175276549,31.9999999926386,211524,0.9944,0.9945,0.9947,0.9948,0.9948,0.9947,0.9946,0.9945,0.9945,0.9947,0.9949,0.995,0.995,0.9949,0.9949,0.9948,0.9947,0.9947,0.9948,0.9948,0.9949,0.9949,0.9949,0.9948,0.9947,0.9947,0.9947,0.9948,0.9949,0.9949,0.9949,0.9949,0.9948,0.9947,0.9947,0.9947,0.9948,0.9948,0.9948,0.9948,0.9946,0.9945,0.9944,0.9943,0.9942,0.994,0.9939,0.9938,0.9936,0.9933,0.993,0.9927,0.9924,0.9921,0.9918,0.9915,0.9911,0.9906,0.9901,0.9895,0.9889,0.9882,0.9875,0.9868,0.9859,0.985,0.984,0.9829,0.9816,0.9804,0.979,0.9776,0.9759,0.9742,0.9724,0.9704,0.9682,0.9661,0.9638,0.9613,0.9587,0.956,0.953,0.9499,0.9465,0.9429,0.9392,0.9353,0.9311,0.9269,0.9223,0.9176,0.9125,0.9072,0.9016,0.8959,0.8897,0.8835,0.8769,0.8702,0.863,0.8556,0.8479,0.84,0.8317,0.8233,0.8147,0.8059,0.7967,0.7873,0.7775,0.7676,0.7573,0.747,0.7367,0.7262,0.7156,0.7047,0.6936,0.6824,0.6711,0.6597,0.6487,0.6376,0.6266,0.6155,0.6044,0.5933,0.5825,0.5716,0.5613,0.5512,0.5415,0.5318,0.5224,0.5133,0.5045,0.496,0.4882,0.4808,0.4739,0.4675,0.4614,0.4559,0.4508,0.4462,0.4423,0.4391,0.4364,0.4344,0.433,0.4322,0.432,0.4324,0.4335,0.4352,0.4375,0.4405,0.4441,0.4485,0.4534,0.4589,0.465,0.4714,0.4784,0.4858,0.4939,0.5026,0.5118,0.5214,0.5314,0.5414,0.5517,0.5622,0.5731,0.5844,0.596,0.6076,0.6196,0.6311,0.6427,0.6542,0.6659,0.6778,0.6896,0.7012,0.7129,0.7242,0.7351,0.7458,0.7565,0.7672,0.7776,0.7877,0.7977,0.8073,0.8163,0.8252,0.8339,0.8425,0.8507,0.8587,0.8663,0.8736,0.8804,0.8871,0.8935,0.8999,0.9059,0.9117,0.917,0.9222,0.9269,0.9315,0.9359,0.9403,0.9444,0.9482,0.9516,0.9549,0.958,0.9609,0.9638,0.9667,0.9693,0.9717,0.9738,0.9758,0.9776,0.9795,0.9813,0.983,0.9846,0.986,0.9872,0.9883,0.9893,0.9904,0.9914,0.9923,0.9932,0.9939,0.9945,0.995,0.9955,0.996,0.9965,0.997,0.9974,0.9977,0.9979,0.9981,0.9983,0.9986,0.9989,0.9991,0.9993,0.9994,0.9994,0.9995,0.9996,0.9996,0.9997,0.9998,0.9999,0.9999,0.9998,0.9999,1.0,1.0,1.0,1.0,0.9999,0.9998,0.9996,0.9995,0.9995,0.9995,0.9994,0.9993,0.9992,0.9991,0.9989,0.9989,0.999,0.9991,0.999,0.999,0.999,0.9989,0.9989,0.999,0.9991,0.9992,0.9992,0.9992,0.9991,0.9989,0.9989,0.9988,0.9988
116.22787006484839,7.040343983502293,-63.26013957368802,-55.92523618848752,70.15397699512572,56.62630566313025,r.HARPN.2018-08-22T09-47-08.367_S1D_A.fits,S1D_spectra/sun_harpsN/2018-08-22/r.HARPN.2018-08-22T09-47-08.367_S1D_A.fits,Sun,2018-08-22T09:47:08.367,58352.4077314814,0.692864368943622,31.9999999926439,211524,0.9944,0.9946,0.9947,0.9948,0.9948,0.9947,0.9946,0.9946,0.9945,0.9947,0.9948,0.9949,0.9949,0.9949,0.9948,0.9947,0.9947,0.9947,0.9948,0.9949,0.995,0.995,0.995,0.995,0.9949,0.9949,0.9949,0.995,0.9951,0.9952,0.9953,0.9953,0.9952,0.9952,0.9952,0.9952,0.9952,0.9952,0.9952,0.9952,0.995,0.9949,0.9947,0.9947,0.9946,0.9945,0.9944,0.9943,0.9941,0.9938,0.9936,0.9933,0.993,0.9927,0.9924,0.9921,0.9916,0.9911,0.9906,0.99,0.9894,0.9888,0.9881,0.9873,0.9864,0.9854,0.9844,0.9832,0.982,0.9808,0.9795,0.9781,0.9766,0.975,0.9732,0.9712,0.9691,0.9669,0.9645,0.962,0.9593,0.9565,0.9534,0.9503,0.9469,0.9433,0.9396,0.9357,0.9316,0.9273,0.9228,0.918,0.9129,0.9076,0.902,0.8963,0.8901,0.8839,0.8774,0.8706,0.8634,0.856,0.8482,0.8403,0.8319,0.8235,0.8148,0.806,0.7967,0.7872,0.7775,0.7675,0.7572,0.7469,0.7366,0.7261,0.7155,0.7046,0.6935,0.6823,0.671,0.6596,0.6486,0.6375,0.6265,0.6154,0.6043,0.5932,0.5823,0.5714,0.5611,0.551,0.5413,0.5317,0.5222,0.5131,0.5043,0.4958,0.4879,0.4805,0.4736,0.4671,0.461,0.4554,0.4503,0.4457,0.4418,0.4386,0.436,0.434,0.4326,0.4318,0.4316,0.432,0.4331,0.4347,0.437,0.4399,0.4436,0.4479,0.4528,0.4584,0.4645,0.4709,0.4779,0.4853,0.4935,0.5022,0.5113,0.5209,0.5309,0.5408,0.5512,0.5616,0.5726,0.584,0.5956,0.6072,0.6192,0.6308,0.6423,0.6539,0.6656,0.6775,0.6893,0.701,0.7128,0.7241,0.735,0.7458,0.7565,0.7672,0.7776,0.7878,0.7978,0.8074,0.8165,0.8255,0.8342,0.8428,0.8511,0.8591,0.8667,0.874,0.8808,0.8875,0.8939,0.9003,0.9063,0.912,0.9174,0.9225,0.9271,0.9317,0.9362,0.9405,0.9446,0.9485,0.9519,0.9552,0.9583,0.9613,0.9642,0.9671,0.9697,0.9721,0.9743,0.9763,0.9782,0.9801,0.9818,0.9836,0.9852,0.9865,0.9876,0.9887,0.9897,0.9907,0.9917,0.9927,0.9936,0.9943,0.9949,0.9955,0.996,0.9964,0.997,0.9974,0.9978,0.998,0.9981,0.9983,0.9985,0.9987,0.999,0.9993,0.9995,0.9996,0.9997,0.9997,0.9999,0.9999,1.0,1.0,1.0,0.9999,0.9998,0.9998,0.9998,0.9998,0.9998,0.9998,0.9997,0.9996,0.9995,0.9995,0.9996,0.9996,0.9996,0.9996,0.9995,0.9994,0.9993,0.9993,0.9993,0.9993,0.9992,0.9992,0.9991,0.999,0.999,0.999,0.9991,0.9993,0.9993,0.9993,0.9992,0.9991,0.999,0.999,0.9991
114.53841063106958,7.039123030535369,-63.87238862092444,-56.16425472979031,70.94590002246356,56.64462997293751,r.HARPN.2018-08-23T10-18-59.642_S1D_A.fits,S1D_spectra/sun_harpsN/2018-08-23/r.HARPN.2018-08-23T10-18-59.642_S1D_A.fits,Sun,2018-08-23T10:18:59.642,58353.4298495371,0.659484882860875,31.9999999923369,211524,0.9944,0.9945,0.9946,0.9948,0.9947,0.9946,0.9945,0.9944,0.9944,0.9945,0.9947,0.9948,0.9948,0.9948,0.9947,0.9946,0.9946,0.9947,0.9948,0.9949,0.9949,0.995,0.995,0.995,0.995,0.9951,0.9952,0.9953,0.9954,0.9955,0.9955,0.9955,0.9954,0.9953,0.9953,0.9953,0.9954,0.9954,0.9954,0.9954,0.9952,0.9951,0.9949,0.9948,0.9948,0.9947,0.9946,0.9944,0.9942,0.9939,0.9935,0.9932,0.9929,0.9926,0.9923,0.9919,0.9915,0.9911,0.9905,0.99,0.9894,0.9887,0.9881,0.9873,0.9865,0.9855,0.9845,0.9834,0.9821,0.9808,0.9794,0.978,0.9764,0.9747,0.973,0.9711,0.969,0.9669,0.9646,0.9621,0.9594,0.9567,0.9537,0.9505,0.947,0.9435,0.9397,0.9358,0.9316,0.9273,0.9227,0.918,0.9128,0.9075,0.9019,0.8961,0.89,0.8837,0.8772,0.8704,0.8632,0.8557,0.848,0.84,0.8317,0.8232,0.8146,0.8058,0.7966,0.7871,0.7773,0.7674,0.7571,0.7468,0.7365,0.7261,0.7155,0.7046,0.6935,0.6823,0.671,0.6596,0.6485,0.6374,0.6264,0.6153,0.6041,0.593,0.5821,0.5713,0.561,0.5508,0.5411,0.5314,0.522,0.5128,0.504,0.4954,0.4876,0.4801,0.4732,0.4667,0.4607,0.4551,0.4501,0.4455,0.4416,0.4384,0.4358,0.4338,0.4324,0.4316,0.4314,0.4319,0.4329,0.4346,0.4369,0.4399,0.4436,0.4479,0.4528,0.4584,0.4644,0.4709,0.4779,0.4853,0.4935,0.5022,0.5114,0.521,0.531,0.541,0.5513,0.5618,0.5727,0.5841,0.5957,0.6074,0.6193,0.631,0.6425,0.6541,0.6658,0.6777,0.6895,0.7012,0.713,0.7242,0.7352,0.746,0.7567,0.7674,0.7779,0.788,0.7981,0.8077,0.8167,0.8257,0.8343,0.8429,0.8512,0.8591,0.8667,0.874,0.8808,0.8876,0.8941,0.9005,0.9065,0.9123,0.9176,0.9227,0.9274,0.932,0.9365,0.9409,0.945,0.9488,0.9523,0.9557,0.9588,0.9617,0.9646,0.9674,0.97,0.9724,0.9745,0.9765,0.9783,0.9801,0.9819,0.9837,0.9853,0.9866,0.9878,0.9888,0.9898,0.9908,0.9918,0.9928,0.9937,0.9944,0.995,0.9955,0.9959,0.9964,0.997,0.9975,0.9979,0.9982,0.9984,0.9986,0.9988,0.999,0.9993,0.9994,0.9996,0.9996,0.9996,0.9997,0.9998,0.9998,0.9999,1.0,1.0,0.9999,0.9999,0.9998,0.9999,0.9999,0.9999,0.9998,0.9998,0.9997,0.9996,0.9996,0.9997,0.9997,0.9996,0.9996,0.9996,0.9995,0.9994,0.9994,0.9995,0.9996,0.9995,0.9994,0.9993,0.9992,0.9991,0.9991,0.9991,0.9993,0.9993,0.9992,0.9992,0.9992,0.9992,0.9992,0.9993
116.38316433436428,7.047386126419265,-64.09937713150973,-56.466847037745374,89.71844107593374,56.51601235294933,r.HARPN.2018-08-24T09-01-50.631_S1D_A.fits,S1D_spectra/sun_harpsN/2018-08-24/r.HARPN.2018-08-24T09-01-50.631_S1D_A.fits,Sun,2018-08-24T09:01:50.631,58354.3762731482,0.744061738432316,31.9999999928083,211524,0.9948,0.9949,0.9951,0.9952,0.9952,0.9951,0.9949,0.9948,0.9947,0.9948,0.995,0.9951,0.9951,0.9951,0.995,0.9949,0.9949,0.9949,0.995,0.995,0.9951,0.995,0.995,0.9949,0.9949,0.9949,0.995,0.9951,0.9952,0.9952,0.9953,0.9953,0.9952,0.9951,0.995,0.995,0.995,0.995,0.995,0.9949,0.9948,0.9947,0.9946,0.9945,0.9944,0.9943,0.9942,0.994,0.9938,0.9935,0.9932,0.9929,0.9926,0.9924,0.9921,0.9918,0.9914,0.9909,0.9904,0.9897,0.9891,0.9883,0.9876,0.9867,0.9858,0.9849,0.9839,0.9827,0.9815,0.9803,0.979,0.9775,0.9759,0.9742,0.9724,0.9704,0.9683,0.9661,0.9638,0.9614,0.9588,0.9561,0.9531,0.95,0.9465,0.943,0.9392,0.9353,0.9311,0.9269,0.9223,0.9176,0.9125,0.9072,0.9017,0.896,0.8898,0.8836,0.8771,0.8704,0.8632,0.8557,0.848,0.8401,0.8318,0.8234,0.8148,0.806,0.7969,0.7874,0.7777,0.7679,0.7576,0.7473,0.737,0.7265,0.7159,0.705,0.6939,0.6827,0.6714,0.6601,0.6491,0.638,0.6271,0.616,0.6049,0.5938,0.5829,0.5721,0.5618,0.5517,0.542,0.5324,0.523,0.5139,0.5051,0.4966,0.4888,0.4814,0.4745,0.468,0.4619,0.4563,0.4513,0.4467,0.4428,0.4396,0.4369,0.4349,0.4334,0.4326,0.4324,0.4329,0.4339,0.4356,0.4379,0.4409,0.4445,0.4488,0.4537,0.4592,0.4653,0.4717,0.4787,0.4861,0.4942,0.5029,0.512,0.5216,0.5316,0.5415,0.5518,0.5623,0.5732,0.5846,0.5961,0.6077,0.6197,0.6312,0.6427,0.6542,0.666,0.6778,0.6896,0.7013,0.713,0.7242,0.7352,0.7459,0.7566,0.7673,0.7777,0.7879,0.7979,0.8075,0.8166,0.8255,0.8342,0.8427,0.8509,0.8588,0.8664,0.8736,0.8804,0.887,0.8935,0.8999,0.9059,0.9117,0.917,0.9222,0.9269,0.9315,0.936,0.9404,0.9445,0.9483,0.9517,0.955,0.958,0.961,0.9639,0.9668,0.9695,0.9719,0.9741,0.976,0.9779,0.9797,0.9815,0.9832,0.9848,0.9862,0.9874,0.9885,0.9895,0.9906,0.9916,0.9926,0.9934,0.9941,0.9946,0.9951,0.9956,0.9961,0.9966,0.9972,0.9976,0.998,0.9982,0.9984,0.9987,0.9989,0.9991,0.9993,0.9995,0.9995,0.9995,0.9996,0.9997,0.9997,0.9999,0.9999,1.0,1.0,0.9999,0.9999,1.0,1.0,1.0,0.9999,0.9999,0.9998,0.9997,0.9997,0.9997,0.9997,0.9997,0.9997,0.9996,0.9995,0.9994,0.9994,0.9995,0.9996,0.9995,0.9994,0.9993,0.9992,0.9992,0.9992,0.9994,0.9995,0.9995,0.9995,0.9995,0.9994,0.9994,0.9994,0.9995
115.38532446620964,7.040745970470981,-63.19334087963023,-55.84358771124422,73.18715959145996,56.62270987231136,r.HARPN.2018-08-25T09-44-58.155_S1D_A.fits,S1D_spectra/sun_harpsN/2018-08-25/r.HARPN.2018-08-25T09-44-58.155_S1D_A.fits,Sun,2018-08-25T09:44:58.155,58355.406226852,0.7068988722516,31.9999999926777,211524,0.9944,0.9945,0.9947,0.9948,0.9947,0.9947,0.9945,0.9944,0.9944,0.9945,0.9947,0.9948,0.9948,0.9948,0.9948,0.9947,0.9947,0.9948,0.995,0.9951,0.9952,0.9952,0.9952,0.9952,0.9951,0.995,0.9951,0.9952,0.9953,0.9953,0.9954,0.9954,0.9953,0.9953,0.9953,0.9953,0.9953,0.9953,0.9953,0.9953,0.9951,0.995,0.9948,0.9947,0.9946,0.9945,0.9944,0.9943,0.994,0.9938,0.9935,0.9933,0.993,0.9928,0.9925,0.9922,0.9918,0.9913,0.9908,0.9902,0.9895,0.9888,0.988,0.9872,0.9863,0.9853,0.9843,0.9832,0.982,0.9807,0.9794,0.9779,0.9764,0.9747,0.9729,0.971,0.969,0.9668,0.9645,0.962,0.9594,0.9566,0.9536,0.9504,0.9469,0.9433,0.9396,0.9357,0.9315,0.9272,0.9226,0.9179,0.9128,0.9074,0.9019,0.8961,0.8899,0.8837,0.8772,0.8704,0.8633,0.8558,0.8481,0.8402,0.8319,0.8235,0.8149,0.806,0.7968,0.7872,0.7775,0.7675,0.7572,0.7468,0.7366,0.7261,0.7155,0.7046,0.6935,0.6823,0.6709,0.6596,0.6486,0.6375,0.6265,0.6154,0.6043,0.5932,0.5823,0.5714,0.5612,0.551,0.5413,0.5316,0.5222,0.513,0.5042,0.4956,0.4877,0.4803,0.4734,0.4669,0.4609,0.4553,0.4503,0.4457,0.4419,0.4386,0.436,0.4339,0.4325,0.4317,0.4316,0.432,0.4331,0.4348,0.4372,0.4401,0.4438,0.4481,0.453,0.4585,0.4645,0.471,0.478,0.4854,0.4935,0.5022,0.5114,0.521,0.531,0.541,0.5513,0.5618,0.5728,0.5841,0.5957,0.6074,0.6193,0.6309,0.6425,0.654,0.6658,0.6776,0.6894,0.7011,0.7129,0.7242,0.7351,0.7459,0.7566,0.7673,0.7778,0.788,0.798,0.8076,0.8166,0.8256,0.8342,0.8428,0.8511,0.859,0.8666,0.8739,0.8807,0.8874,0.8939,0.9002,0.9062,0.912,0.9173,0.9224,0.9271,0.9317,0.9361,0.9406,0.9447,0.9485,0.9521,0.9554,0.9585,0.9615,0.9645,0.9674,0.97,0.9724,0.9745,0.9764,0.9783,0.9801,0.9818,0.9836,0.9851,0.9864,0.9876,0.9886,0.9896,0.9906,0.9915,0.9925,0.9933,0.994,0.9947,0.9952,0.9958,0.9963,0.9969,0.9975,0.9979,0.9982,0.9984,0.9986,0.9987,0.9989,0.9991,0.9993,0.9994,0.9994,0.9994,0.9995,0.9996,0.9997,0.9998,0.9999,1.0,1.0,0.9999,0.9999,0.9999,0.9999,0.9999,0.9999,0.9998,0.9998,0.9997,0.9996,0.9997,0.9997,0.9997,0.9996,0.9995,0.9994,0.9993,0.9993,0.9993,0.9994,0.9993,0.9992,0.9991,0.999,0.9989,0.999,0.9991,0.9992,0.9993,0.9993,0.9992,0.9992,0.9992,0.9992,0.9993
114.60412482772172,7.035189661540866,-63.79480934959131,-56.31602687399964,61.853202149259324,56.687586801575684,r.HARPN.2018-08-28T12-51-24.260_S1D_A.fits,S1D_spectra/sun_harpsN/2018-08-28/r.HARPN.2018-08-28T12-51-24.260_S1D_A.fits,Sun,2018-08-28T12:51:24.260,58358.5356944446,0.436568067635908,31.9999999874287,211524,0.9942,0.9943,0.9944,0.9945,0.9945,0.9944,0.9942,0.9941,0.9941,0.9942,0.9943,0.9944,0.9945,0.9944,0.9944,0.9943,0.9942,0.9943,0.9945,0.9946,0.9947,0.9947,0.9948,0.9948,0.9947,0.9947,0.9948,0.9949,0.9949,0.995,0.995,0.9949,0.9948,0.9947,0.9946,0.9947,0.9947,0.9948,0.9948,0.9948,0.9947,0.9946,0.9945,0.9945,0.9944,0.9943,0.9942,0.9941,0.9938,0.9936,0.9933,0.993,0.9927,0.9924,0.9921,0.9917,0.9913,0.9908,0.9903,0.9897,0.9891,0.9885,0.9878,0.987,0.9861,0.9852,0.9842,0.9831,0.9819,0.9807,0.9793,0.9779,0.9763,0.9746,0.9728,0.9709,0.9688,0.9666,0.9643,0.9618,0.9592,0.9565,0.9535,0.9504,0.947,0.9434,0.9397,0.9358,0.9315,0.9273,0.9227,0.9179,0.9128,0.9074,0.9019,0.8961,0.8899,0.8837,0.8771,0.8703,0.8632,0.8557,0.848,0.8401,0.8318,0.8234,0.8148,0.8059,0.7967,0.7872,0.7774,0.7674,0.757,0.7466,0.7363,0.7258,0.7151,0.7042,0.6931,0.6818,0.6705,0.6591,0.648,0.637,0.626,0.6149,0.6037,0.5926,0.5817,0.5709,0.5606,0.5505,0.5407,0.5311,0.5217,0.5125,0.5037,0.4951,0.4872,0.4798,0.4729,0.4664,0.4604,0.4548,0.4497,0.4451,0.4412,0.438,0.4354,0.4333,0.4319,0.4311,0.4309,0.4314,0.4324,0.4342,0.4365,0.4394,0.4431,0.4474,0.4523,0.4579,0.464,0.4705,0.4775,0.4849,0.4931,0.5018,0.511,0.5206,0.5305,0.5405,0.5508,0.5613,0.5723,0.5837,0.5953,0.607,0.619,0.6306,0.6422,0.6537,0.6655,0.6773,0.6892,0.7009,0.7127,0.724,0.735,0.7458,0.7565,0.7672,0.7777,0.7879,0.798,0.8076,0.8167,0.8256,0.8343,0.8429,0.8511,0.8591,0.8667,0.874,0.8808,0.8875,0.894,0.9004,0.9064,0.9122,0.9176,0.9227,0.9274,0.9321,0.9365,0.9409,0.945,0.9488,0.9522,0.9555,0.9586,0.9616,0.9645,0.9673,0.97,0.9724,0.9745,0.9765,0.9784,0.9802,0.982,0.9837,0.9853,0.9866,0.9878,0.9889,0.9898,0.9908,0.9918,0.9928,0.9936,0.9943,0.9949,0.9954,0.9959,0.9964,0.997,0.9975,0.998,0.9982,0.9984,0.9986,0.9988,0.9989,0.9992,0.9994,0.9995,0.9996,0.9996,0.9997,0.9998,0.9999,1.0,1.0,1.0,0.9999,0.9998,0.9997,0.9998,0.9998,0.9998,0.9998,0.9997,0.9996,0.9995,0.9994,0.9995,0.9994,0.9993,0.9993,0.9992,0.9991,0.999,0.999,0.9991,0.9992,0.9991,0.9991,0.999,0.999,0.9989,0.999,0.9991,0.9992,0.9992,0.9991,0.999,0.9989,0.9989,0.9989,0.9989
115.08386203807925,7.044187481065218,-64.4755935274364,-56.80091706026086,82.90329711969486,56.55380092622403,r.HARPN.2018-08-29T09-11-25.704_S1D_A.fits,S1D_spectra/sun_harpsN/2018-08-29/r.HARPN.2018-08-29T09-11-25.704_S1D_A.fits,Sun,2018-08-29T09:11:25.704,58359.3829282406,0.752921382837462,31.9999999933499,211524,0.9947,0.9949,0.995,0.9951,0.9951,0.9951,0.995,0.9949,0.9948,0.9949,0.9951,0.9952,0.9952,0.9951,0.9951,0.995,0.995,0.995,0.9952,0.9953,0.9953,0.9953,0.9954,0.9953,0.9952,0.9952,0.9952,0.9953,0.9953,0.9954,0.9954,0.9954,0.9953,0.9952,0.9952,0.9953,0.9953,0.9954,0.9954,0.9954,0.9953,0.9951,0.995,0.9949,0.9948,0.9947,0.9946,0.9944,0.9942,0.9939,0.9936,0.9933,0.993,0.9927,0.9923,0.992,0.9915,0.9911,0.9906,0.99,0.9893,0.9887,0.988,0.9872,0.9863,0.9854,0.9844,0.9833,0.9821,0.9808,0.9795,0.978,0.9764,0.9747,0.9728,0.9708,0.9686,0.9664,0.9641,0.9616,0.9589,0.9562,0.9532,0.95,0.9466,0.9431,0.9394,0.9355,0.9314,0.9272,0.9226,0.9179,0.9128,0.9075,0.9019,0.8961,0.8899,0.8837,0.8771,0.8703,0.8631,0.8557,0.848,0.8401,0.8317,0.8234,0.8148,0.806,0.7969,0.7874,0.7777,0.7679,0.7576,0.7473,0.737,0.7265,0.7159,0.705,0.6939,0.6827,0.6713,0.66,0.6489,0.6379,0.6269,0.6158,0.6046,0.5936,0.5827,0.5718,0.5615,0.5514,0.5417,0.532,0.5226,0.5135,0.5047,0.4962,0.4883,0.481,0.4741,0.4677,0.4616,0.4561,0.4511,0.4465,0.4426,0.4394,0.4367,0.4347,0.4333,0.4324,0.4322,0.4327,0.4338,0.4355,0.4378,0.4407,0.4443,0.4486,0.4535,0.459,0.4651,0.4715,0.4785,0.4859,0.4941,0.5028,0.512,0.5216,0.5315,0.5415,0.5518,0.5622,0.5732,0.5845,0.596,0.6077,0.6196,0.6312,0.6428,0.6543,0.6661,0.678,0.6899,0.7016,0.7133,0.7246,0.7355,0.7462,0.7569,0.7676,0.778,0.7882,0.7982,0.8078,0.8168,0.8258,0.8344,0.843,0.8513,0.8592,0.8668,0.8741,0.8809,0.8876,0.894,0.9004,0.9064,0.9121,0.9173,0.9224,0.9271,0.9318,0.9362,0.9407,0.9448,0.9486,0.9521,0.9555,0.9585,0.9615,0.9644,0.9672,0.9698,0.9721,0.9742,0.9761,0.9779,0.9797,0.9815,0.9833,0.9848,0.9862,0.9874,0.9885,0.9895,0.9905,0.9916,0.9926,0.9934,0.9941,0.9947,0.9952,0.9957,0.9962,0.9968,0.9972,0.9976,0.9979,0.9981,0.9983,0.9985,0.9987,0.999,0.9993,0.9995,0.9996,0.9996,0.9996,0.9997,0.9997,0.9998,0.9998,0.9999,0.9998,0.9998,0.9998,0.9999,1.0,1.0,1.0,0.9999,0.9998,0.9997,0.9996,0.9997,0.9998,0.9997,0.9997,0.9996,0.9996,0.9995,0.9995,0.9996,0.9997,0.9997,0.9997,0.9996,0.9995,0.9995,0.9995,0.9996,0.9997,0.9997,0.9997,0.9996,0.9995,0.9995,0.9995,0.9996
114.30814783524634,7.0432697199054,-63.33534642065566,-56.03247028420778,85.99558304363097,56.59497232040236,r.HARPN.2018-08-30T09-27-01.053_S1D_A.fits,S1D_spectra/sun_harpsN/2018-08-30/r.HARPN.2018-08-30T09-27-01.053_S1D_A.fits,Sun,2018-08-30T09:27:01.053,58360.3937615738,0.741620851540278,31.9999999935473,211524,0.9946,0.9947,0.9949,0.9949,0.9949,0.9948,0.9947,0.9946,0.9946,0.9947,0.9948,0.9949,0.995,0.9949,0.9948,0.9947,0.9946,0.9946,0.9947,0.9947,0.9948,0.9949,0.9949,0.9949,0.9949,0.9949,0.995,0.995,0.9951,0.9951,0.9952,0.9952,0.9951,0.995,0.995,0.995,0.9951,0.9951,0.9951,0.9951,0.995,0.9948,0.9947,0.9946,0.9945,0.9944,0.9943,0.9941,0.9939,0.9936,0.9933,0.993,0.9927,0.9923,0.992,0.9916,0.9911,0.9906,0.9901,0.9895,0.9888,0.9882,0.9875,0.9868,0.986,0.9851,0.9841,0.983,0.9818,0.9805,0.9792,0.9777,0.9762,0.9746,0.9728,0.9708,0.9687,0.9665,0.9642,0.9617,0.959,0.9562,0.9532,0.9501,0.9467,0.9432,0.9395,0.9356,0.9314,0.9272,0.9225,0.9177,0.9125,0.9071,0.9015,0.8957,0.8896,0.8834,0.8769,0.8701,0.863,0.8555,0.8478,0.8399,0.8316,0.8231,0.8145,0.8057,0.7965,0.787,0.7772,0.7673,0.757,0.7466,0.7364,0.7259,0.7152,0.7044,0.6933,0.6821,0.6708,0.6595,0.6485,0.6374,0.6265,0.6154,0.6043,0.5932,0.5823,0.5714,0.5611,0.551,0.5413,0.5316,0.5222,0.513,0.5043,0.4958,0.4879,0.4805,0.4736,0.4671,0.4611,0.4555,0.4504,0.4458,0.442,0.4388,0.4361,0.4341,0.4327,0.4319,0.4317,0.4321,0.4331,0.4348,0.4371,0.4401,0.4438,0.4481,0.4531,0.4586,0.4647,0.4711,0.4781,0.4856,0.4937,0.5024,0.5116,0.5212,0.5313,0.5413,0.5516,0.5621,0.5731,0.5845,0.596,0.6077,0.6196,0.6311,0.6427,0.6542,0.6659,0.6777,0.6895,0.7012,0.713,0.7243,0.7352,0.746,0.7567,0.7674,0.7778,0.7879,0.7979,0.8075,0.8165,0.8253,0.834,0.8426,0.8509,0.8588,0.8665,0.8738,0.8806,0.8873,0.8938,0.9001,0.9062,0.9119,0.9172,0.9223,0.927,0.9316,0.9361,0.9405,0.9446,0.9484,0.9519,0.9552,0.9582,0.9612,0.9641,0.967,0.9695,0.9719,0.974,0.9759,0.9778,0.9796,0.9814,0.9831,0.9847,0.9861,0.9873,0.9884,0.9895,0.9905,0.9915,0.9924,0.9933,0.9939,0.9945,0.995,0.9955,0.996,0.9966,0.9971,0.9976,0.9979,0.9981,0.9984,0.9986,0.9988,0.9991,0.9993,0.9994,0.9995,0.9995,0.9995,0.9997,0.9997,0.9999,0.9999,1.0,1.0,0.9999,0.9999,0.9999,0.9999,0.9999,0.9999,0.9999,0.9998,0.9997,0.9996,0.9997,0.9997,0.9996,0.9995,0.9994,0.9993,0.9992,0.9992,0.9993,0.9994,0.9993,0.9993,0.9992,0.9991,0.9991,0.9991,0.9992,0.9993,0.9993,0.9993,0.9992,0.9991,0.9991,0.9991,0.9992
115.46082351897454,7.04410835057351,-64.35853579950101,-56.65725734027849,94.80225106603604,56.52170086125828,r.HARPN.2018-08-31T09-03-46.753_S1D_A.fits,S1D_spectra/sun_harpsN/2018-08-31/r.HARPN.2018-08-31T09-03-46.753_S1D_A.fits,Sun,2018-08-31T09:03:46.753,58361.3776157405,0.766287814775668,31.9999999940538,211524,0.9945,0.9947,0.9948,0.995,0.995,0.9949,0.9948,0.9947,0.9947,0.9948,0.9949,0.995,0.995,0.995,0.9949,0.9949,0.9948,0.9949,0.995,0.9951,0.9952,0.9952,0.9952,0.9952,0.995,0.9949,0.995,0.9951,0.9952,0.9953,0.9954,0.9954,0.9953,0.9952,0.9951,0.9951,0.9951,0.995,0.995,0.995,0.9948,0.9947,0.9946,0.9946,0.9945,0.9944,0.9943,0.9942,0.9939,0.9936,0.9933,0.993,0.9926,0.9923,0.992,0.9916,0.9911,0.9906,0.9901,0.9895,0.9889,0.9882,0.9875,0.9867,0.9858,0.9849,0.9839,0.9827,0.9816,0.9804,0.979,0.9776,0.976,0.9744,0.9725,0.9706,0.9685,0.9663,0.964,0.9616,0.959,0.9563,0.9533,0.9502,0.9468,0.9433,0.9395,0.9356,0.9314,0.9271,0.9224,0.9176,0.9125,0.9071,0.9016,0.8958,0.8897,0.8835,0.877,0.8703,0.8631,0.8557,0.848,0.8402,0.8319,0.8235,0.8149,0.8061,0.797,0.7875,0.7777,0.7678,0.7575,0.7472,0.737,0.7265,0.7159,0.705,0.694,0.6828,0.6715,0.6602,0.6492,0.6381,0.6271,0.616,0.6049,0.5938,0.5829,0.5721,0.5619,0.5518,0.5421,0.5324,0.523,0.5138,0.5051,0.4965,0.4887,0.4813,0.4744,0.4679,0.4618,0.4562,0.4511,0.4465,0.4427,0.4394,0.4368,0.4348,0.4333,0.4325,0.4323,0.4327,0.4338,0.4355,0.4378,0.4407,0.4444,0.4488,0.4537,0.4593,0.4653,0.4718,0.4788,0.4862,0.4943,0.503,0.5122,0.5218,0.5318,0.5417,0.552,0.5625,0.5734,0.5848,0.5963,0.6079,0.6198,0.6314,0.6429,0.6544,0.6661,0.6779,0.6898,0.7015,0.7133,0.7246,0.7355,0.7463,0.7571,0.7677,0.7781,0.7883,0.7982,0.8077,0.8168,0.8257,0.8344,0.843,0.8512,0.8592,0.8668,0.8741,0.8808,0.8874,0.8939,0.9002,0.9061,0.9118,0.9171,0.9222,0.9269,0.9315,0.936,0.9404,0.9445,0.9483,0.9517,0.955,0.958,0.9609,0.9638,0.9667,0.9693,0.9717,0.9738,0.9758,0.9777,0.9795,0.9813,0.9831,0.9847,0.9861,0.9873,0.9885,0.9895,0.9905,0.9916,0.9926,0.9935,0.9941,0.9947,0.9951,0.9956,0.9961,0.9967,0.9972,0.9976,0.9979,0.9981,0.9983,0.9985,0.9987,0.999,0.9992,0.9993,0.9994,0.9994,0.9994,0.9996,0.9997,0.9998,0.9999,1.0,1.0,0.9999,0.9999,1.0,0.9999,1.0,1.0,1.0,0.9999,0.9998,0.9998,0.9999,1.0,1.0,1.0,0.9999,0.9999,0.9998,0.9997,0.9998,0.9998,0.9996,0.9995,0.9994,0.9993,0.9992,0.9992,0.9993,0.9994,0.9993,0.9992,0.9991,0.999,0.999,0.9991,0.9992
116.17297029276207,7.042224066936224,-63.65209990964155,-56.156193653943895,77.28474496362142,56.611381571737226,r.HARPN.2018-09-01T09-45-35.584_S1D_A.fits,S1D_spectra/sun_harpsN/2018-09-01/r.HARPN.2018-09-01T09-45-35.584_S1D_A.fits,Sun,2018-09-01T09:45:35.584,58362.4066550927,0.729207531276863,31.9999999941762,211524,0.9942,0.9944,0.9945,0.9947,0.9947,0.9946,0.9946,0.9945,0.9944,0.9945,0.9947,0.9948,0.9948,0.9948,0.9948,0.9947,0.9946,0.9946,0.9948,0.9948,0.9949,0.9949,0.9949,0.9949,0.9948,0.9948,0.9949,0.995,0.9951,0.9951,0.9952,0.9951,0.995,0.995,0.995,0.995,0.9951,0.9951,0.9951,0.995,0.9949,0.9947,0.9946,0.9945,0.9945,0.9944,0.9943,0.9942,0.9939,0.9937,0.9933,0.993,0.9927,0.9924,0.992,0.9917,0.9912,0.9908,0.9903,0.9897,0.9891,0.9885,0.9878,0.987,0.9862,0.9852,0.9842,0.9831,0.9819,0.9807,0.9794,0.9779,0.9763,0.9747,0.9729,0.9709,0.9688,0.9666,0.9643,0.9618,0.9591,0.9564,0.9533,0.9502,0.9468,0.9432,0.9395,0.9356,0.9313,0.9271,0.9225,0.9177,0.9125,0.9071,0.9015,0.8958,0.8897,0.8835,0.877,0.8703,0.8631,0.8557,0.848,0.8401,0.8317,0.8233,0.8147,0.8058,0.7967,0.7872,0.7775,0.7676,0.7573,0.747,0.7367,0.7262,0.7156,0.7047,0.6936,0.6824,0.671,0.6596,0.6486,0.6375,0.6265,0.6154,0.6043,0.5932,0.5823,0.5715,0.5612,0.5511,0.5413,0.5317,0.5222,0.513,0.5043,0.4957,0.4879,0.4805,0.4736,0.4671,0.461,0.4554,0.4503,0.4457,0.4418,0.4386,0.436,0.4339,0.4325,0.4317,0.4316,0.432,0.4331,0.4348,0.4371,0.4401,0.4438,0.4481,0.453,0.4586,0.4646,0.471,0.478,0.4854,0.4936,0.5022,0.5114,0.5209,0.5309,0.5409,0.5512,0.5616,0.5725,0.5839,0.5954,0.6071,0.619,0.6306,0.6422,0.6538,0.6655,0.6774,0.6893,0.7011,0.7128,0.7241,0.735,0.7458,0.7565,0.7671,0.7775,0.7877,0.7977,0.8073,0.8163,0.8253,0.834,0.8426,0.8509,0.8588,0.8665,0.8738,0.8806,0.8873,0.8938,0.9002,0.9062,0.9119,0.9172,0.9223,0.927,0.9316,0.936,0.9404,0.9445,0.9483,0.9517,0.955,0.9581,0.961,0.964,0.9669,0.9695,0.9719,0.974,0.976,0.9779,0.9797,0.9815,0.9833,0.9849,0.9863,0.9876,0.9887,0.9897,0.9907,0.9918,0.9927,0.9936,0.9942,0.9948,0.9953,0.9958,0.9963,0.9968,0.9973,0.9977,0.998,0.9981,0.9983,0.9985,0.9987,0.9989,0.9991,0.9993,0.9993,0.9994,0.9995,0.9996,0.9997,0.9998,0.9999,1.0,0.9999,0.9999,0.9999,1.0,1.0,1.0,1.0,0.9999,0.9998,0.9996,0.9996,0.9996,0.9996,0.9995,0.9994,0.9993,0.9992,0.9991,0.9991,0.9992,0.9993,0.9992,0.9993,0.9992,0.9991,0.9991,0.9991,0.9992,0.9993,0.9992,0.9992,0.999,0.999,0.999,0.999,0.9992
114.26579136008846,7.033951084491802,-63.09314997151931,-55.70062882072628,62.96042553788131,56.702721058148875,r.HARPN.2018-09-02T13-07-14.556_S1D_A.fits,S1D_spectra/sun_harpsN/2018-09-02/r.HARPN.2018-09-02T13-07-14.556_S1D_A.fits,Sun,2018-09-02T13:07:14.556,58363.5466898149,0.423776859223769,31.9999999885008,211524,0.9941,0.9943,0.9944,0.9945,0.9945,0.9943,0.9942,0.9941,0.994,0.9941,0.9943,0.9944,0.9945,0.9945,0.9945,0.9945,0.9945,0.9946,0.9948,0.9949,0.9949,0.9949,0.9949,0.9948,0.9947,0.9947,0.9948,0.9948,0.9949,0.995,0.9951,0.995,0.9949,0.9948,0.9948,0.9948,0.9948,0.9948,0.9949,0.9948,0.9947,0.9946,0.9946,0.9945,0.9945,0.9944,0.9943,0.9942,0.9939,0.9937,0.9934,0.9931,0.9928,0.9925,0.9923,0.992,0.9916,0.9912,0.9907,0.9901,0.9895,0.9888,0.9881,0.9874,0.9865,0.9856,0.9846,0.9835,0.9823,0.9811,0.9798,0.9783,0.9767,0.975,0.9732,0.9711,0.969,0.9668,0.9644,0.962,0.9593,0.9566,0.9536,0.9505,0.9471,0.9436,0.9398,0.9359,0.9317,0.9274,0.9228,0.9181,0.913,0.9076,0.902,0.8962,0.89,0.8837,0.8772,0.8703,0.8631,0.8556,0.8479,0.84,0.8316,0.8232,0.8146,0.8058,0.7966,0.7872,0.7774,0.7674,0.7571,0.7467,0.7364,0.7259,0.7152,0.7043,0.6931,0.6819,0.6705,0.6591,0.6481,0.637,0.626,0.6148,0.6037,0.5926,0.5817,0.5708,0.5605,0.5504,0.5406,0.5309,0.5215,0.5123,0.5035,0.4949,0.487,0.4796,0.4727,0.4662,0.4602,0.4546,0.4496,0.445,0.4411,0.4378,0.4352,0.4331,0.4317,0.4309,0.4308,0.4313,0.4323,0.4341,0.4364,0.4394,0.4431,0.4474,0.4523,0.4579,0.464,0.4705,0.4775,0.4849,0.4931,0.5018,0.5109,0.5205,0.5305,0.5405,0.5508,0.5613,0.5723,0.5837,0.5953,0.6071,0.6191,0.6307,0.6423,0.6539,0.6656,0.6775,0.6893,0.7011,0.7129,0.7241,0.7351,0.7459,0.7566,0.7673,0.7778,0.788,0.798,0.8076,0.8166,0.8256,0.8343,0.8429,0.8512,0.8592,0.8669,0.8742,0.881,0.8877,0.8942,0.9005,0.9066,0.9123,0.9176,0.9227,0.9274,0.932,0.9364,0.9408,0.9449,0.9487,0.9522,0.9556,0.9586,0.9616,0.9645,0.9674,0.97,0.9724,0.9745,0.9765,0.9783,0.9801,0.9819,0.9836,0.9852,0.9865,0.9877,0.9888,0.9898,0.9908,0.9918,0.9927,0.9935,0.9941,0.9947,0.9952,0.9958,0.9963,0.9969,0.9974,0.9979,0.9982,0.9984,0.9986,0.9987,0.9989,0.9991,0.9993,0.9995,0.9995,0.9996,0.9997,0.9998,0.9999,1.0,1.0,1.0,0.9999,0.9997,0.9997,0.9997,0.9997,0.9997,0.9997,0.9997,0.9997,0.9995,0.9995,0.9996,0.9996,0.9995,0.9995,0.9994,0.9993,0.9992,0.9992,0.9993,0.9994,0.9993,0.9993,0.9991,0.9991,0.999,0.999,0.9991,0.9992,0.9992,0.9991,0.999,0.9989,0.9988,0.9988,0.9988
115.25215802632302,7.037824581145688,-64.9904046596716,-57.416849257909575,69.63379911080051,56.63038692195548,r.HARPN.2018-09-03T09-45-39.339_S1D_A.fits,S1D_spectra/sun_harpsN/2018-09-03/r.HARPN.2018-09-03T09-45-39.339_S1D_A.fits,Sun,2018-09-03T09:45:39.339,58364.4067013888,0.73742741620986,31.9999999952496,211524,0.9943,0.9944,0.9946,0.9946,0.9946,0.9945,0.9943,0.9942,0.9941,0.9942,0.9943,0.9944,0.9944,0.9944,0.9944,0.9943,0.9943,0.9944,0.9945,0.9947,0.9949,0.9949,0.995,0.9949,0.9948,0.9948,0.9948,0.9949,0.995,0.995,0.995,0.995,0.9949,0.9948,0.9948,0.9948,0.9948,0.9949,0.995,0.995,0.9949,0.9948,0.9947,0.9947,0.9946,0.9944,0.9943,0.9941,0.9938,0.9936,0.9932,0.993,0.9927,0.9924,0.9921,0.9917,0.9913,0.9909,0.9903,0.9897,0.9891,0.9884,0.9877,0.9869,0.9861,0.9852,0.9842,0.9831,0.982,0.9808,0.9795,0.9781,0.9765,0.9748,0.9729,0.9709,0.9688,0.9665,0.9641,0.9616,0.9589,0.9562,0.9532,0.9501,0.9467,0.9432,0.9395,0.9356,0.9314,0.9272,0.9226,0.9179,0.9128,0.9074,0.9018,0.8961,0.8899,0.8837,0.8771,0.8703,0.8631,0.8557,0.848,0.8401,0.8317,0.8233,0.8147,0.8059,0.7967,0.7872,0.7774,0.7675,0.7571,0.7468,0.7365,0.726,0.7153,0.7044,0.6934,0.6822,0.6709,0.6595,0.6485,0.6375,0.6265,0.6154,0.6043,0.5932,0.5823,0.5714,0.5611,0.551,0.5412,0.5316,0.5221,0.5129,0.5041,0.4956,0.4877,0.4802,0.4733,0.4668,0.4608,0.4552,0.4501,0.4456,0.4417,0.4385,0.436,0.4339,0.4326,0.4317,0.4315,0.4319,0.433,0.4346,0.4369,0.4399,0.4436,0.4479,0.4528,0.4584,0.4645,0.4709,0.4779,0.4853,0.4934,0.5021,0.5112,0.5208,0.5308,0.5408,0.5511,0.5616,0.5726,0.5839,0.5955,0.6072,0.6191,0.6307,0.6423,0.6538,0.6656,0.6775,0.6893,0.7011,0.7129,0.7242,0.7352,0.746,0.7567,0.7674,0.7779,0.788,0.7981,0.8077,0.8167,0.8256,0.8343,0.8429,0.8512,0.8591,0.8667,0.874,0.8807,0.8874,0.8939,0.9003,0.9063,0.9121,0.9175,0.9226,0.9273,0.932,0.9364,0.9408,0.9448,0.9486,0.952,0.9553,0.9584,0.9613,0.9642,0.9671,0.9697,0.9721,0.9742,0.9762,0.9781,0.9799,0.9817,0.9835,0.985,0.9864,0.9876,0.9886,0.9896,0.9906,0.9916,0.9925,0.9934,0.994,0.9946,0.9951,0.9955,0.996,0.9966,0.9971,0.9975,0.9978,0.9981,0.9983,0.9986,0.9988,0.9991,0.9993,0.9995,0.9995,0.9995,0.9996,0.9997,0.9997,0.9999,0.9999,1.0,1.0,0.9999,0.9999,0.9999,0.9999,0.9999,0.9998,0.9997,0.9996,0.9995,0.9994,0.9995,0.9995,0.9995,0.9994,0.9993,0.9992,0.9991,0.9991,0.9992,0.9993,0.9992,0.9991,0.999,0.9989,0.9989,0.9989,0.9989,0.9991,0.9991,0.9991,0.9991,0.9991,0.9991,0.9992,0.9992
116.73013598590245,7.040744734541426,-64.99308047742767,-57.47206096897012,77.1507981563906,56.60092629590536,r.HARPN.2018-09-04T09-31-34.480_S1D_A.fits,S1D_spectra/sun_harpsN/2018-09-04/r.HARPN.2018-09-04T09-31-34.480_S1D_A.fits,Sun,2018-09-04T09:31:34.480,58365.3969212966,0.75731249365968,31.9999999959888,211524,0.9945,0.9946,0.9947,0.9947,0.9947,0.9945,0.9944,0.9942,0.9942,0.9943,0.9944,0.9946,0.9946,0.9946,0.9946,0.9946,0.9945,0.9947,0.9948,0.995,0.9951,0.9951,0.9951,0.9951,0.995,0.995,0.9951,0.9951,0.9952,0.9952,0.9953,0.9953,0.9951,0.995,0.995,0.995,0.995,0.995,0.995,0.995,0.9948,0.9947,0.9947,0.9946,0.9945,0.9944,0.9944,0.9942,0.994,0.9937,0.9934,0.9932,0.9929,0.9926,0.9923,0.9919,0.9915,0.991,0.9904,0.9898,0.9892,0.9885,0.9878,0.987,0.9862,0.9852,0.9842,0.9831,0.9819,0.9807,0.9793,0.9779,0.9763,0.9746,0.9728,0.9708,0.9687,0.9665,0.9642,0.9618,0.9592,0.9565,0.9535,0.9504,0.947,0.9434,0.9397,0.9358,0.9315,0.9272,0.9226,0.9178,0.9127,0.9073,0.9017,0.896,0.8899,0.8837,0.8773,0.8705,0.8634,0.856,0.8483,0.8404,0.832,0.8236,0.815,0.8062,0.7969,0.7874,0.7777,0.7677,0.7574,0.747,0.7368,0.7263,0.7157,0.7048,0.6938,0.6826,0.6713,0.6599,0.6489,0.6379,0.6269,0.6158,0.6047,0.5936,0.5828,0.5719,0.5616,0.5515,0.5418,0.5321,0.5227,0.5135,0.5046,0.496,0.4881,0.4807,0.4738,0.4673,0.4612,0.4556,0.4505,0.4459,0.442,0.4388,0.4361,0.4341,0.4327,0.4319,0.4317,0.4321,0.4332,0.4349,0.4372,0.4402,0.4439,0.4482,0.4531,0.4586,0.4647,0.4711,0.4781,0.4855,0.4936,0.5022,0.5114,0.5209,0.5309,0.5409,0.5512,0.5617,0.5727,0.584,0.5956,0.6073,0.6193,0.6309,0.6424,0.654,0.6657,0.6776,0.6894,0.7012,0.713,0.7242,0.7352,0.746,0.7567,0.7673,0.7777,0.7879,0.7979,0.8074,0.8165,0.8254,0.8342,0.8428,0.8511,0.8591,0.8667,0.874,0.8808,0.8875,0.8939,0.9003,0.9063,0.912,0.9173,0.9224,0.9271,0.9318,0.9363,0.9407,0.9448,0.9486,0.9521,0.9554,0.9584,0.9614,0.9643,0.9672,0.9698,0.9722,0.9744,0.9764,0.9782,0.98,0.9818,0.9836,0.9851,0.9864,0.9876,0.9887,0.9897,0.9908,0.9918,0.9928,0.9937,0.9944,0.995,0.9956,0.9961,0.9967,0.9972,0.9977,0.9981,0.9983,0.9985,0.9987,0.9989,0.999,0.9993,0.9995,0.9996,0.9996,0.9996,0.9996,0.9997,0.9997,0.9998,0.9999,0.9999,0.9998,0.9998,0.9998,0.9999,0.9999,0.9999,1.0,0.9999,0.9999,0.9998,0.9998,0.9999,1.0,1.0,1.0,0.9999,0.9998,0.9997,0.9996,0.9996,0.9997,0.9996,0.9995,0.9994,0.9993,0.9993,0.9993,0.9994,0.9996,0.9995,0.9995,0.9994,0.9993,0.9993,0.9993,0.9993
125.80191767211016,7.045026344628958,-63.94190440819084,-56.313501917525116,91.12402121085078,56.54081644844763,r.HARPN.2018-09-05T09-03-48.285_S1D_A.fits,S1D_spectra/sun_harpsN/2018-09-05/r.HARPN.2018-09-05T09-03-48.285_S1D_A.fits,Sun,2018-09-05T09:03:48.285,58366.3776388886,0.788777205354882,31.9999999967806,211524,0.9945,0.9947,0.9948,0.9949,0.9949,0.9948,0.9946,0.9945,0.9944,0.9945,0.9946,0.9948,0.9948,0.9948,0.9948,0.9948,0.9947,0.9948,0.9949,0.995,0.995,0.995,0.995,0.9949,0.9948,0.9948,0.9949,0.995,0.9951,0.9951,0.9952,0.9951,0.9951,0.995,0.995,0.9951,0.9951,0.9952,0.9952,0.9952,0.9951,0.995,0.9948,0.9946,0.9945,0.9944,0.9942,0.9941,0.9938,0.9935,0.9932,0.9929,0.9926,0.9923,0.992,0.9917,0.9913,0.9908,0.9903,0.9897,0.9891,0.9885,0.9878,0.987,0.9862,0.9852,0.9842,0.9831,0.9818,0.9805,0.9792,0.9777,0.9762,0.9745,0.9728,0.9709,0.9688,0.9666,0.9643,0.9618,0.9591,0.9564,0.9534,0.9502,0.9468,0.9433,0.9396,0.9357,0.9315,0.9273,0.9228,0.918,0.9129,0.9077,0.9021,0.8964,0.8903,0.8841,0.8777,0.871,0.8638,0.8564,0.8488,0.841,0.8327,0.8244,0.8159,0.8071,0.798,0.7885,0.7788,0.7689,0.7586,0.7482,0.738,0.7275,0.7168,0.7059,0.6948,0.6837,0.6724,0.6611,0.6501,0.639,0.628,0.6169,0.6058,0.5947,0.5838,0.573,0.5627,0.5525,0.5428,0.5331,0.5237,0.5145,0.5057,0.4971,0.4892,0.4818,0.4749,0.4683,0.4622,0.4566,0.4515,0.4469,0.4429,0.4396,0.4369,0.4348,0.4333,0.4324,0.4322,0.4325,0.4335,0.4352,0.4374,0.4403,0.4439,0.4482,0.453,0.4585,0.4645,0.4709,0.4778,0.4852,0.4933,0.5019,0.5111,0.5206,0.5305,0.5404,0.5507,0.5611,0.572,0.5833,0.5948,0.6065,0.6184,0.63,0.6415,0.653,0.6647,0.6766,0.6884,0.7002,0.712,0.7232,0.7342,0.745,0.7558,0.7664,0.7769,0.7871,0.7971,0.8066,0.8157,0.8246,0.8333,0.8419,0.8502,0.8582,0.8658,0.8732,0.88,0.8867,0.8932,0.8995,0.9056,0.9113,0.9166,0.9217,0.9263,0.9309,0.9354,0.9398,0.9439,0.9477,0.9512,0.9545,0.9576,0.9606,0.9635,0.9665,0.9692,0.9716,0.9737,0.9757,0.9776,0.9794,0.9812,0.983,0.9846,0.9859,0.9872,0.9883,0.9893,0.9904,0.9914,0.9924,0.9934,0.9941,0.9947,0.9952,0.9958,0.9963,0.9968,0.9973,0.9978,0.998,0.9983,0.9985,0.9987,0.9988,0.9991,0.9993,0.9995,0.9995,0.9996,0.9996,0.9996,0.9997,0.9998,0.9998,0.9999,0.9998,0.9998,0.9998,0.9999,1.0,1.0,1.0,1.0,0.9999,0.9997,0.9997,0.9998,0.9998,0.9997,0.9997,0.9996,0.9995,0.9994,0.9994,0.9995,0.9995,0.9995,0.9995,0.9994,0.9994,0.9994,0.9994,0.9995,0.9997,0.9996,0.9996,0.9994,0.9993,0.9993,0.9993,0.9993
115.80285363149596,7.042846288856771,-64.1086435760952,-56.46391507532907,81.96514749217546,56.570599886271324,r.HARPN.2018-09-06T09-17-22.524_S1D_A.fits,S1D_spectra/sun_harpsN/2018-09-06/r.HARPN.2018-09-06T09-17-22.524_S1D_A.fits,Sun,2018-09-06T09:17:22.524,58367.3870601854,0.782358162024506,31.9999999972687,211524,0.9947,0.9949,0.9951,0.9952,0.9952,0.9951,0.9949,0.9948,0.9947,0.9948,0.9949,0.995,0.9951,0.995,0.995,0.9949,0.9948,0.9949,0.995,0.995,0.9951,0.9951,0.9952,0.9951,0.9951,0.995,0.9952,0.9952,0.9953,0.9954,0.9954,0.9954,0.9952,0.9952,0.9951,0.9952,0.9952,0.9952,0.9952,0.9952,0.995,0.9948,0.9947,0.9946,0.9945,0.9944,0.9943,0.9941,0.9939,0.9937,0.9934,0.9931,0.9928,0.9924,0.9921,0.9918,0.9914,0.9909,0.9904,0.9898,0.9891,0.9884,0.9877,0.9869,0.9861,0.9851,0.9841,0.983,0.9818,0.9805,0.9792,0.9778,0.9762,0.9746,0.9728,0.9709,0.9688,0.9666,0.9643,0.9619,0.9593,0.9566,0.9536,0.9504,0.947,0.9435,0.9397,0.9358,0.9316,0.9273,0.9227,0.9179,0.9128,0.9074,0.9018,0.8961,0.8899,0.8837,0.8771,0.8704,0.8632,0.8558,0.8481,0.8402,0.8318,0.8235,0.8149,0.8061,0.7969,0.7874,0.7777,0.7678,0.7575,0.7472,0.737,0.7265,0.7159,0.705,0.6939,0.6827,0.6713,0.6599,0.6489,0.6378,0.6269,0.6157,0.6046,0.5936,0.5827,0.5719,0.5616,0.5515,0.5417,0.5321,0.5226,0.5134,0.5047,0.4962,0.4883,0.4809,0.474,0.4675,0.4615,0.4559,0.4508,0.4462,0.4423,0.4391,0.4365,0.4345,0.4331,0.4323,0.4321,0.4325,0.4336,0.4353,0.4376,0.4405,0.4441,0.4484,0.4533,0.4589,0.4649,0.4713,0.4783,0.4858,0.4939,0.5026,0.5118,0.5213,0.5313,0.5413,0.5516,0.5621,0.573,0.5844,0.596,0.6076,0.6196,0.6312,0.6427,0.6542,0.6659,0.6778,0.6896,0.7013,0.7131,0.7244,0.7353,0.7461,0.7569,0.7676,0.778,0.7882,0.7982,0.8078,0.8168,0.8257,0.8344,0.843,0.8512,0.8591,0.8667,0.8739,0.8807,0.8874,0.8938,0.9002,0.9062,0.912,0.9173,0.9224,0.9271,0.9318,0.9362,0.9406,0.9447,0.9484,0.9519,0.9552,0.9582,0.9612,0.9641,0.967,0.9697,0.9721,0.9743,0.9763,0.9781,0.9799,0.9817,0.9835,0.985,0.9864,0.9876,0.9887,0.9896,0.9907,0.9917,0.9927,0.9935,0.9942,0.9948,0.9954,0.9959,0.9964,0.997,0.9975,0.998,0.9982,0.9985,0.9987,0.9989,0.9992,0.9994,0.9996,0.9998,0.9998,0.9998,0.9998,0.9998,0.9999,0.9999,1.0,1.0,1.0,0.9999,0.9999,1.0,1.0,1.0,1.0,0.9999,0.9998,0.9997,0.9997,0.9997,0.9998,0.9997,0.9997,0.9996,0.9996,0.9995,0.9995,0.9996,0.9997,0.9996,0.9996,0.9995,0.9994,0.9994,0.9994,0.9995,0.9996,0.9996,0.9995,0.9994,0.9994,0.9993,0.9994,0.9995
115.93486240119074,7.040839890527322,-63.30953976066502,-55.76539771861211,77.56500753629284,56.600063756461125,r.HARPN.2018-09-07T09-43-23.462_S1D_A.fits,S1D_spectra/sun_harpsN/2018-09-07/r.HARPN.2018-09-07T09-43-23.462_S1D_A.fits,Sun,2018-09-07T09:43:23.462,58368.4051273149,0.761673635189608,31.9999999975874,211524,0.9943,0.9945,0.9946,0.9947,0.9946,0.9945,0.9944,0.9942,0.9941,0.9942,0.9943,0.9944,0.9945,0.9945,0.9946,0.9945,0.9945,0.9946,0.9948,0.9948,0.9949,0.9949,0.9949,0.9949,0.9948,0.9948,0.9949,0.995,0.995,0.9951,0.9951,0.9951,0.9949,0.9948,0.9948,0.9948,0.9949,0.9949,0.9949,0.9949,0.9948,0.9947,0.9946,0.9945,0.9944,0.9943,0.9942,0.9941,0.9938,0.9936,0.9933,0.993,0.9927,0.9924,0.9921,0.9917,0.9913,0.9908,0.9903,0.9898,0.9891,0.9885,0.9878,0.987,0.9861,0.9852,0.9841,0.983,0.9817,0.9805,0.9791,0.9777,0.9761,0.9745,0.9726,0.9707,0.9686,0.9664,0.9641,0.9616,0.959,0.9562,0.9532,0.9501,0.9467,0.9431,0.9393,0.9354,0.9312,0.9269,0.9223,0.9175,0.9124,0.9071,0.9015,0.8958,0.8897,0.8835,0.877,0.8703,0.8631,0.8557,0.8481,0.8402,0.8319,0.8235,0.8149,0.806,0.7968,0.7873,0.7776,0.7677,0.7574,0.747,0.7367,0.7262,0.7156,0.7047,0.6936,0.6824,0.671,0.6597,0.6486,0.6376,0.6266,0.6155,0.6043,0.5933,0.5824,0.5715,0.5612,0.5511,0.5414,0.5317,0.5223,0.5131,0.5044,0.4958,0.4879,0.4805,0.4737,0.4671,0.4611,0.4554,0.4504,0.4458,0.4418,0.4386,0.436,0.434,0.4326,0.4318,0.4316,0.4321,0.4332,0.4349,0.4372,0.4401,0.4438,0.4481,0.453,0.4586,0.4647,0.4711,0.4781,0.4855,0.4936,0.5023,0.5115,0.5211,0.531,0.541,0.5513,0.5618,0.5727,0.5841,0.5956,0.6073,0.6192,0.6308,0.6424,0.6539,0.6657,0.6775,0.6894,0.7011,0.7129,0.7241,0.735,0.7458,0.7565,0.7671,0.7775,0.7877,0.7977,0.8073,0.8164,0.8253,0.8341,0.8427,0.8509,0.8589,0.8665,0.8738,0.8806,0.8873,0.8937,0.9001,0.9061,0.9119,0.9172,0.9223,0.927,0.9316,0.9361,0.9404,0.9445,0.9483,0.9518,0.9551,0.9582,0.9611,0.964,0.9669,0.9695,0.9719,0.974,0.976,0.9778,0.9796,0.9814,0.9832,0.9848,0.9862,0.9873,0.9884,0.9894,0.9904,0.9915,0.9924,0.9933,0.994,0.9947,0.9952,0.9958,0.9963,0.9968,0.9973,0.9977,0.998,0.9982,0.9983,0.9985,0.9987,0.999,0.9992,0.9994,0.9995,0.9996,0.9997,0.9998,0.9999,1.0,1.0,1.0,0.9998,0.9996,0.9995,0.9995,0.9995,0.9995,0.9995,0.9994,0.9994,0.9993,0.9993,0.9994,0.9995,0.9994,0.9994,0.9993,0.9993,0.9992,0.9992,0.9993,0.9994,0.9993,0.9993,0.9991,0.999,0.9989,0.9989,0.999,0.9991,0.9991,0.9991,0.999,0.9989,0.9988,0.9989,0.999
115.94306659202059,7.045527644843218,-63.4686150313068,-55.89144667440687,89.43472046217552,56.53770031008513,r.HARPN.2018-09-08T09-02-14.578_S1D_A.fits,S1D_spectra/sun_harpsN/2018-09-08/r.HARPN.2018-09-08T09-02-14.578_S1D_A.fits,Sun,2018-09-08T09:02:14.578,58369.3765509259,0.808417460418686,31.9999999983392,211524,0.9947,0.9948,0.995,0.9951,0.9951,0.995,0.9949,0.9948,0.9947,0.9948,0.9949,0.995,0.995,0.9949,0.9949,0.9948,0.9948,0.9949,0.995,0.9951,0.9952,0.9952,0.9953,0.9952,0.9951,0.9951,0.9951,0.9952,0.9952,0.9953,0.9953,0.9952,0.9951,0.995,0.995,0.995,0.995,0.995,0.995,0.995,0.9948,0.9947,0.9946,0.9946,0.9945,0.9943,0.9942,0.994,0.9938,0.9936,0.9933,0.993,0.9928,0.9924,0.9922,0.9918,0.9914,0.9909,0.9903,0.9897,0.989,0.9884,0.9876,0.9869,0.986,0.985,0.984,0.9829,0.9817,0.9805,0.9792,0.9778,0.9762,0.9745,0.9727,0.9708,0.9686,0.9664,0.9641,0.9616,0.959,0.9562,0.9532,0.9501,0.9467,0.9431,0.9394,0.9355,0.9314,0.9271,0.9226,0.9178,0.9127,0.9074,0.9018,0.8961,0.8899,0.8837,0.8771,0.8703,0.8631,0.8556,0.8479,0.8399,0.8316,0.8232,0.8146,0.8058,0.7967,0.7872,0.7776,0.7677,0.7575,0.7472,0.7369,0.7265,0.7159,0.705,0.6939,0.6828,0.6715,0.6601,0.6491,0.638,0.627,0.6159,0.6048,0.5937,0.5828,0.5719,0.5616,0.5515,0.5418,0.5321,0.5227,0.5136,0.5048,0.4963,0.4884,0.481,0.4742,0.4677,0.4617,0.4561,0.4511,0.4465,0.4426,0.4393,0.4367,0.4346,0.4332,0.4324,0.4323,0.4327,0.4338,0.4355,0.4378,0.4407,0.4444,0.4487,0.4536,0.4591,0.4651,0.4716,0.4786,0.486,0.4941,0.5028,0.5119,0.5215,0.5315,0.5414,0.5517,0.5622,0.5732,0.5845,0.5961,0.6078,0.6197,0.6313,0.6428,0.6543,0.666,0.6779,0.6897,0.7014,0.7131,0.7244,0.7353,0.746,0.7567,0.7673,0.7778,0.7879,0.7979,0.8075,0.8165,0.8254,0.8341,0.8427,0.8509,0.8588,0.8664,0.8737,0.8805,0.8872,0.8936,0.9,0.906,0.9118,0.9171,0.9222,0.9269,0.9315,0.936,0.9404,0.9445,0.9484,0.9518,0.9552,0.9583,0.9612,0.9642,0.967,0.9696,0.972,0.974,0.9759,0.9777,0.9795,0.9812,0.9829,0.9845,0.9858,0.987,0.9881,0.9891,0.9902,0.9912,0.9922,0.9932,0.9939,0.9945,0.995,0.9955,0.9961,0.9966,0.9971,0.9976,0.9978,0.998,0.9982,0.9984,0.9987,0.9989,0.9992,0.9993,0.9994,0.9994,0.9995,0.9996,0.9996,0.9997,0.9998,0.9999,0.9999,0.9998,0.9999,1.0,1.0,1.0,1.0,0.9999,0.9998,0.9997,0.9996,0.9997,0.9997,0.9997,0.9997,0.9996,0.9995,0.9995,0.9995,0.9996,0.9997,0.9997,0.9997,0.9996,0.9996,0.9995,0.9995,0.9995,0.9996,0.9995,0.9994,0.9993,0.9992,0.9992,0.9993,0.9993
115.3901197621237,7.043672953634398,-62.63751036910907,-55.18036314236978,85.74601397675919,56.557251263414685,r.HARPN.2018-09-09T09-03-58.977_S1D_A.fits,S1D_spectra/sun_harpsN/2018-09-09/r.HARPN.2018-09-09T09-03-58.977_S1D_A.fits,Sun,2018-09-09T09:03:58.977,58370.3777546296,0.813376351828655,31.9999999987167,211524,0.9942,0.9944,0.9945,0.9946,0.9945,0.9945,0.9943,0.9942,0.9942,0.9943,0.9945,0.9946,0.9947,0.9946,0.9946,0.9945,0.9945,0.9945,0.9947,0.9948,0.9949,0.9949,0.995,0.9949,0.9948,0.9947,0.9947,0.9948,0.9948,0.9949,0.9949,0.995,0.9949,0.9948,0.9948,0.9948,0.9948,0.9948,0.9948,0.9948,0.9947,0.9945,0.9944,0.9944,0.9943,0.9942,0.9941,0.9939,0.9937,0.9935,0.9932,0.9929,0.9926,0.9922,0.9919,0.9916,0.9911,0.9906,0.9901,0.9895,0.9889,0.9882,0.9875,0.9867,0.9858,0.9849,0.9839,0.9827,0.9815,0.9803,0.979,0.9775,0.976,0.9743,0.9725,0.9705,0.9684,0.9663,0.964,0.9615,0.9589,0.9562,0.9531,0.95,0.9465,0.9429,0.9392,0.9353,0.9311,0.9268,0.9222,0.9175,0.9124,0.9071,0.9015,0.8958,0.8897,0.8834,0.8769,0.8701,0.863,0.8555,0.8479,0.84,0.8317,0.8233,0.8147,0.8059,0.7967,0.7872,0.7774,0.7675,0.7572,0.7469,0.7366,0.7262,0.7155,0.7046,0.6935,0.6823,0.671,0.6597,0.6486,0.6376,0.6266,0.6155,0.6044,0.5933,0.5824,0.5715,0.5613,0.5512,0.5414,0.5318,0.5224,0.5133,0.5045,0.496,0.4882,0.4808,0.4739,0.4674,0.4614,0.4557,0.4507,0.4461,0.4421,0.4389,0.4363,0.4343,0.4329,0.4321,0.432,0.4324,0.4335,0.4352,0.4375,0.4405,0.4441,0.4485,0.4534,0.459,0.4651,0.4715,0.4785,0.4859,0.494,0.5027,0.5118,0.5214,0.5313,0.5413,0.5516,0.562,0.573,0.5843,0.5959,0.6075,0.6195,0.631,0.6425,0.654,0.6657,0.6776,0.6894,0.7011,0.7129,0.7241,0.7351,0.7459,0.7566,0.7672,0.7777,0.7878,0.7979,0.8075,0.8165,0.8254,0.8341,0.8427,0.8509,0.8588,0.8664,0.8737,0.8804,0.8871,0.8936,0.8999,0.906,0.9117,0.9169,0.922,0.9267,0.9312,0.9357,0.94,0.9441,0.9479,0.9513,0.9546,0.9577,0.9607,0.9636,0.9665,0.9691,0.9715,0.9736,0.9756,0.9774,0.9793,0.9811,0.9828,0.9844,0.9858,0.987,0.9881,0.9891,0.9902,0.9912,0.9923,0.9931,0.9938,0.9944,0.9949,0.9954,0.9958,0.9964,0.9968,0.9973,0.9975,0.9978,0.998,0.9982,0.9984,0.9987,0.9989,0.9991,0.9992,0.9993,0.9994,0.9996,0.9997,0.9998,0.9999,1.0,0.9999,0.9999,0.9998,0.9999,0.9999,0.9998,0.9998,0.9997,0.9995,0.9993,0.9992,0.9993,0.9993,0.9992,0.9993,0.9992,0.9992,0.9991,0.9992,0.9993,0.9994,0.9993,0.9993,0.9992,0.9991,0.9991,0.9991,0.9991,0.9992,0.9992,0.9991,0.9989,0.9988,0.9987,0.9987,0.9987
114.64621755070972,7.045497444463883,-64.3929158721646,-56.79790886566683,92.91754718169796,56.54521855128473,r.HARPN.2018-09-10T09-03-34.391_S1D_A.fits,S1D_spectra/sun_harpsN/2018-09-10/r.HARPN.2018-09-10T09-03-34.391_S1D_A.fits,Sun,2018-09-10T09:03:34.391,58371.3774768519,0.820029887408443,31.9999999990287,211524,0.9946,0.9947,0.9949,0.995,0.9949,0.9948,0.9947,0.9946,0.9946,0.9947,0.9949,0.995,0.995,0.995,0.9949,0.9948,0.9947,0.9947,0.9948,0.9949,0.995,0.995,0.995,0.9949,0.9948,0.9948,0.9949,0.995,0.995,0.9951,0.9952,0.9952,0.9951,0.995,0.995,0.995,0.995,0.995,0.995,0.995,0.9949,0.9947,0.9946,0.9946,0.9946,0.9944,0.9943,0.9942,0.994,0.9937,0.9934,0.9931,0.9928,0.9924,0.9921,0.9917,0.9912,0.9907,0.9902,0.9896,0.9889,0.9882,0.9875,0.9867,0.9858,0.9849,0.9838,0.9827,0.9815,0.9803,0.979,0.9776,0.9761,0.9744,0.9725,0.9705,0.9684,0.9661,0.9638,0.9614,0.9587,0.956,0.953,0.9499,0.9465,0.943,0.9392,0.9353,0.9311,0.9268,0.9222,0.9174,0.9123,0.9069,0.9014,0.8957,0.8895,0.8833,0.8768,0.8701,0.8629,0.8555,0.8478,0.8399,0.8316,0.8232,0.8147,0.8059,0.7967,0.7872,0.7775,0.7676,0.7573,0.747,0.7367,0.7262,0.7156,0.7047,0.6937,0.6825,0.6712,0.6599,0.6488,0.6378,0.6268,0.6157,0.6046,0.5936,0.5827,0.5718,0.5616,0.5515,0.5417,0.532,0.5226,0.5134,0.5047,0.4961,0.4883,0.4809,0.474,0.4675,0.4615,0.4559,0.4508,0.4462,0.4423,0.4391,0.4364,0.4344,0.433,0.4322,0.432,0.4324,0.4335,0.4353,0.4377,0.4406,0.4443,0.4487,0.4536,0.4591,0.4652,0.4716,0.4786,0.486,0.4942,0.5028,0.512,0.5216,0.5315,0.5415,0.5518,0.5623,0.5732,0.5845,0.5961,0.6077,0.6196,0.6312,0.6427,0.6543,0.666,0.6779,0.6898,0.7015,0.7133,0.7245,0.7354,0.7462,0.7568,0.7674,0.7778,0.788,0.798,0.8075,0.8166,0.8255,0.8342,0.8428,0.8511,0.859,0.8666,0.8739,0.8807,0.8874,0.8938,0.9001,0.9062,0.9119,0.9172,0.9223,0.9269,0.9315,0.936,0.9403,0.9444,0.9482,0.9516,0.9549,0.9579,0.9609,0.9638,0.9666,0.9692,0.9716,0.9737,0.9757,0.9775,0.9794,0.9812,0.9829,0.9845,0.9859,0.9872,0.9883,0.9894,0.9905,0.9915,0.9926,0.9935,0.9942,0.9948,0.9953,0.9958,0.9962,0.9968,0.9972,0.9976,0.9979,0.9981,0.9983,0.9985,0.9988,0.999,0.9992,0.9994,0.9994,0.9994,0.9995,0.9996,0.9997,0.9998,0.9999,1.0,1.0,0.9999,0.9999,0.9999,0.9999,0.9999,0.9999,0.9999,0.9998,0.9997,0.9996,0.9997,0.9997,0.9996,0.9996,0.9995,0.9995,0.9994,0.9994,0.9995,0.9996,0.9996,0.9996,0.9995,0.9994,0.9993,0.9993,0.9993,0.9994,0.9993,0.9992,0.9991,0.9991,0.9991,0.9992,0.9993
114.51003476689988,7.041375739139831,-63.8390551748034,-56.60085222804781,76.24719381546352,56.597950135670494,r.HARPN.2018-09-11T09-29-07.485_S1D_A.fits,S1D_spectra/sun_harpsN/2018-09-11/r.HARPN.2018-09-11T09-29-07.485_S1D_A.fits,Sun,2018-09-11T09:29:07.485,58372.3952199076,0.801755862113877,31.9999999991453,211524,0.9945,0.9947,0.9948,0.9949,0.995,0.9949,0.9948,0.9946,0.9946,0.9947,0.9949,0.995,0.995,0.995,0.9949,0.9948,0.9948,0.9948,0.9949,0.995,0.995,0.995,0.9951,0.995,0.9949,0.9949,0.995,0.995,0.9951,0.9951,0.9951,0.9951,0.995,0.9949,0.9949,0.995,0.995,0.9951,0.9951,0.9951,0.995,0.9949,0.9947,0.9947,0.9946,0.9945,0.9944,0.9943,0.994,0.9938,0.9935,0.9932,0.9929,0.9926,0.9923,0.992,0.9915,0.991,0.9904,0.9897,0.9891,0.9883,0.9876,0.9869,0.9861,0.9852,0.9843,0.9832,0.982,0.9808,0.9795,0.978,0.9764,0.9747,0.9729,0.9709,0.9688,0.9667,0.9643,0.9619,0.9592,0.9565,0.9535,0.9504,0.947,0.9435,0.9397,0.9358,0.9316,0.9273,0.9227,0.9179,0.9128,0.9075,0.9019,0.8962,0.89,0.8838,0.8773,0.8705,0.8632,0.8557,0.848,0.84,0.8317,0.8232,0.8146,0.8058,0.7966,0.7872,0.7774,0.7675,0.7572,0.7468,0.7366,0.7261,0.7155,0.7045,0.6934,0.6823,0.6709,0.6596,0.6486,0.6375,0.6265,0.6154,0.6043,0.5932,0.5823,0.5715,0.5612,0.5511,0.5414,0.5318,0.5223,0.5132,0.5044,0.4958,0.488,0.4806,0.4737,0.4672,0.4612,0.4556,0.4505,0.446,0.4421,0.4389,0.4362,0.4342,0.4328,0.432,0.4318,0.4322,0.4333,0.435,0.4373,0.4402,0.4439,0.4482,0.4532,0.4588,0.4648,0.4713,0.4783,0.4857,0.4938,0.5025,0.5117,0.5213,0.5313,0.5412,0.5515,0.5619,0.5729,0.5842,0.5958,0.6075,0.6194,0.631,0.6426,0.6542,0.666,0.6779,0.6897,0.7015,0.7132,0.7245,0.7354,0.7462,0.7569,0.7675,0.778,0.7882,0.7982,0.8078,0.8168,0.8258,0.8345,0.843,0.8513,0.8592,0.8668,0.8741,0.8809,0.8875,0.894,0.9003,0.9064,0.9121,0.9173,0.9224,0.9271,0.9317,0.9362,0.9405,0.9446,0.9484,0.9518,0.9551,0.9582,0.9612,0.9641,0.9671,0.9697,0.9721,0.9743,0.9763,0.9781,0.9799,0.9817,0.9834,0.985,0.9863,0.9876,0.9887,0.9897,0.9908,0.9918,0.9928,0.9937,0.9943,0.9949,0.9954,0.9959,0.9963,0.9969,0.9974,0.9978,0.9981,0.9983,0.9986,0.9988,0.999,0.9993,0.9995,0.9997,0.9997,0.9997,0.9997,0.9998,0.9998,0.9999,1.0,1.0,1.0,0.9999,0.9998,0.9999,0.9999,0.9999,0.9999,0.9998,0.9997,0.9996,0.9996,0.9997,0.9998,0.9997,0.9997,0.9996,0.9995,0.9994,0.9994,0.9995,0.9996,0.9995,0.9994,0.9994,0.9993,0.9993,0.9993,0.9994,0.9995,0.9994,0.9993,0.9992,0.9991,0.9991,0.9992,0.9993
115.92768626227144,7.038173862918224,-62.73510913799503,-55.43626317453837,62.241040608161434,56.67473398180485,r.HARPN.2018-09-16T11-52-28.081_S1D_A.fits,S1D_spectra/sun_harpsN/2018-09-16/r.HARPN.2018-09-16T11-52-28.081_S1D_A.fits,Sun,2018-09-16T11:52:28.081,58377.4947685189,0.620542158060628,31.9999999980323,211524,0.9941,0.9942,0.9943,0.9944,0.9944,0.9943,0.9942,0.9941,0.9941,0.9943,0.9945,0.9946,0.9946,0.9946,0.9946,0.9945,0.9944,0.9945,0.9946,0.9947,0.9948,0.9948,0.9948,0.9948,0.9947,0.9946,0.9947,0.9948,0.9948,0.9949,0.9949,0.9949,0.9948,0.9948,0.9948,0.9949,0.995,0.9951,0.9952,0.9952,0.9951,0.995,0.9948,0.9947,0.9947,0.9946,0.9945,0.9944,0.9943,0.994,0.9938,0.9935,0.9932,0.9929,0.9926,0.9922,0.9917,0.9912,0.9907,0.9901,0.9894,0.9887,0.988,0.9873,0.9864,0.9855,0.9845,0.9834,0.9822,0.981,0.9797,0.9782,0.9767,0.975,0.9732,0.9712,0.9691,0.9669,0.9646,0.9621,0.9595,0.9567,0.9537,0.9505,0.9471,0.9436,0.9398,0.9359,0.9316,0.9274,0.9227,0.9179,0.9128,0.9075,0.9019,0.8961,0.8899,0.8837,0.8772,0.8704,0.8632,0.8558,0.8481,0.8402,0.8318,0.8234,0.8149,0.806,0.7968,0.7873,0.7775,0.7676,0.7572,0.7468,0.7365,0.726,0.7153,0.7044,0.6933,0.6821,0.6707,0.6594,0.6483,0.6372,0.6262,0.6151,0.6039,0.5928,0.5819,0.571,0.5607,0.5506,0.5409,0.5312,0.5218,0.5126,0.5038,0.4952,0.4874,0.48,0.4731,0.4666,0.4606,0.455,0.4499,0.4454,0.4415,0.4382,0.4356,0.4335,0.4321,0.4313,0.4311,0.4316,0.4327,0.4344,0.4367,0.4396,0.4432,0.4476,0.4525,0.458,0.4641,0.4705,0.4775,0.485,0.4931,0.5018,0.511,0.5206,0.5306,0.5405,0.5508,0.5613,0.5723,0.5836,0.5953,0.607,0.619,0.6306,0.6422,0.6537,0.6655,0.6773,0.6892,0.7009,0.7127,0.7239,0.7349,0.7457,0.7564,0.767,0.7775,0.7877,0.7977,0.8073,0.8164,0.8253,0.834,0.8427,0.851,0.8589,0.8666,0.8739,0.8807,0.8874,0.8939,0.9003,0.9063,0.9121,0.9175,0.9226,0.9273,0.9319,0.9364,0.9407,0.9448,0.9486,0.9521,0.9554,0.9585,0.9616,0.9645,0.9674,0.97,0.9724,0.9745,0.9764,0.9783,0.9801,0.9819,0.9836,0.9852,0.9866,0.9878,0.9888,0.9898,0.9908,0.9918,0.9928,0.9937,0.9943,0.9949,0.9954,0.9959,0.9964,0.9969,0.9974,0.9979,0.9982,0.9984,0.9987,0.9989,0.9991,0.9994,0.9996,0.9997,0.9997,0.9997,0.9998,0.9999,0.9999,1.0,1.0,1.0,0.9999,0.9997,0.9996,0.9997,0.9996,0.9996,0.9996,0.9996,0.9995,0.9994,0.9994,0.9995,0.9995,0.9995,0.9995,0.9995,0.9995,0.9994,0.9994,0.9995,0.9996,0.9995,0.9994,0.9993,0.9992,0.9991,0.9991,0.9992,0.9994,0.9994,0.9994,0.9993,0.9992,0.9992,0.9992,0.9993
114.40305429411478,7.041148417552813,-63.398603713186176,-55.610959102573894,78.85123022168355,56.5926026434189,r.HARPN.2018-09-17T09-32-21.563_S1D_A.fits,S1D_spectra/sun_harpsN/2018-09-17/r.HARPN.2018-09-17T09-32-21.563_S1D_A.fits,Sun,2018-09-17T09:32:21.563,58378.3974652779,0.822276398682674,31.9999999996811,211524,0.9949,0.9951,0.9952,0.9953,0.9952,0.995,0.9948,0.9946,0.9945,0.9946,0.9947,0.9949,0.9949,0.9949,0.9949,0.9949,0.9948,0.9949,0.995,0.9951,0.9951,0.9952,0.9952,0.9951,0.995,0.995,0.9951,0.9952,0.9953,0.9954,0.9955,0.9955,0.9954,0.9953,0.9953,0.9952,0.9952,0.9952,0.9951,0.9951,0.9949,0.9948,0.9947,0.9946,0.9945,0.9944,0.9944,0.9942,0.994,0.9938,0.9935,0.9932,0.993,0.9927,0.9924,0.992,0.9916,0.9911,0.9906,0.99,0.9893,0.9886,0.9879,0.9872,0.9863,0.9854,0.9843,0.9832,0.982,0.9807,0.9793,0.9779,0.9763,0.9746,0.9728,0.9709,0.9688,0.9666,0.9643,0.9619,0.9592,0.9565,0.9535,0.9504,0.947,0.9434,0.9397,0.9358,0.9316,0.9273,0.9227,0.9179,0.9127,0.9074,0.9018,0.8961,0.8899,0.8837,0.8772,0.8704,0.8632,0.8558,0.8481,0.8401,0.8318,0.8234,0.8148,0.806,0.7968,0.7873,0.7775,0.7676,0.7573,0.747,0.7367,0.7263,0.7157,0.7048,0.6937,0.6825,0.6712,0.6598,0.6488,0.6377,0.6267,0.6155,0.6044,0.5933,0.5824,0.5715,0.5612,0.5511,0.5414,0.5318,0.5223,0.5132,0.5044,0.4958,0.488,0.4806,0.4737,0.4672,0.4612,0.4556,0.4506,0.446,0.4421,0.4389,0.4362,0.4342,0.4328,0.4319,0.4317,0.4322,0.4333,0.435,0.4374,0.4403,0.4441,0.4484,0.4533,0.4589,0.465,0.4715,0.4785,0.4859,0.494,0.5027,0.5119,0.5214,0.5314,0.5414,0.5517,0.5621,0.5731,0.5844,0.596,0.6077,0.6197,0.6312,0.6428,0.6543,0.666,0.6778,0.6896,0.7014,0.7131,0.7244,0.7353,0.7461,0.7568,0.7675,0.7779,0.7881,0.7981,0.8077,0.8168,0.8257,0.8344,0.843,0.8513,0.8593,0.8669,0.8742,0.881,0.8877,0.8942,0.9005,0.9065,0.9122,0.9175,0.9226,0.9273,0.9319,0.9363,0.9407,0.9448,0.9486,0.9521,0.9554,0.9585,0.9615,0.9644,0.9673,0.9699,0.9723,0.9744,0.9764,0.9782,0.98,0.9817,0.9835,0.9851,0.9865,0.9877,0.9888,0.9898,0.9908,0.9918,0.9927,0.9936,0.9942,0.9948,0.9953,0.9958,0.9964,0.997,0.9975,0.998,0.9982,0.9984,0.9986,0.9988,0.999,0.9992,0.9994,0.9995,0.9995,0.9995,0.9995,0.9996,0.9996,0.9997,0.9997,0.9998,0.9997,0.9997,0.9997,0.9999,0.9999,1.0,1.0,1.0,0.9999,0.9998,0.9998,0.9998,0.9999,0.9998,0.9998,0.9997,0.9996,0.9995,0.9994,0.9995,0.9995,0.9994,0.9994,0.9993,0.9993,0.9992,0.9992,0.9993,0.9995,0.9995,0.9995,0.9994,0.9993,0.9993,0.9994,0.9995
113.74012219549222,7.043006062987552,-63.71687603562001,-56.42328061459881,77.94047701146518,56.583648048680445,r.HARPN.2018-09-18T09-27-43.096_S1D_A.fits,S1D_spectra/sun_harpsN/2018-09-18/r.HARPN.2018-09-18T09-27-43.096_S1D_A.fits,Sun,2018-09-18T09:27:43.096,58379.3942476851,0.829090133102157,31.9999999997139,211524,0.9947,0.9948,0.9949,0.995,0.9949,0.9948,0.9946,0.9944,0.9943,0.9943,0.9944,0.9945,0.9945,0.9945,0.9945,0.9944,0.9944,0.9945,0.9947,0.9948,0.9949,0.9949,0.995,0.9949,0.9948,0.9948,0.9949,0.995,0.9951,0.9951,0.9952,0.9952,0.9951,0.995,0.995,0.995,0.995,0.995,0.9951,0.9951,0.995,0.9949,0.9948,0.9948,0.9947,0.9945,0.9944,0.9942,0.994,0.9937,0.9934,0.9931,0.9928,0.9925,0.9921,0.9917,0.9913,0.9908,0.9903,0.9897,0.9891,0.9885,0.9878,0.987,0.9862,0.9852,0.9842,0.983,0.9819,0.9806,0.9793,0.9779,0.9763,0.9747,0.9729,0.971,0.9689,0.9667,0.9644,0.9619,0.9592,0.9564,0.9534,0.9503,0.9468,0.9433,0.9395,0.9356,0.9314,0.9272,0.9225,0.9178,0.9126,0.9072,0.9016,0.8958,0.8896,0.8834,0.8769,0.8701,0.8629,0.8555,0.8478,0.8399,0.8316,0.8232,0.8146,0.8058,0.7966,0.7871,0.7773,0.7674,0.7571,0.7467,0.7364,0.726,0.7153,0.7044,0.6933,0.6821,0.6708,0.6595,0.6485,0.6374,0.6265,0.6154,0.6043,0.5932,0.5823,0.5715,0.5612,0.5511,0.5413,0.5317,0.5222,0.5131,0.5043,0.4958,0.488,0.4806,0.4737,0.4672,0.4612,0.4556,0.4506,0.446,0.4421,0.4389,0.4363,0.4343,0.4329,0.4321,0.4319,0.4324,0.4334,0.4351,0.4375,0.4404,0.4441,0.4485,0.4534,0.459,0.465,0.4714,0.4784,0.4858,0.4939,0.5026,0.5117,0.5213,0.5313,0.5413,0.5516,0.5621,0.5731,0.5845,0.596,0.6077,0.6196,0.6312,0.6428,0.6543,0.666,0.6779,0.6897,0.7015,0.7132,0.7245,0.7354,0.7461,0.7568,0.7675,0.7779,0.7881,0.7981,0.8077,0.8167,0.8256,0.8343,0.8429,0.8511,0.8591,0.8667,0.8741,0.8808,0.8875,0.894,0.9003,0.9063,0.912,0.9173,0.9225,0.9272,0.9318,0.9363,0.9407,0.9448,0.9486,0.952,0.9553,0.9583,0.9612,0.9641,0.967,0.9697,0.972,0.9742,0.9762,0.978,0.9798,0.9816,0.9833,0.9849,0.9863,0.9875,0.9886,0.9896,0.9906,0.9916,0.9926,0.9934,0.994,0.9946,0.995,0.9955,0.996,0.9965,0.997,0.9975,0.9978,0.9981,0.9983,0.9986,0.9989,0.9992,0.9994,0.9996,0.9996,0.9996,0.9996,0.9997,0.9998,0.9999,1.0,1.0,0.9999,0.9999,0.9998,0.9999,0.9999,0.9999,0.9999,0.9999,0.9998,0.9997,0.9997,0.9998,0.9999,0.9998,0.9998,0.9997,0.9996,0.9995,0.9995,0.9996,0.9996,0.9995,0.9995,0.9994,0.9993,0.9992,0.9992,0.9993,0.9995,0.9994,0.9994,0.9994,0.9993,0.9993,0.9993,0.9994
113.09483353293302,7.047216126148572,-63.48201546284468,-56.21215224078606,95.41852218351372,56.52775261392128,r.HARPN.2018-09-19T09-04-35.614_S1D_A.fits,S1D_spectra/sun_harpsN/2018-09-19/r.HARPN.2018-09-19T09-04-35.614_S1D_A.fits,Sun,2018-09-19T09:04:35.614,58380.3781828703,0.852985303727557,31.9999999998042,211524,0.9944,0.9945,0.9947,0.9948,0.9948,0.9947,0.9946,0.9945,0.9945,0.9947,0.9948,0.9949,0.9949,0.9948,0.9948,0.9946,0.9945,0.9945,0.9946,0.9947,0.9948,0.9949,0.995,0.9951,0.995,0.9951,0.9952,0.9952,0.9953,0.9953,0.9954,0.9953,0.9953,0.9952,0.9952,0.9952,0.9952,0.9951,0.9951,0.995,0.9948,0.9946,0.9944,0.9943,0.9942,0.9941,0.994,0.9939,0.9936,0.9934,0.9931,0.9928,0.9925,0.9921,0.9918,0.9915,0.991,0.9905,0.99,0.9894,0.9887,0.988,0.9873,0.9866,0.9857,0.9848,0.9838,0.9827,0.9815,0.9802,0.9788,0.9773,0.9757,0.974,0.9722,0.9702,0.9681,0.966,0.9637,0.9612,0.9586,0.9559,0.9529,0.9497,0.9463,0.9428,0.939,0.9351,0.9309,0.9266,0.922,0.9172,0.9121,0.9068,0.9013,0.8956,0.8894,0.8832,0.8767,0.87,0.8628,0.8553,0.8476,0.8397,0.8314,0.823,0.8144,0.8057,0.7965,0.787,0.7773,0.7674,0.7571,0.7468,0.7365,0.726,0.7154,0.7045,0.6934,0.6822,0.6709,0.6596,0.6486,0.6375,0.6266,0.6155,0.6044,0.5933,0.5824,0.5716,0.5614,0.5513,0.5416,0.532,0.5226,0.5134,0.5047,0.4961,0.4883,0.4809,0.474,0.4675,0.4614,0.4558,0.4508,0.4462,0.4424,0.4392,0.4366,0.4346,0.4332,0.4324,0.4322,0.4327,0.4338,0.4355,0.4379,0.4408,0.4445,0.4489,0.4538,0.4594,0.4654,0.4719,0.4788,0.4862,0.4943,0.503,0.5121,0.5217,0.5316,0.5416,0.5519,0.5624,0.5734,0.5847,0.5963,0.608,0.6199,0.6315,0.6431,0.6546,0.6663,0.6782,0.69,0.7017,0.7134,0.7246,0.7355,0.7462,0.7569,0.7675,0.7779,0.788,0.798,0.8075,0.8165,0.8254,0.8341,0.8427,0.8509,0.8588,0.8664,0.8737,0.8805,0.8872,0.8936,0.9,0.906,0.9117,0.917,0.9221,0.9268,0.9314,0.9359,0.9403,0.9444,0.9481,0.9516,0.9549,0.9579,0.9608,0.9637,0.9666,0.9693,0.9717,0.9739,0.976,0.9779,0.9797,0.9815,0.9833,0.9848,0.9861,0.9872,0.9882,0.9892,0.9902,0.9912,0.9922,0.9931,0.9938,0.9943,0.9949,0.9954,0.9959,0.9964,0.9969,0.9974,0.9977,0.9979,0.9981,0.9984,0.9986,0.9988,0.999,0.9992,0.9993,0.9994,0.9994,0.9995,0.9996,0.9997,0.9998,0.9999,0.9999,0.9998,0.9999,1.0,1.0,1.0,1.0,0.9999,0.9998,0.9997,0.9996,0.9997,0.9997,0.9997,0.9997,0.9996,0.9996,0.9994,0.9994,0.9994,0.9995,0.9994,0.9993,0.9992,0.9992,0.9991,0.9991,0.9992,0.9993,0.9993,0.9993,0.9992,0.9991,0.9991,0.9991,0.9992
115.02301801862986,7.044697826591563,-63.49539340671574,-56.07244832702781,90.15522431993864,56.5594257034603,r.HARPN.2018-09-20T09-10-48.663_S1D_A.fits,S1D_spectra/sun_harpsN/2018-09-20/r.HARPN.2018-09-20T09-10-48.663_S1D_A.fits,Sun,2018-09-20T09:10:48.663,58381.3824999998,0.84818026235793,31.999999999786,211524,0.9945,0.9946,0.9948,0.9949,0.9948,0.9947,0.9946,0.9945,0.9945,0.9947,0.9949,0.995,0.9951,0.9951,0.995,0.995,0.9949,0.9949,0.995,0.995,0.9951,0.9951,0.9951,0.9951,0.995,0.9949,0.995,0.9951,0.9951,0.9952,0.9952,0.9952,0.9951,0.995,0.995,0.9951,0.9951,0.9951,0.9951,0.995,0.9949,0.9947,0.9946,0.9945,0.9944,0.9943,0.9942,0.9941,0.9939,0.9937,0.9934,0.9931,0.9928,0.9924,0.9921,0.9917,0.9912,0.9907,0.9902,0.9896,0.9889,0.9883,0.9876,0.9869,0.986,0.9851,0.984,0.9829,0.9816,0.9803,0.9789,0.9774,0.9758,0.9742,0.9723,0.9704,0.9683,0.9661,0.9639,0.9614,0.9587,0.956,0.9531,0.9499,0.9466,0.9431,0.9394,0.9355,0.9313,0.927,0.9224,0.9176,0.9125,0.9072,0.9016,0.8959,0.8897,0.8835,0.877,0.8702,0.863,0.8555,0.8478,0.84,0.8316,0.8233,0.8147,0.8059,0.7967,0.7873,0.7776,0.7677,0.7574,0.7471,0.7368,0.7263,0.7157,0.7048,0.6936,0.6825,0.6711,0.6598,0.6488,0.6377,0.6268,0.6157,0.6046,0.5935,0.5826,0.5717,0.5615,0.5513,0.5416,0.5319,0.5225,0.5133,0.5046,0.496,0.4881,0.4808,0.4739,0.4674,0.4614,0.4558,0.4508,0.4462,0.4423,0.439,0.4364,0.4344,0.433,0.4322,0.432,0.4324,0.4335,0.4352,0.4376,0.4405,0.4442,0.4485,0.4534,0.459,0.465,0.4715,0.4785,0.4859,0.494,0.5027,0.5119,0.5214,0.5314,0.5413,0.5517,0.5621,0.5731,0.5845,0.596,0.6077,0.6197,0.6312,0.6428,0.6543,0.6661,0.6779,0.6898,0.7015,0.7132,0.7244,0.7353,0.746,0.7567,0.7673,0.7777,0.7878,0.7978,0.8074,0.8165,0.8254,0.8341,0.8427,0.851,0.8589,0.8665,0.8738,0.8806,0.8873,0.8938,0.9001,0.9062,0.9119,0.9173,0.9224,0.9271,0.9317,0.9361,0.9405,0.9446,0.9483,0.9517,0.955,0.958,0.9609,0.9638,0.9667,0.9693,0.9716,0.9737,0.9757,0.9776,0.9794,0.9812,0.9831,0.9847,0.9862,0.9874,0.9886,0.9896,0.9906,0.9916,0.9926,0.9935,0.9941,0.9947,0.9952,0.9957,0.9962,0.9968,0.9972,0.9976,0.9979,0.9981,0.9983,0.9985,0.9987,0.999,0.9992,0.9994,0.9995,0.9995,0.9996,0.9997,0.9998,0.9999,1.0,1.0,0.9999,0.9999,0.9999,0.9999,0.9999,0.9999,0.9999,0.9999,0.9998,0.9997,0.9996,0.9997,0.9997,0.9996,0.9996,0.9995,0.9995,0.9994,0.9994,0.9995,0.9997,0.9996,0.9996,0.9995,0.9995,0.9994,0.9994,0.9994,0.9995,0.9994,0.9993,0.9992,0.9991,0.9991,0.9991,0.9993
115.28739324759066,7.043596937869325,-64.82892079012566,-56.99972716398859,84.66179366004503,56.558710529556045,r.HARPN.2018-09-21T09-14-52.008_S1D_A.fits,S1D_spectra/sun_harpsN/2018-09-21/r.HARPN.2018-09-21T09-14-52.008_S1D_A.fits,Sun,2018-09-21T09:14:52.008,58382.385324074,0.844714880865207,31.9999999997723,211524,0.9951,0.9953,0.9955,0.9956,0.9956,0.9954,0.9953,0.9951,0.995,0.9951,0.9952,0.9953,0.9952,0.9952,0.9951,0.995,0.9949,0.995,0.9951,0.9952,0.9953,0.9953,0.9954,0.9954,0.9953,0.9953,0.9954,0.9955,0.9956,0.9956,0.9957,0.9956,0.9955,0.9953,0.9953,0.9953,0.9954,0.9953,0.9953,0.9953,0.9951,0.995,0.9949,0.9948,0.9947,0.9945,0.9944,0.9943,0.994,0.9937,0.9934,0.9932,0.9929,0.9926,0.9923,0.992,0.9916,0.9911,0.9906,0.99,0.9893,0.9887,0.988,0.9872,0.9864,0.9855,0.9844,0.9833,0.9821,0.9808,0.9794,0.9779,0.9763,0.9747,0.9728,0.9709,0.9688,0.9667,0.9643,0.9619,0.9592,0.9564,0.9534,0.9502,0.9468,0.9433,0.9396,0.9357,0.9316,0.9273,0.9227,0.918,0.9128,0.9075,0.9019,0.8961,0.8899,0.8837,0.8772,0.8705,0.8633,0.8559,0.8482,0.8403,0.8319,0.8235,0.8149,0.8061,0.7969,0.7874,0.7777,0.7678,0.7575,0.7472,0.737,0.7265,0.7159,0.705,0.6939,0.6827,0.6714,0.66,0.649,0.638,0.627,0.6159,0.6047,0.5937,0.5828,0.572,0.5617,0.5516,0.5418,0.5322,0.5227,0.5136,0.5048,0.4962,0.4884,0.481,0.4741,0.4676,0.4616,0.456,0.451,0.4464,0.4425,0.4393,0.4366,0.4346,0.4332,0.4324,0.4322,0.4326,0.4337,0.4354,0.4378,0.4407,0.4444,0.4487,0.4536,0.4591,0.4651,0.4715,0.4785,0.4859,0.4941,0.5028,0.5119,0.5215,0.5315,0.5415,0.5518,0.5622,0.5732,0.5845,0.5961,0.6077,0.6196,0.6312,0.6428,0.6543,0.666,0.6779,0.6897,0.7014,0.7132,0.7245,0.7355,0.7463,0.757,0.7678,0.7783,0.7884,0.7985,0.8081,0.8171,0.826,0.8346,0.8432,0.8514,0.8593,0.8669,0.8742,0.8809,0.8876,0.894,0.9004,0.9064,0.9121,0.9174,0.9225,0.9272,0.9318,0.9363,0.9407,0.9448,0.9486,0.952,0.9553,0.9584,0.9613,0.9643,0.9671,0.9697,0.9721,0.9743,0.9762,0.9781,0.9799,0.9817,0.9834,0.985,0.9863,0.9875,0.9886,0.9896,0.9906,0.9917,0.9927,0.9936,0.9943,0.9949,0.9954,0.9959,0.9963,0.9969,0.9973,0.9977,0.998,0.9982,0.9984,0.9986,0.9989,0.9992,0.9994,0.9996,0.9996,0.9996,0.9996,0.9997,0.9997,0.9998,0.9999,0.9999,0.9999,0.9998,0.9998,0.9999,0.9999,0.9999,1.0,1.0,0.9999,0.9999,0.9999,1.0,1.0,0.9999,0.9999,0.9999,0.9998,0.9997,0.9997,0.9997,0.9998,0.9998,0.9997,0.9996,0.9996,0.9995,0.9995,0.9996,0.9997,0.9997,0.9996,0.9995,0.9994,0.9994,0.9995,0.9995
115.92238035601405,7.045347594557286,-64.30703052100661,-56.69713783843628,83.2620177530615,56.53034878450628,r.HARPN.2018-09-22T09-01-13.885_S1D_A.fits,S1D_spectra/sun_harpsN/2018-09-22/r.HARPN.2018-09-22T09-01-13.885_S1D_A.fits,Sun,2018-09-22T09:01:13.885,58383.3758449075,0.857369419185502,31.999999999824,211524,0.9946,0.9947,0.9949,0.9949,0.9949,0.9948,0.9946,0.9945,0.9944,0.9945,0.9946,0.9947,0.9947,0.9946,0.9946,0.9945,0.9944,0.9945,0.9947,0.9949,0.995,0.9951,0.9952,0.9952,0.9951,0.9951,0.9951,0.9952,0.9952,0.9952,0.9952,0.9952,0.9951,0.995,0.995,0.995,0.995,0.995,0.995,0.9949,0.9948,0.9947,0.9945,0.9945,0.9944,0.9943,0.9941,0.994,0.9937,0.9934,0.9931,0.9928,0.9925,0.9922,0.9919,0.9916,0.9911,0.9907,0.9901,0.9895,0.9889,0.9882,0.9875,0.9868,0.986,0.9851,0.9841,0.9831,0.9819,0.9806,0.9792,0.9778,0.9762,0.9745,0.9726,0.9706,0.9684,0.9662,0.9639,0.9614,0.9587,0.956,0.953,0.9499,0.9465,0.943,0.9393,0.9355,0.9313,0.927,0.9224,0.9176,0.9124,0.9071,0.9015,0.8958,0.8897,0.8835,0.877,0.8702,0.8631,0.8557,0.848,0.8402,0.8318,0.8234,0.8149,0.8061,0.7969,0.7874,0.7777,0.7678,0.7575,0.7471,0.7368,0.7264,0.7158,0.7049,0.6939,0.6827,0.6714,0.6601,0.6491,0.638,0.627,0.6159,0.6048,0.5937,0.5828,0.572,0.5617,0.5517,0.5419,0.5323,0.5229,0.5137,0.5049,0.4963,0.4884,0.481,0.4742,0.4676,0.4616,0.4561,0.451,0.4465,0.4426,0.4394,0.4368,0.4347,0.4334,0.4325,0.4324,0.4328,0.4339,0.4356,0.438,0.4409,0.4446,0.4489,0.4537,0.4593,0.4653,0.4718,0.4787,0.4861,0.4942,0.5029,0.512,0.5215,0.5314,0.5413,0.5516,0.562,0.573,0.5843,0.5959,0.6076,0.6195,0.6311,0.6427,0.6542,0.666,0.6778,0.6897,0.7014,0.7131,0.7244,0.7353,0.7461,0.7568,0.7674,0.7778,0.7879,0.7979,0.8074,0.8164,0.8254,0.8341,0.8427,0.8509,0.8589,0.8665,0.8738,0.8806,0.8873,0.8937,0.9001,0.9062,0.9119,0.9172,0.9223,0.927,0.9316,0.9361,0.9404,0.9445,0.9483,0.9517,0.9551,0.9581,0.9611,0.964,0.9669,0.9695,0.9719,0.974,0.976,0.9779,0.9797,0.9815,0.9833,0.9848,0.9862,0.9874,0.9885,0.9896,0.9906,0.9916,0.9926,0.9934,0.9941,0.9947,0.9952,0.9957,0.9962,0.9967,0.9972,0.9977,0.9979,0.9981,0.9983,0.9985,0.9988,0.9991,0.9993,0.9995,0.9996,0.9996,0.9996,0.9997,0.9997,0.9998,0.9999,0.9999,0.9999,0.9998,0.9998,0.9999,1.0,1.0,1.0,1.0,0.9999,0.9998,0.9998,0.9999,0.9999,0.9998,0.9997,0.9996,0.9995,0.9994,0.9993,0.9994,0.9995,0.9994,0.9994,0.9993,0.9992,0.9991,0.9992,0.9993,0.9994,0.9994,0.9994,0.9993,0.9993,0.9993,0.9993,0.9994
115.197551704064,7.04718600478399,-64.02791181582583,-56.414661538549865,93.39095389012483,56.505092932218126,r.HARPN.2018-09-23T09-03-09.351_S1D_A.fits,S1D_spectra/sun_harpsN/2018-09-23/r.HARPN.2018-09-23T09-03-09.351_S1D_A.fits,Sun,2018-09-23T09:03:09.351,58384.3771874998,0.855247155496174,31.9999999998275,211524,0.9946,0.9948,0.9949,0.995,0.995,0.995,0.9949,0.9947,0.9947,0.9948,0.995,0.9951,0.9951,0.9951,0.9951,0.995,0.995,0.995,0.9951,0.9952,0.9952,0.9952,0.9953,0.9952,0.9952,0.9952,0.9953,0.9954,0.9954,0.9953,0.9953,0.9952,0.9949,0.9948,0.9947,0.9947,0.9948,0.9948,0.9948,0.9948,0.9947,0.9946,0.9945,0.9944,0.9944,0.9943,0.9942,0.994,0.9938,0.9936,0.9933,0.993,0.9927,0.9923,0.992,0.9916,0.9911,0.9906,0.99,0.9894,0.9888,0.9881,0.9874,0.9867,0.9858,0.9849,0.9839,0.9828,0.9816,0.9804,0.979,0.9776,0.976,0.9744,0.9725,0.9706,0.9685,0.9663,0.9639,0.9615,0.9589,0.9561,0.9531,0.95,0.9466,0.943,0.9392,0.9354,0.9312,0.9269,0.9223,0.9176,0.9124,0.9071,0.9015,0.8958,0.8896,0.8833,0.8768,0.87,0.8628,0.8554,0.8477,0.8398,0.8316,0.8232,0.8147,0.806,0.7968,0.7874,0.7777,0.7678,0.7575,0.7472,0.7369,0.7264,0.7158,0.7049,0.6938,0.6827,0.6714,0.6601,0.6491,0.6381,0.6272,0.6161,0.605,0.594,0.5831,0.5723,0.562,0.5518,0.5421,0.5324,0.5229,0.5138,0.505,0.4965,0.4886,0.4813,0.4744,0.4679,0.4619,0.4563,0.4512,0.4467,0.4428,0.4395,0.4369,0.4349,0.4335,0.4327,0.4325,0.4329,0.434,0.4357,0.438,0.4409,0.4446,0.4489,0.4538,0.4593,0.4654,0.4719,0.4789,0.4863,0.4945,0.5031,0.5123,0.5218,0.5318,0.5418,0.5521,0.5626,0.5736,0.5849,0.5965,0.6081,0.62,0.6315,0.643,0.6545,0.6661,0.678,0.6898,0.7015,0.7132,0.7244,0.7354,0.7461,0.7568,0.7675,0.7779,0.7881,0.798,0.8076,0.8165,0.8254,0.834,0.8425,0.8508,0.8587,0.8663,0.8736,0.8804,0.8871,0.8935,0.8999,0.9059,0.9117,0.917,0.9221,0.9268,0.9315,0.9361,0.9405,0.9447,0.9485,0.9519,0.9552,0.9583,0.9612,0.9641,0.967,0.9696,0.972,0.9742,0.9761,0.978,0.9798,0.9816,0.9833,0.9849,0.9862,0.9874,0.9884,0.9894,0.9905,0.9915,0.9925,0.9934,0.9941,0.9947,0.9953,0.9958,0.9963,0.9968,0.9973,0.9977,0.9979,0.9981,0.9983,0.9984,0.9986,0.9989,0.9992,0.9994,0.9995,0.9996,0.9996,0.9997,0.9998,0.9999,1.0,1.0,0.9999,0.9998,0.9998,0.9999,0.9999,0.9999,0.9998,0.9998,0.9997,0.9995,0.9995,0.9996,0.9997,0.9997,0.9997,0.9996,0.9995,0.9994,0.9993,0.9994,0.9994,0.9993,0.9993,0.9992,0.9992,0.9991,0.9991,0.9992,0.9993,0.9993,0.9992,0.9991,0.9991,0.999,0.999,0.9991
113.64353449340767,7.037533238430555,-62.896912141984394,-55.630514280882046,72.18911694214525,56.65163399836555,r.HARPN.2018-09-24T10-43-47.773_S1D_A.fits,S1D_spectra/sun_harpsN/2018-09-24/r.HARPN.2018-09-24T10-43-47.773_S1D_A.fits,Sun,2018-09-24T10:43:47.773,58385.447071759,0.733262863375272,31.9999999991119,211524,0.9943,0.9945,0.9946,0.9947,0.9947,0.9947,0.9945,0.9944,0.9944,0.9945,0.9947,0.9948,0.9948,0.9948,0.9947,0.9946,0.9945,0.9945,0.9946,0.9948,0.9949,0.9949,0.995,0.995,0.995,0.995,0.9951,0.9951,0.9952,0.9952,0.9952,0.9951,0.9951,0.995,0.995,0.995,0.9951,0.9951,0.9951,0.995,0.9949,0.9947,0.9946,0.9945,0.9945,0.9944,0.9943,0.9942,0.9939,0.9937,0.9934,0.9931,0.9928,0.9924,0.9921,0.9918,0.9913,0.9908,0.9903,0.9898,0.9892,0.9886,0.988,0.9873,0.9864,0.9855,0.9844,0.9833,0.982,0.9807,0.9793,0.9779,0.9763,0.9746,0.9728,0.9709,0.9689,0.9667,0.9644,0.962,0.9593,0.9566,0.9535,0.9503,0.9469,0.9433,0.9395,0.9356,0.9314,0.9272,0.9226,0.9179,0.9128,0.9074,0.9018,0.8961,0.89,0.8837,0.8772,0.8705,0.8633,0.8559,0.8482,0.8403,0.8319,0.8235,0.8148,0.8059,0.7967,0.7871,0.7773,0.7673,0.757,0.7466,0.7363,0.7259,0.7153,0.7044,0.6933,0.6821,0.6708,0.6594,0.6484,0.6373,0.6263,0.6151,0.604,0.5929,0.5819,0.5711,0.5608,0.5506,0.5409,0.5312,0.5218,0.5126,0.5038,0.4953,0.4874,0.48,0.4731,0.4666,0.4606,0.455,0.4499,0.4453,0.4415,0.4382,0.4356,0.4336,0.4322,0.4314,0.4313,0.4317,0.4328,0.4346,0.4369,0.4399,0.4436,0.4479,0.4529,0.4584,0.4645,0.471,0.478,0.4854,0.4936,0.5023,0.5115,0.5211,0.5311,0.541,0.5513,0.5618,0.5728,0.5841,0.5957,0.6074,0.6194,0.631,0.6426,0.6542,0.666,0.6779,0.6897,0.7014,0.7132,0.7244,0.7353,0.7461,0.7568,0.7675,0.7779,0.7881,0.7981,0.8077,0.8168,0.8257,0.8343,0.8429,0.8512,0.8591,0.8668,0.8741,0.8809,0.8876,0.8941,0.9004,0.9064,0.9122,0.9175,0.9227,0.9274,0.932,0.9365,0.9409,0.9449,0.9487,0.9522,0.9555,0.9586,0.9616,0.9645,0.9674,0.9701,0.9724,0.9746,0.9765,0.9784,0.9801,0.9819,0.9837,0.9852,0.9865,0.9877,0.9888,0.9898,0.9908,0.9918,0.9928,0.9937,0.9944,0.995,0.9956,0.9961,0.9966,0.9971,0.9976,0.998,0.9982,0.9984,0.9986,0.9988,0.999,0.9993,0.9994,0.9996,0.9996,0.9996,0.9997,0.9998,0.9998,0.9999,1.0,1.0,0.9999,0.9998,0.9998,0.9998,0.9998,0.9999,0.9998,0.9998,0.9997,0.9996,0.9996,0.9997,0.9997,0.9996,0.9996,0.9995,0.9994,0.9993,0.9993,0.9994,0.9995,0.9995,0.9995,0.9994,0.9993,0.9992,0.9992,0.9993,0.9994,0.9994,0.9994,0.9992,0.9992,0.9991,0.9991,0.9992
113.57644812610114,7.046290072629141,-63.79945095937887,-56.457527905807616,92.78842712411384,56.513316896274155,r.HARPN.2018-09-25T09-04-36.186_S1D_A.fits,S1D_spectra/sun_harpsN/2018-09-25/r.HARPN.2018-09-25T09-04-36.186_S1D_A.fits,Sun,2018-09-25T09:04:36.186,58386.3781944443,0.85222371626892,31.9999999998656,211524,0.9946,0.9948,0.9949,0.995,0.995,0.995,0.9949,0.9948,0.9948,0.995,0.9951,0.9952,0.9953,0.9953,0.9952,0.9951,0.995,0.9951,0.9952,0.9953,0.9954,0.9954,0.9954,0.9953,0.9952,0.9951,0.9951,0.9951,0.9952,0.9952,0.9952,0.9952,0.9951,0.9951,0.9951,0.9952,0.9952,0.9953,0.9953,0.9953,0.9951,0.9949,0.9947,0.9945,0.9944,0.9942,0.994,0.9938,0.9936,0.9933,0.993,0.9927,0.9924,0.9921,0.9919,0.9916,0.9912,0.9908,0.9903,0.9897,0.9892,0.9885,0.9879,0.9871,0.9863,0.9854,0.9843,0.9832,0.9819,0.9807,0.9793,0.9778,0.9762,0.9745,0.9727,0.9707,0.9686,0.9664,0.9641,0.9616,0.9589,0.9561,0.9531,0.9499,0.9465,0.9429,0.9392,0.9353,0.9311,0.9268,0.9222,0.9174,0.9123,0.907,0.9014,0.8957,0.8896,0.8834,0.8769,0.8701,0.863,0.8556,0.8479,0.8401,0.8318,0.8234,0.8148,0.8061,0.7969,0.7874,0.7777,0.7678,0.7575,0.7471,0.7368,0.7263,0.7157,0.7048,0.6937,0.6825,0.6712,0.6599,0.6489,0.6378,0.6269,0.6158,0.6047,0.5937,0.5828,0.572,0.5617,0.5516,0.5419,0.5322,0.5228,0.5137,0.5049,0.4964,0.4885,0.4812,0.4743,0.4678,0.4618,0.4562,0.4512,0.4466,0.4427,0.4395,0.4369,0.4348,0.4334,0.4326,0.4325,0.4329,0.434,0.4357,0.438,0.441,0.4447,0.449,0.4539,0.4595,0.4656,0.472,0.479,0.4865,0.4946,0.5033,0.5124,0.522,0.5319,0.5419,0.5522,0.5626,0.5736,0.5849,0.5965,0.6082,0.6201,0.6317,0.6432,0.6547,0.6664,0.6783,0.6901,0.7018,0.7136,0.7248,0.7358,0.7465,0.7573,0.7679,0.7782,0.7883,0.7983,0.8078,0.8167,0.8257,0.8343,0.8429,0.8511,0.8591,0.8666,0.8739,0.8806,0.8873,0.8938,0.9001,0.9061,0.9119,0.9172,0.9223,0.927,0.9317,0.9362,0.9406,0.9447,0.9485,0.952,0.9553,0.9583,0.9613,0.9642,0.9671,0.9698,0.9721,0.9742,0.9762,0.978,0.9798,0.9816,0.9833,0.9849,0.9862,0.9874,0.9884,0.9894,0.9904,0.9914,0.9923,0.9932,0.9939,0.9945,0.995,0.9956,0.9961,0.9967,0.9973,0.9978,0.9981,0.9984,0.9986,0.9988,0.9991,0.9994,0.9996,0.9998,0.9999,0.9999,0.9999,0.9999,1.0,1.0,1.0,1.0,0.9999,0.9998,0.9997,0.9999,0.9999,0.9999,1.0,0.9999,0.9998,0.9997,0.9997,0.9998,0.9998,0.9997,0.9997,0.9996,0.9995,0.9995,0.9995,0.9996,0.9997,0.9996,0.9996,0.9995,0.9994,0.9993,0.9992,0.9992,0.9993,0.9993,0.9993,0.9993,0.9992,0.9993,0.9993,0.9995
114.53465248432984,7.046815727346116,-64.10095817173779,-56.77565804608042,93.27900876450896,56.51909344985191,r.HARPN.2018-09-26T09-04-08.383_S1D_A.fits,S1D_spectra/sun_harpsN/2018-09-26/r.HARPN.2018-09-26T09-04-08.383_S1D_A.fits,Sun,2018-09-26T09:04:08.383,58387.3778703702,0.851475286343428,31.9999999998999,211524,0.9945,0.9946,0.9948,0.995,0.995,0.9949,0.9948,0.9947,0.9946,0.9947,0.9948,0.9949,0.995,0.9949,0.9949,0.9948,0.9948,0.9948,0.9949,0.995,0.9951,0.9951,0.9952,0.9952,0.9951,0.9951,0.9952,0.9953,0.9953,0.9953,0.9953,0.9953,0.9951,0.995,0.9949,0.9949,0.995,0.995,0.995,0.9949,0.9948,0.9946,0.9945,0.9943,0.9942,0.9941,0.9939,0.9938,0.9936,0.9933,0.993,0.9928,0.9925,0.9923,0.992,0.9917,0.9913,0.9908,0.9902,0.9896,0.9889,0.9881,0.9874,0.9866,0.9857,0.9848,0.9839,0.9828,0.9816,0.9803,0.979,0.9775,0.9759,0.9743,0.9724,0.9704,0.9683,0.9662,0.9639,0.9615,0.959,0.9563,0.9533,0.9502,0.9468,0.9432,0.9394,0.9354,0.9311,0.9268,0.9222,0.9174,0.9123,0.907,0.9014,0.8957,0.8895,0.8833,0.8768,0.87,0.8628,0.8554,0.8477,0.8398,0.8315,0.8232,0.8146,0.8058,0.7966,0.7871,0.7773,0.7675,0.7572,0.7469,0.7367,0.7263,0.7157,0.7049,0.6938,0.6826,0.6713,0.66,0.649,0.6379,0.627,0.6158,0.6047,0.5937,0.5828,0.5719,0.5616,0.5515,0.5418,0.5321,0.5227,0.5135,0.5048,0.4963,0.4884,0.4811,0.4742,0.4678,0.4617,0.4562,0.4511,0.4465,0.4427,0.4394,0.4368,0.4348,0.4334,0.4326,0.4324,0.4329,0.4339,0.4356,0.4379,0.4409,0.4445,0.4488,0.4537,0.4592,0.4653,0.4718,0.4788,0.4862,0.4943,0.503,0.5121,0.5217,0.5316,0.5415,0.5519,0.5623,0.5733,0.5846,0.5962,0.6079,0.6199,0.6315,0.6431,0.6546,0.6664,0.6782,0.6901,0.7018,0.7135,0.7246,0.7355,0.7462,0.7569,0.7675,0.7779,0.788,0.798,0.8075,0.8165,0.8254,0.834,0.8426,0.8509,0.8588,0.8664,0.8737,0.8805,0.8872,0.8937,0.9001,0.9061,0.9118,0.9171,0.9222,0.9269,0.9315,0.936,0.9404,0.9445,0.9483,0.9517,0.9549,0.9579,0.9609,0.9638,0.9667,0.9694,0.9718,0.974,0.976,0.9778,0.9796,0.9813,0.9831,0.9846,0.9859,0.9871,0.9881,0.9891,0.9901,0.9912,0.9922,0.9931,0.9937,0.9943,0.9949,0.9954,0.9959,0.9965,0.9971,0.9975,0.9978,0.9981,0.9983,0.9986,0.9988,0.9991,0.9993,0.9994,0.9995,0.9995,0.9996,0.9997,0.9998,0.9999,1.0,1.0,0.9999,0.9998,0.9997,0.9997,0.9997,0.9996,0.9996,0.9995,0.9995,0.9994,0.9995,0.9997,0.9998,0.9998,0.9998,0.9998,0.9997,0.9996,0.9996,0.9996,0.9997,0.9996,0.9995,0.9995,0.9994,0.9994,0.9995,0.9996,0.9997,0.9997,0.9996,0.9995,0.9994,0.9992,0.9992,0.9993
114.66858711790225,7.0407569648351425,-63.011618694978885,-55.6674700552867,80.6474127616853,56.610320903514236,r.HARPN.2018-09-27T09-55-02.930_S1D_A.fits,S1D_spectra/sun_harpsN/2018-09-27/r.HARPN.2018-09-27T09-55-02.930_S1D_A.fits,Sun,2018-09-27T09:55:02.930,58388.4132175925,0.795401123072049,31.9999999997376,211524,0.9945,0.9946,0.9947,0.9948,0.9947,0.9947,0.9946,0.9945,0.9945,0.9946,0.9948,0.995,0.9951,0.9951,0.9951,0.995,0.9949,0.995,0.9951,0.9952,0.9953,0.9953,0.9953,0.9953,0.9952,0.9951,0.9952,0.9952,0.9952,0.9952,0.9953,0.9952,0.9951,0.9951,0.9951,0.9952,0.9952,0.9953,0.9953,0.9953,0.9951,0.9949,0.9948,0.9946,0.9945,0.9944,0.9943,0.9941,0.9939,0.9937,0.9934,0.9932,0.9928,0.9925,0.9922,0.9919,0.9914,0.991,0.9904,0.9899,0.9892,0.9886,0.9879,0.9872,0.9863,0.9853,0.9843,0.9831,0.9819,0.9806,0.9792,0.9778,0.9762,0.9746,0.9728,0.9709,0.9688,0.9667,0.9643,0.9618,0.9591,0.9564,0.9533,0.9502,0.9467,0.9432,0.9394,0.9356,0.9314,0.9272,0.9226,0.9178,0.9127,0.9073,0.9018,0.896,0.8899,0.8837,0.8772,0.8705,0.8634,0.8559,0.8482,0.8403,0.8318,0.8234,0.8147,0.8059,0.7967,0.7872,0.7774,0.7675,0.7572,0.7469,0.7366,0.7261,0.7155,0.7045,0.6934,0.6823,0.6709,0.6596,0.6485,0.6374,0.6264,0.6153,0.6041,0.5931,0.5822,0.5713,0.561,0.551,0.5412,0.5316,0.5222,0.513,0.5043,0.4958,0.4879,0.4805,0.4737,0.4672,0.4611,0.4555,0.4505,0.4459,0.442,0.4387,0.4361,0.434,0.4326,0.4318,0.4315,0.432,0.433,0.4347,0.437,0.44,0.4437,0.448,0.4529,0.4585,0.4646,0.4711,0.4781,0.4856,0.4937,0.5024,0.5116,0.5212,0.5312,0.5412,0.5515,0.562,0.573,0.5843,0.5959,0.6076,0.6196,0.6311,0.6427,0.6542,0.666,0.6778,0.6896,0.7013,0.713,0.7243,0.7352,0.746,0.7567,0.7674,0.7779,0.788,0.7981,0.8077,0.8167,0.8256,0.8343,0.8429,0.8512,0.8591,0.8667,0.874,0.8807,0.8874,0.8938,0.9002,0.9062,0.9119,0.9172,0.9223,0.927,0.9317,0.9362,0.9406,0.9447,0.9486,0.952,0.9554,0.9584,0.9614,0.9643,0.9672,0.9698,0.9722,0.9744,0.9764,0.9782,0.98,0.9818,0.9835,0.9851,0.9864,0.9876,0.9886,0.9896,0.9906,0.9916,0.9926,0.9934,0.9941,0.9947,0.9952,0.9957,0.9962,0.9967,0.9972,0.9976,0.9979,0.9981,0.9983,0.9986,0.9988,0.9991,0.9994,0.9996,0.9996,0.9996,0.9996,0.9997,0.9998,0.9999,1.0,1.0,0.9999,0.9998,0.9998,0.9998,0.9998,0.9997,0.9997,0.9997,0.9996,0.9995,0.9995,0.9996,0.9997,0.9996,0.9996,0.9995,0.9994,0.9992,0.9992,0.9993,0.9993,0.9992,0.9992,0.9991,0.9991,0.999,0.9991,0.9992,0.9993,0.9993,0.9993,0.9992,0.9991,0.9991,0.9991,0.9993
115.57820802677153,7.047817144591735,-64.96436965834691,-57.57273737723087,96.01314517034764,56.494072245429685,r.HARPN.2018-09-29T08-58-42.347_S1D_A.fits,S1D_spectra/sun_harpsN/2018-09-28/r.HARPN.2018-09-29T08-58-42.347_S1D_A.fits,Sun,2018-09-29T08:58:42.347,58390.3740972225,0.852796792328431,31.999999999998,211524,0.9948,0.995,0.9951,0.9951,0.9951,0.9949,0.9948,0.9947,0.9946,0.9947,0.9949,0.995,0.995,0.995,0.9949,0.9948,0.9948,0.9948,0.9949,0.995,0.9951,0.995,0.9951,0.995,0.9949,0.9948,0.9949,0.9949,0.995,0.9951,0.9951,0.9951,0.9951,0.995,0.995,0.995,0.9951,0.995,0.9951,0.995,0.9949,0.9948,0.9946,0.9945,0.9944,0.9943,0.9942,0.9941,0.9938,0.9935,0.9932,0.9929,0.9926,0.9923,0.9919,0.9916,0.9911,0.9906,0.99,0.9893,0.9886,0.9879,0.9872,0.9865,0.9856,0.9848,0.9838,0.9828,0.9816,0.9803,0.979,0.9775,0.9759,0.9741,0.9723,0.9703,0.9682,0.966,0.9637,0.9613,0.9586,0.9559,0.953,0.9498,0.9464,0.9428,0.9391,0.9352,0.931,0.9267,0.9221,0.9174,0.9123,0.907,0.9015,0.8958,0.8896,0.8834,0.8769,0.8702,0.863,0.8556,0.8479,0.84,0.8317,0.8233,0.8148,0.806,0.7969,0.7874,0.7777,0.7678,0.7575,0.7471,0.7369,0.7264,0.7157,0.7048,0.6938,0.6827,0.6714,0.6602,0.6492,0.6382,0.6273,0.6162,0.6051,0.594,0.5831,0.5722,0.562,0.5519,0.5421,0.5325,0.5231,0.5139,0.5051,0.4966,0.4887,0.4813,0.4744,0.468,0.4619,0.4564,0.4514,0.4468,0.443,0.4398,0.4371,0.4351,0.4336,0.4328,0.4326,0.433,0.434,0.4357,0.438,0.4409,0.4446,0.4489,0.4539,0.4594,0.4655,0.4719,0.479,0.4864,0.4945,0.5032,0.5123,0.5218,0.5318,0.5417,0.5519,0.5623,0.5733,0.5846,0.5961,0.6078,0.6197,0.6313,0.6429,0.6544,0.6662,0.6781,0.6899,0.7016,0.7133,0.7245,0.7354,0.7462,0.7569,0.7675,0.7779,0.788,0.798,0.8076,0.8166,0.8255,0.8342,0.8428,0.851,0.859,0.8666,0.8739,0.8807,0.8874,0.8938,0.9001,0.906,0.9116,0.9168,0.9218,0.9265,0.9311,0.9356,0.94,0.9441,0.9479,0.9514,0.9547,0.9578,0.9608,0.9637,0.9666,0.9693,0.9717,0.9738,0.9757,0.9776,0.9794,0.9811,0.983,0.9846,0.986,0.9873,0.9884,0.9894,0.9905,0.9915,0.9924,0.9933,0.9939,0.9945,0.995,0.9956,0.9961,0.9967,0.9972,0.9977,0.9979,0.9982,0.9984,0.9986,0.9988,0.999,0.9992,0.9994,0.9994,0.9995,0.9995,0.9996,0.9997,0.9997,0.9998,0.9998,0.9998,0.9997,0.9997,0.9999,0.9999,1.0,1.0,1.0,0.9999,0.9998,0.9998,0.9999,0.9999,0.9998,0.9998,0.9997,0.9996,0.9994,0.9994,0.9995,0.9995,0.9994,0.9994,0.9993,0.9992,0.9991,0.9992,0.9992,0.9993,0.9993,0.9993,0.9992,0.9992,0.9992,0.9993,0.9994
114.81963236701549,7.047059428262697,-63.99408488639077,-56.5744967600237,93.07485635406756,56.512270870736046,r.HARPN.2018-09-29T09-04-13.282_S1D_A.fits,S1D_spectra/sun_harpsN/2018-09-29/r.HARPN.2018-09-29T09-04-13.282_S1D_A.fits,Sun,2018-09-29T09:04:13.282,58390.3779282407,0.847824488351639,31.9999999999952,211524,0.9949,0.995,0.9951,0.9952,0.9952,0.9951,0.9949,0.9948,0.9948,0.9949,0.995,0.9951,0.995,0.995,0.9949,0.9948,0.9948,0.9949,0.9951,0.9952,0.9953,0.9954,0.9954,0.9954,0.9953,0.9953,0.9953,0.9954,0.9954,0.9954,0.9955,0.9954,0.9953,0.9952,0.9952,0.9952,0.9952,0.9951,0.9951,0.9951,0.995,0.9948,0.9947,0.9946,0.9945,0.9944,0.9943,0.9941,0.9939,0.9936,0.9933,0.993,0.9926,0.9923,0.9919,0.9916,0.9911,0.9906,0.99,0.9894,0.9887,0.988,0.9874,0.9866,0.9858,0.9849,0.9839,0.9828,0.9817,0.9804,0.979,0.9776,0.976,0.9743,0.9725,0.9705,0.9684,0.9663,0.964,0.9616,0.959,0.9563,0.9533,0.9502,0.9469,0.9433,0.9396,0.9357,0.9315,0.9272,0.9226,0.9177,0.9126,0.9072,0.9016,0.8959,0.8898,0.8835,0.877,0.8702,0.863,0.8555,0.8478,0.8399,0.8316,0.8232,0.8147,0.8059,0.7967,0.7873,0.7775,0.7676,0.7573,0.747,0.7367,0.7262,0.7156,0.7047,0.6937,0.6826,0.6713,0.6601,0.6491,0.6381,0.6271,0.616,0.6049,0.5939,0.583,0.5721,0.5619,0.5518,0.542,0.5324,0.5229,0.5137,0.5049,0.4964,0.4885,0.4811,0.4743,0.4678,0.4618,0.4562,0.4512,0.4467,0.4428,0.4396,0.437,0.4349,0.4335,0.4327,0.4325,0.4329,0.434,0.4357,0.438,0.441,0.4446,0.449,0.4538,0.4594,0.4654,0.4719,0.4788,0.4863,0.4944,0.5031,0.5123,0.5218,0.5318,0.5418,0.5521,0.5625,0.5735,0.5848,0.5964,0.608,0.6199,0.6315,0.643,0.6545,0.6662,0.6781,0.6899,0.7015,0.7133,0.7245,0.7354,0.7462,0.7569,0.7676,0.778,0.7881,0.7981,0.8077,0.8167,0.8256,0.8343,0.8428,0.8511,0.859,0.8666,0.8739,0.8807,0.8874,0.8938,0.9001,0.9061,0.9118,0.9171,0.9221,0.9268,0.9314,0.936,0.9404,0.9445,0.9483,0.9518,0.9551,0.9582,0.9612,0.9641,0.9669,0.9696,0.9719,0.974,0.9759,0.9778,0.9795,0.9813,0.9831,0.9847,0.986,0.9873,0.9884,0.9894,0.9905,0.9915,0.9924,0.9933,0.994,0.9946,0.9951,0.9957,0.9962,0.9967,0.9972,0.9976,0.9978,0.998,0.9982,0.9984,0.9986,0.9989,0.9992,0.9994,0.9995,0.9996,0.9997,0.9998,0.9999,0.9999,1.0,1.0,0.9999,0.9998,0.9998,0.9999,0.9999,1.0,1.0,0.9999,0.9999,0.9998,0.9997,0.9998,0.9998,0.9997,0.9996,0.9995,0.9995,0.9994,0.9994,0.9995,0.9996,0.9996,0.9996,0.9995,0.9994,0.9994,0.9994,0.9995,0.9997,0.9997,0.9996,0.9995,0.9995,0.9994,0.9994,0.9995
114.78977551923535,7.050268183817461,-63.21367537709756,-55.529190995543196,99.58906324162942,56.4866888968764,r.HARPN.2018-10-01T09-00-10.955_S1D_A.fits,S1D_spectra/sun_harpsN/2018-10-01/r.HARPN.2018-10-01T09-00-10.955_S1D_A.fits,Sun,2018-10-01T09:00:10.955,58392.3751157406,0.850070044071865,31.9999999999607,211524,0.9947,0.9948,0.9949,0.9949,0.9948,0.9947,0.9945,0.9944,0.9943,0.9944,0.9946,0.9947,0.9948,0.9947,0.9947,0.9946,0.9945,0.9946,0.9947,0.9948,0.9949,0.9949,0.995,0.9949,0.9949,0.9949,0.9951,0.9952,0.9953,0.9953,0.9954,0.9953,0.9952,0.9951,0.995,0.9949,0.9949,0.9949,0.9949,0.9948,0.9947,0.9946,0.9945,0.9944,0.9944,0.9942,0.9941,0.994,0.9937,0.9935,0.9932,0.9929,0.9926,0.9923,0.992,0.9916,0.9912,0.9907,0.9901,0.9895,0.9888,0.9881,0.9874,0.9866,0.9856,0.9846,0.9836,0.9824,0.9812,0.9799,0.9786,0.9771,0.9756,0.9739,0.9721,0.9702,0.9681,0.9659,0.9636,0.9611,0.9585,0.9558,0.9528,0.9497,0.9463,0.9427,0.939,0.9351,0.9309,0.9267,0.9221,0.9173,0.9121,0.9068,0.9012,0.8954,0.8893,0.8831,0.8766,0.8698,0.8627,0.8553,0.8476,0.8397,0.8314,0.823,0.8145,0.8057,0.7965,0.787,0.7773,0.7675,0.7572,0.7469,0.7367,0.7263,0.7157,0.7048,0.6938,0.6827,0.6714,0.6601,0.6491,0.638,0.6271,0.6159,0.6048,0.5938,0.5829,0.572,0.5617,0.5516,0.5419,0.5322,0.5228,0.5137,0.5049,0.4964,0.4886,0.4812,0.4743,0.4678,0.4618,0.4562,0.4512,0.4466,0.4428,0.4395,0.4369,0.4349,0.4335,0.4327,0.4325,0.433,0.434,0.4357,0.4381,0.441,0.4447,0.4491,0.454,0.4596,0.4657,0.4722,0.4792,0.4866,0.4947,0.5033,0.5124,0.5219,0.5319,0.5418,0.5521,0.5626,0.5735,0.5848,0.5964,0.608,0.6198,0.6314,0.6429,0.6544,0.6661,0.678,0.6898,0.7014,0.7131,0.7243,0.7352,0.7459,0.7565,0.7671,0.7775,0.7877,0.7977,0.8072,0.8163,0.8252,0.8339,0.8425,0.8508,0.8587,0.8663,0.8736,0.8803,0.887,0.8935,0.8998,0.9059,0.9115,0.9168,0.9219,0.9265,0.9312,0.9357,0.9401,0.9442,0.948,0.9514,0.9547,0.9577,0.9606,0.9635,0.9664,0.969,0.9714,0.9735,0.9755,0.9773,0.9791,0.9809,0.9827,0.9843,0.9857,0.9869,0.9881,0.9891,0.9902,0.9912,0.9922,0.9931,0.9937,0.9943,0.9948,0.9953,0.9958,0.9964,0.9969,0.9974,0.9977,0.998,0.9982,0.9985,0.9987,0.9989,0.9991,0.9992,0.9993,0.9993,0.9994,0.9995,0.9997,0.9998,0.9999,1.0,1.0,0.9999,0.9998,0.9999,0.9999,0.9998,0.9998,0.9997,0.9996,0.9994,0.9994,0.9995,0.9996,0.9995,0.9995,0.9995,0.9994,0.9993,0.9992,0.9993,0.9993,0.9992,0.9991,0.999,0.9989,0.9989,0.999,0.9991,0.9993,0.9993,0.9993,0.9992,0.9991,0.9991,0.9991,0.9992
113.62371055687052,7.044674675030592,-63.94343712250533,-56.36389108268738,88.79383450345884,56.52480991815051,r.HARPN.2018-10-02T09-18-21.223_S1D_A.fits,S1D_spectra/sun_harpsN/2018-10-02/r.HARPN.2018-10-02T09-18-21.223_S1D_A.fits,Sun,2018-10-02T09:18:21.223,58393.3877430558,0.832503283589518,31.9999999999378,211524,0.9947,0.9948,0.9949,0.995,0.9949,0.9948,0.9946,0.9945,0.9944,0.9945,0.9946,0.9948,0.9949,0.9949,0.9949,0.9948,0.9947,0.9948,0.9949,0.995,0.9951,0.9951,0.9951,0.9951,0.995,0.995,0.9951,0.9952,0.9952,0.9953,0.9953,0.9953,0.9951,0.995,0.995,0.995,0.995,0.9951,0.9951,0.995,0.9948,0.9947,0.9945,0.9944,0.9944,0.9942,0.9941,0.994,0.9938,0.9935,0.9933,0.993,0.9926,0.9923,0.992,0.9916,0.9912,0.9907,0.9902,0.9896,0.989,0.9884,0.9877,0.9869,0.986,0.9851,0.984,0.9828,0.9816,0.9803,0.9789,0.9775,0.9759,0.9743,0.9725,0.9705,0.9683,0.9661,0.9637,0.9612,0.9585,0.9558,0.9528,0.9497,0.9463,0.9428,0.9391,0.9353,0.9311,0.9269,0.9223,0.9175,0.9124,0.907,0.9014,0.8957,0.8896,0.8834,0.8769,0.8702,0.863,0.8556,0.8479,0.84,0.8317,0.8233,0.8147,0.8059,0.7967,0.7872,0.7775,0.7676,0.7573,0.747,0.7367,0.7263,0.7156,0.7047,0.6936,0.6824,0.6711,0.6598,0.6488,0.6377,0.6268,0.6157,0.6046,0.5935,0.5827,0.5718,0.5615,0.5515,0.5417,0.5321,0.5226,0.5135,0.5047,0.4962,0.4884,0.481,0.4741,0.4676,0.4616,0.456,0.451,0.4464,0.4425,0.4393,0.4367,0.4347,0.4333,0.4325,0.4324,0.4328,0.4339,0.4356,0.4379,0.4409,0.4446,0.4489,0.4538,0.4593,0.4654,0.4719,0.4788,0.4863,0.4944,0.5031,0.5123,0.5219,0.5318,0.5418,0.5521,0.5625,0.5735,0.5848,0.5963,0.608,0.6199,0.6314,0.643,0.6545,0.6662,0.6781,0.6899,0.7016,0.7134,0.7246,0.7355,0.7463,0.757,0.7676,0.7781,0.7883,0.7983,0.8078,0.8169,0.8257,0.8344,0.8429,0.8511,0.859,0.8666,0.8739,0.8807,0.8874,0.8939,0.9003,0.9063,0.912,0.9173,0.9224,0.927,0.9316,0.936,0.9403,0.9444,0.9482,0.9517,0.955,0.9581,0.9611,0.964,0.9668,0.9695,0.9718,0.9739,0.9759,0.9777,0.9796,0.9814,0.9832,0.9848,0.9862,0.9874,0.9885,0.9895,0.9905,0.9914,0.9924,0.9932,0.9939,0.9944,0.9949,0.9954,0.996,0.9965,0.997,0.9974,0.9977,0.998,0.9982,0.9985,0.9987,0.999,0.9992,0.9994,0.9995,0.9995,0.9996,0.9997,0.9998,0.9999,1.0,1.0,0.9999,0.9998,0.9998,0.9998,0.9998,0.9997,0.9997,0.9996,0.9995,0.9993,0.9993,0.9994,0.9994,0.9994,0.9994,0.9994,0.9994,0.9993,0.9994,0.9995,0.9995,0.9995,0.9995,0.9993,0.9993,0.9992,0.9992,0.9993,0.9994,0.9994,0.9993,0.9991,0.999,0.999,0.999,0.9991
113.12616791876826,7.041374538015443,-64.26669433593416,-56.602596242298766,81.41992836618358,56.56828408292669,r.HARPN.2018-10-03T09-41-22.290_S1D_A.fits,S1D_spectra/sun_harpsN/2018-10-03/r.HARPN.2018-10-03T09-41-22.290_S1D_A.fits,Sun,2018-10-03T09:41:22.290,58394.403726852,0.807709212781411,31.9999999999285,211524,0.9949,0.995,0.9951,0.9951,0.995,0.9949,0.9948,0.9947,0.9946,0.9948,0.995,0.9951,0.9952,0.9951,0.9951,0.995,0.9949,0.9949,0.995,0.9951,0.9952,0.9952,0.9953,0.9952,0.9952,0.9952,0.9953,0.9953,0.9954,0.9954,0.9954,0.9954,0.9953,0.9952,0.9952,0.9953,0.9953,0.9953,0.9953,0.9953,0.9951,0.9949,0.9947,0.9946,0.9945,0.9943,0.9942,0.9941,0.9938,0.9936,0.9933,0.9931,0.9928,0.9925,0.9922,0.9919,0.9915,0.9909,0.9904,0.9898,0.9891,0.9884,0.9877,0.9869,0.986,0.985,0.984,0.9829,0.9817,0.9805,0.9791,0.9776,0.976,0.9744,0.9726,0.9706,0.9686,0.9664,0.9641,0.9617,0.9591,0.9563,0.9533,0.9502,0.9467,0.9432,0.9394,0.9355,0.9314,0.9271,0.9226,0.9178,0.9127,0.9074,0.9019,0.8962,0.89,0.8838,0.8772,0.8705,0.8633,0.8559,0.8482,0.8403,0.8319,0.8234,0.8148,0.806,0.7968,0.7872,0.7775,0.7676,0.7573,0.747,0.7367,0.7262,0.7156,0.7047,0.6936,0.6824,0.6711,0.6598,0.6488,0.6377,0.6267,0.6156,0.6045,0.5934,0.5825,0.5717,0.5614,0.5513,0.5415,0.5319,0.5224,0.5133,0.5045,0.4959,0.488,0.4806,0.4737,0.4672,0.4612,0.4556,0.4506,0.4461,0.4422,0.4391,0.4365,0.4345,0.4331,0.4323,0.4322,0.4326,0.4337,0.4354,0.4377,0.4407,0.4444,0.4487,0.4536,0.4592,0.4652,0.4717,0.4786,0.4861,0.4942,0.5029,0.5121,0.5217,0.5317,0.5417,0.552,0.5624,0.5734,0.5847,0.5962,0.6079,0.6198,0.6314,0.643,0.6545,0.6662,0.6781,0.69,0.7017,0.7135,0.7247,0.7357,0.7464,0.7571,0.7678,0.7782,0.7884,0.7984,0.808,0.8171,0.826,0.8347,0.8433,0.8516,0.8595,0.8671,0.8744,0.8812,0.8879,0.8944,0.9007,0.9067,0.9124,0.9176,0.9227,0.9274,0.932,0.9364,0.9408,0.9449,0.9487,0.9521,0.9555,0.9585,0.9615,0.9644,0.9672,0.9698,0.9722,0.9743,0.9762,0.978,0.9798,0.9816,0.9834,0.9849,0.9863,0.9874,0.9885,0.9895,0.9905,0.9915,0.9925,0.9935,0.9942,0.9948,0.9954,0.996,0.9965,0.997,0.9975,0.998,0.9982,0.9984,0.9986,0.9989,0.9991,0.9993,0.9995,0.9996,0.9997,0.9997,0.9997,0.9997,0.9998,0.9999,0.9999,0.9999,0.9999,0.9998,0.9998,0.9999,0.9999,1.0,1.0,1.0,0.9999,0.9998,0.9998,0.9999,1.0,1.0,1.0,0.9999,0.9999,0.9998,0.9998,0.9998,0.9999,0.9997,0.9997,0.9996,0.9995,0.9994,0.9994,0.9994,0.9995,0.9995,0.9994,0.9993,0.9992,0.9992,0.9993,0.9994
111.11687488186935,7.044252383272027,-64.82211623844738,-57.07537185605399,92.14487637104979,56.51721403158675,r.HARPN.2018-10-06T09-11-46.458_S1D_A.fits,S1D_spectra/sun_harpsN/2018-10-06/r.HARPN.2018-10-06T09-11-46.458_S1D_A.fits,Sun,2018-10-06T09:11:46.458,58397.3831712962,0.84257780754525,31.9999999992222,211524,0.9947,0.9949,0.995,0.9951,0.9951,0.995,0.9948,0.9947,0.9946,0.9947,0.9948,0.9949,0.9949,0.9949,0.9948,0.9948,0.9947,0.9948,0.995,0.9951,0.9952,0.9953,0.9953,0.9953,0.9952,0.9952,0.9952,0.9953,0.9953,0.9953,0.9953,0.9953,0.9952,0.9951,0.9951,0.9952,0.9953,0.9953,0.9954,0.9954,0.9952,0.9951,0.995,0.9948,0.9947,0.9946,0.9944,0.9942,0.994,0.9937,0.9934,0.9931,0.9928,0.9924,0.9921,0.9917,0.9912,0.9907,0.9901,0.9895,0.9889,0.9882,0.9875,0.9868,0.986,0.9851,0.9841,0.983,0.9818,0.9805,0.9792,0.9778,0.9762,0.9745,0.9727,0.9708,0.9686,0.9664,0.9641,0.9616,0.9589,0.9562,0.9532,0.95,0.9466,0.943,0.9392,0.9353,0.931,0.9267,0.9221,0.9174,0.9122,0.9069,0.9014,0.8957,0.8896,0.8834,0.8769,0.8701,0.8629,0.8555,0.8478,0.8399,0.8316,0.8232,0.8146,0.8057,0.7965,0.787,0.7773,0.7674,0.7571,0.7468,0.7365,0.7261,0.7155,0.7046,0.6935,0.6823,0.6711,0.6598,0.6488,0.6378,0.6268,0.6157,0.6046,0.5936,0.5827,0.5719,0.5616,0.5515,0.5418,0.5321,0.5227,0.5136,0.5048,0.4963,0.4884,0.481,0.4742,0.4677,0.4616,0.456,0.451,0.4464,0.4425,0.4393,0.4367,0.4347,0.4333,0.4325,0.4324,0.4328,0.4339,0.4357,0.4381,0.4411,0.4448,0.4491,0.454,0.4596,0.4657,0.4721,0.4791,0.4866,0.4947,0.5035,0.5127,0.5223,0.5323,0.5423,0.5527,0.5631,0.5741,0.5854,0.5969,0.6085,0.6204,0.6319,0.6435,0.655,0.6667,0.6785,0.6903,0.702,0.7137,0.725,0.7359,0.7467,0.7574,0.768,0.7784,0.7885,0.7985,0.8081,0.8171,0.8261,0.8348,0.8434,0.8516,0.8596,0.8672,0.8745,0.8812,0.8879,0.8943,0.9007,0.9067,0.9124,0.9177,0.9227,0.9274,0.932,0.9364,0.9408,0.9449,0.9486,0.952,0.9553,0.9584,0.9613,0.9642,0.9671,0.9697,0.9721,0.9742,0.9762,0.978,0.9798,0.9815,0.9833,0.9848,0.9862,0.9874,0.9885,0.9895,0.9906,0.9917,0.9927,0.9936,0.9943,0.9949,0.9954,0.9959,0.9964,0.997,0.9975,0.9979,0.9981,0.9984,0.9985,0.9987,0.9989,0.9991,0.9993,0.9994,0.9995,0.9995,0.9995,0.9997,0.9997,0.9999,0.9999,1.0,1.0,0.9999,0.9999,0.9999,0.9999,0.9999,0.9999,0.9998,0.9997,0.9996,0.9995,0.9996,0.9996,0.9996,0.9996,0.9996,0.9995,0.9995,0.9995,0.9996,0.9997,0.9996,0.9996,0.9996,0.9996,0.9995,0.9996,0.9997,0.9997,0.9997,0.9996,0.9995,0.9993,0.9993,0.9993,0.9994
114.29994413182695,7.043648408199691,-62.56042008146165,-55.60386042093214,85.36147359395446,56.56390037405221,r.HARPN.2018-10-07T09-41-33.408_S1D_A.fits,S1D_spectra/sun_harpsN/2018-10-07/r.HARPN.2018-10-07T09-41-33.408_S1D_A.fits,Sun,2018-10-07T09:41:33.408,58398.4038541666,0.812282953932,31.9999999993042,211524,0.9946,0.9947,0.9948,0.9949,0.9948,0.9947,0.9947,0.9946,0.9946,0.9947,0.9949,0.9951,0.9951,0.9951,0.9951,0.9951,0.995,0.9951,0.9953,0.9955,0.9955,0.9956,0.9956,0.9955,0.9954,0.9953,0.9953,0.9953,0.9954,0.9953,0.9954,0.9953,0.9952,0.9951,0.9951,0.9951,0.9951,0.9952,0.9952,0.9952,0.9951,0.995,0.9948,0.9948,0.9947,0.9946,0.9944,0.9943,0.9941,0.9939,0.9936,0.9933,0.993,0.9926,0.9923,0.9919,0.9914,0.9909,0.9904,0.9898,0.9891,0.9885,0.9878,0.9871,0.9862,0.9853,0.9843,0.9832,0.982,0.9807,0.9793,0.9779,0.9763,0.9746,0.9728,0.9708,0.9687,0.9665,0.9641,0.9617,0.9591,0.9564,0.9535,0.9504,0.947,0.9435,0.9397,0.9358,0.9316,0.9273,0.9227,0.9179,0.9128,0.9074,0.9018,0.8961,0.8899,0.8837,0.8772,0.8704,0.8632,0.8557,0.848,0.84,0.8317,0.8233,0.8147,0.8059,0.7967,0.7873,0.7775,0.7676,0.7573,0.747,0.7367,0.7262,0.7156,0.7046,0.6935,0.6823,0.671,0.6596,0.6486,0.6375,0.6266,0.6155,0.6045,0.5934,0.5825,0.5717,0.5614,0.5514,0.5416,0.532,0.5225,0.5134,0.5046,0.4961,0.4882,0.4808,0.4739,0.4674,0.4613,0.4557,0.4507,0.4461,0.4422,0.439,0.4363,0.4343,0.433,0.4322,0.4321,0.4326,0.4337,0.4354,0.4378,0.4407,0.4444,0.4487,0.4535,0.459,0.4651,0.4715,0.4785,0.4859,0.4941,0.5028,0.5119,0.5215,0.5315,0.5415,0.5518,0.5623,0.5733,0.5846,0.5962,0.6079,0.6198,0.6314,0.643,0.6545,0.6663,0.6781,0.69,0.7016,0.7134,0.7246,0.7355,0.7462,0.7569,0.7676,0.778,0.7882,0.7982,0.8077,0.8168,0.8257,0.8343,0.8429,0.8512,0.8591,0.8667,0.8741,0.8808,0.8875,0.8939,0.9002,0.9062,0.9118,0.9171,0.9222,0.9268,0.9314,0.9359,0.9403,0.9444,0.9483,0.9518,0.9551,0.9582,0.9612,0.9641,0.967,0.9697,0.9721,0.9742,0.9762,0.978,0.9798,0.9816,0.9833,0.9849,0.9862,0.9874,0.9885,0.9895,0.9905,0.9915,0.9925,0.9934,0.994,0.9946,0.9951,0.9957,0.9962,0.9967,0.9972,0.9977,0.9979,0.9982,0.9984,0.9986,0.9988,0.9991,0.9994,0.9996,0.9997,0.9997,0.9998,0.9999,0.9999,1.0,1.0,1.0,0.9999,0.9998,0.9998,0.9999,0.9999,0.9999,0.9999,0.9999,0.9998,0.9996,0.9996,0.9996,0.9996,0.9995,0.9995,0.9994,0.9993,0.9992,0.9992,0.9993,0.9994,0.9993,0.9993,0.9992,0.9992,0.9992,0.9992,0.9993,0.9995,0.9995,0.9994,0.9994,0.9993,0.9993,0.9993,0.9993
113.74516874328037,7.048641634172645,-63.76966038732562,-56.311369111519824,96.0534812549064,56.49266342708508,r.HARPN.2018-10-08T09-03-39.619_S1D_A.fits,S1D_spectra/sun_harpsN/2018-10-08/r.HARPN.2018-10-08T09-03-39.619_S1D_A.fits,Sun,2018-10-08T09:03:39.619,58399.377534722,0.853701047473329,31.9999999986134,211524,0.9948,0.995,0.9951,0.9952,0.9952,0.9951,0.995,0.9948,0.9948,0.9949,0.995,0.9952,0.9952,0.9952,0.9952,0.9951,0.995,0.995,0.9951,0.9952,0.9953,0.9952,0.9953,0.9952,0.9952,0.9952,0.9952,0.9953,0.9954,0.9955,0.9955,0.9955,0.9954,0.9953,0.9952,0.9952,0.9953,0.9953,0.9953,0.9952,0.9951,0.995,0.9948,0.9947,0.9946,0.9945,0.9944,0.9943,0.994,0.9938,0.9935,0.9933,0.993,0.9927,0.9924,0.9921,0.9916,0.9911,0.9906,0.9899,0.9892,0.9885,0.9878,0.987,0.9861,0.9852,0.9842,0.9831,0.9819,0.9806,0.9792,0.9777,0.9761,0.9745,0.9726,0.9707,0.9686,0.9664,0.9641,0.9616,0.9589,0.9562,0.9531,0.95,0.9465,0.943,0.9393,0.9354,0.9313,0.9271,0.9225,0.9177,0.9126,0.9072,0.9016,0.8959,0.8897,0.8835,0.8769,0.8701,0.8629,0.8554,0.8477,0.8398,0.8315,0.8231,0.8145,0.8058,0.7966,0.7871,0.7774,0.7676,0.7573,0.747,0.7368,0.7263,0.7157,0.7049,0.6938,0.6827,0.6715,0.6602,0.6492,0.6382,0.6272,0.6161,0.605,0.5939,0.583,0.5721,0.5618,0.5517,0.5419,0.5323,0.5228,0.5137,0.5049,0.4964,0.4886,0.4812,0.4744,0.4679,0.4619,0.4564,0.4514,0.4468,0.443,0.4398,0.4372,0.4351,0.4337,0.4329,0.4327,0.4332,0.4342,0.4359,0.4382,0.4412,0.4448,0.4491,0.4541,0.4596,0.4657,0.4721,0.4791,0.4866,0.4947,0.5034,0.5125,0.522,0.532,0.542,0.5523,0.5628,0.5738,0.5851,0.5967,0.6083,0.6203,0.6318,0.6434,0.6548,0.6665,0.6784,0.6902,0.7018,0.7135,0.7247,0.7357,0.7464,0.7571,0.7678,0.7782,0.7884,0.7984,0.808,0.817,0.8259,0.8345,0.843,0.8512,0.8591,0.8666,0.8738,0.8806,0.8873,0.8937,0.9001,0.9061,0.9118,0.9171,0.9222,0.9269,0.9315,0.936,0.9404,0.9445,0.9484,0.9518,0.9551,0.9582,0.9611,0.964,0.9668,0.9694,0.9717,0.9737,0.9757,0.9775,0.9793,0.9811,0.9828,0.9844,0.9858,0.987,0.9881,0.9891,0.9902,0.9912,0.9922,0.9932,0.9939,0.9945,0.9951,0.9956,0.9962,0.9968,0.9973,0.9977,0.9979,0.9982,0.9984,0.9986,0.9988,0.999,0.9992,0.9994,0.9995,0.9995,0.9996,0.9997,0.9997,0.9999,0.9999,1.0,0.9999,0.9999,0.9998,0.9999,0.9999,1.0,1.0,1.0,0.9999,0.9998,0.9998,0.9998,0.9999,0.9998,0.9998,0.9996,0.9996,0.9995,0.9995,0.9996,0.9997,0.9997,0.9997,0.9996,0.9995,0.9995,0.9995,0.9996,0.9997,0.9996,0.9996,0.9996,0.9996,0.9996,0.9996,0.9997
113.57042815799012,7.052204746046743,-63.55638223103384,-56.421326646311876,109.66335982915736,56.430980382674875,r.HARPN.2018-10-10T08-50-36.165_S1D_A.fits,S1D_spectra/sun_harpsN/2018-10-09/r.HARPN.2018-10-10T08-50-36.165_S1D_A.fits,Sun,2018-10-10T08:50:36.165,58401.3684722222,0.868323937590266,31.9999999979529,211524,0.9949,0.995,0.9951,0.9953,0.9953,0.9952,0.9951,0.995,0.9949,0.9949,0.995,0.995,0.995,0.995,0.9949,0.9949,0.9948,0.9949,0.9951,0.9952,0.9953,0.9953,0.9953,0.9952,0.9951,0.995,0.9951,0.9952,0.9952,0.9952,0.9953,0.9953,0.9952,0.9951,0.9951,0.9951,0.9952,0.9952,0.9952,0.9952,0.9951,0.9949,0.9948,0.9947,0.9946,0.9945,0.9943,0.9942,0.9939,0.9936,0.9933,0.9929,0.9925,0.9921,0.9918,0.9914,0.991,0.9905,0.9899,0.9893,0.9887,0.9879,0.9872,0.9864,0.9855,0.9845,0.9835,0.9823,0.9811,0.9799,0.9786,0.9772,0.9756,0.9739,0.9721,0.9702,0.968,0.9658,0.9635,0.961,0.9584,0.9557,0.9527,0.9495,0.9461,0.9426,0.9389,0.935,0.9308,0.9265,0.9219,0.9172,0.9121,0.9067,0.9012,0.8956,0.8895,0.8833,0.8769,0.8701,0.863,0.8555,0.8478,0.84,0.8317,0.8233,0.8147,0.8059,0.7967,0.7872,0.7775,0.7676,0.7574,0.7471,0.7368,0.7264,0.7158,0.7049,0.6938,0.6827,0.6714,0.6601,0.6492,0.6381,0.6272,0.6161,0.6051,0.594,0.5832,0.5724,0.5621,0.5521,0.5424,0.5327,0.5233,0.5141,0.5054,0.4969,0.4891,0.4817,0.4748,0.4684,0.4623,0.4567,0.4517,0.4471,0.4433,0.44,0.4374,0.4355,0.4341,0.4333,0.4332,0.4336,0.4347,0.4364,0.4387,0.4416,0.4453,0.4497,0.4546,0.4601,0.4662,0.4727,0.4796,0.487,0.4951,0.5038,0.5129,0.5224,0.5323,0.5423,0.5525,0.563,0.5739,0.5853,0.5969,0.6085,0.6205,0.632,0.6436,0.6551,0.6668,0.6787,0.6904,0.702,0.7137,0.7249,0.7357,0.7465,0.7572,0.7677,0.7781,0.7882,0.7982,0.8077,0.8167,0.8256,0.8343,0.8428,0.851,0.8589,0.8665,0.8737,0.8805,0.8871,0.8936,0.8999,0.9059,0.9116,0.9168,0.9219,0.9265,0.9311,0.9356,0.94,0.9441,0.9479,0.9514,0.9546,0.9577,0.9606,0.9635,0.9664,0.969,0.9714,0.9736,0.9756,0.9774,0.9792,0.981,0.9828,0.9843,0.9857,0.9868,0.9879,0.989,0.99,0.991,0.9921,0.993,0.9937,0.9943,0.9949,0.9954,0.9959,0.9965,0.997,0.9974,0.9977,0.998,0.9982,0.9984,0.9986,0.9989,0.9991,0.9993,0.9994,0.9995,0.9995,0.9996,0.9997,0.9998,0.9998,0.9998,0.9998,0.9997,0.9997,0.9998,0.9999,1.0,1.0,1.0,1.0,0.9999,0.9999,1.0,1.0,0.9999,0.9999,0.9998,0.9998,0.9997,0.9997,0.9998,0.9999,0.9998,0.9998,0.9996,0.9995,0.9993,0.9993,0.9993,0.9994,0.9994,0.9993,0.9993,0.9993,0.9993,0.9994,0.9995
112.74875437850358,7.044509281950247,-64.2503322816005,-56.55831045483507,86.40036742651172,56.547878144278144,r.HARPN.2018-10-10T09-33-55.027_S1D_A.fits,S1D_spectra/sun_harpsN/2018-10-10/r.HARPN.2018-10-10T09-33-55.027_S1D_A.fits,Sun,2018-10-10T09:33:55.027,58401.3985532406,0.825615916007178,31.9999999986316,211524,0.9947,0.9948,0.9949,0.995,0.9949,0.9948,0.9947,0.9946,0.9945,0.9946,0.9947,0.9948,0.9949,0.9948,0.9948,0.9947,0.9947,0.9947,0.9949,0.9949,0.995,0.995,0.995,0.995,0.9949,0.9949,0.995,0.995,0.9951,0.9952,0.9952,0.9952,0.9951,0.995,0.995,0.995,0.9951,0.9951,0.9951,0.9951,0.9949,0.9948,0.9947,0.9947,0.9946,0.9945,0.9944,0.9943,0.994,0.9938,0.9935,0.9932,0.9929,0.9926,0.9923,0.992,0.9915,0.991,0.9905,0.9898,0.9892,0.9885,0.9878,0.987,0.9861,0.9852,0.9842,0.983,0.9818,0.9805,0.9791,0.9777,0.9761,0.9744,0.9726,0.9706,0.9685,0.9663,0.964,0.9615,0.9588,0.9561,0.9531,0.95,0.9466,0.943,0.9393,0.9354,0.9312,0.9269,0.9223,0.9176,0.9125,0.9071,0.9016,0.8958,0.8897,0.8834,0.8769,0.8701,0.8629,0.8555,0.8477,0.8398,0.8315,0.8231,0.8145,0.8057,0.7965,0.787,0.7773,0.7674,0.7571,0.7468,0.7365,0.7261,0.7155,0.7046,0.6935,0.6824,0.6711,0.6598,0.6488,0.6377,0.6267,0.6156,0.6045,0.5934,0.5825,0.5717,0.5614,0.5512,0.5415,0.5318,0.5224,0.5132,0.5045,0.496,0.4882,0.4808,0.474,0.4675,0.4615,0.4559,0.4509,0.4463,0.4424,0.4392,0.4365,0.4345,0.4331,0.4323,0.4321,0.4326,0.4337,0.4354,0.4377,0.4407,0.4444,0.4487,0.4536,0.4592,0.4653,0.4718,0.4788,0.4862,0.4943,0.503,0.5122,0.5217,0.5317,0.5417,0.5521,0.5625,0.5735,0.5849,0.5965,0.6081,0.62,0.6316,0.6431,0.6546,0.6663,0.6782,0.69,0.7017,0.7134,0.7247,0.7356,0.7464,0.7571,0.7677,0.7782,0.7883,0.7984,0.8079,0.817,0.8259,0.8345,0.8431,0.8513,0.8592,0.8668,0.8741,0.8808,0.8874,0.8939,0.9002,0.9062,0.9119,0.9172,0.9223,0.927,0.9317,0.9362,0.9406,0.9447,0.9485,0.952,0.9553,0.9584,0.9613,0.9642,0.9671,0.9698,0.9721,0.9743,0.9762,0.9781,0.9799,0.9817,0.9834,0.985,0.9863,0.9875,0.9885,0.9895,0.9905,0.9916,0.9926,0.9934,0.9941,0.9947,0.9952,0.9957,0.9962,0.9967,0.9972,0.9977,0.998,0.9983,0.9985,0.9988,0.999,0.9993,0.9995,0.9996,0.9996,0.9996,0.9997,0.9998,0.9998,0.9999,1.0,1.0,0.9999,0.9998,0.9998,0.9999,0.9999,1.0,1.0,1.0,1.0,0.9999,0.9998,0.9999,0.9999,0.9998,0.9997,0.9996,0.9995,0.9994,0.9994,0.9995,0.9996,0.9995,0.9995,0.9994,0.9993,0.9993,0.9993,0.9994,0.9995,0.9994,0.9994,0.9993,0.9992,0.9992,0.9992,0.9993
112.02532251325289,7.043985086304313,-64.68859559826598,-56.821062334104276,85.40956608775427,56.581076753737634,r.HARPN.2018-10-11T09-47-57.281_S1D_A.fits,S1D_spectra/sun_harpsN/2018-10-11/r.HARPN.2018-10-11T09-47-57.281_S1D_A.fits,Sun,2018-10-11T09:47:57.281,58402.4082986112,0.810272016573285,31.9999999987193,211524,0.9947,0.9948,0.9949,0.995,0.995,0.9948,0.9947,0.9946,0.9945,0.9946,0.9948,0.9949,0.995,0.995,0.995,0.9949,0.9949,0.9949,0.995,0.9951,0.9952,0.9953,0.9953,0.9953,0.9951,0.995,0.9951,0.9951,0.9951,0.9951,0.9951,0.9951,0.995,0.9949,0.995,0.995,0.9951,0.9951,0.9952,0.9952,0.9951,0.995,0.9949,0.9948,0.9947,0.9946,0.9944,0.9943,0.994,0.9937,0.9934,0.993,0.9927,0.9923,0.992,0.9916,0.9911,0.9907,0.9901,0.9896,0.9889,0.9883,0.9876,0.9869,0.986,0.9851,0.984,0.9829,0.9817,0.9804,0.9791,0.9777,0.9762,0.9746,0.9728,0.9708,0.9687,0.9665,0.9641,0.9616,0.9589,0.9562,0.9532,0.95,0.9466,0.9431,0.9394,0.9355,0.9313,0.9271,0.9225,0.9177,0.9125,0.9071,0.9015,0.8957,0.8895,0.8832,0.8767,0.8699,0.8627,0.8552,0.8475,0.8396,0.8313,0.8229,0.8143,0.8055,0.7963,0.7868,0.7771,0.7673,0.757,0.7467,0.7365,0.726,0.7154,0.7045,0.6934,0.6822,0.6709,0.6595,0.6485,0.6374,0.6264,0.6153,0.6042,0.5931,0.5822,0.5713,0.5611,0.551,0.5412,0.5316,0.5222,0.513,0.5043,0.4957,0.4878,0.4805,0.4736,0.4671,0.4611,0.4555,0.4504,0.4459,0.442,0.4388,0.4362,0.4342,0.4328,0.432,0.4319,0.4324,0.4335,0.4352,0.4375,0.4405,0.4442,0.4485,0.4535,0.459,0.4651,0.4716,0.4786,0.486,0.4941,0.5028,0.512,0.5215,0.5315,0.5415,0.5518,0.5623,0.5733,0.5846,0.5962,0.6079,0.6199,0.6315,0.643,0.6545,0.6663,0.6781,0.6899,0.7016,0.7133,0.7246,0.7355,0.7463,0.757,0.7677,0.7781,0.7883,0.7983,0.8079,0.817,0.8259,0.8346,0.8432,0.8514,0.8594,0.8669,0.8742,0.8809,0.8875,0.894,0.9003,0.9063,0.912,0.9174,0.9225,0.9272,0.9319,0.9364,0.9408,0.9448,0.9486,0.9521,0.9553,0.9584,0.9613,0.9643,0.9671,0.9698,0.9722,0.9743,0.9763,0.9782,0.98,0.9817,0.9835,0.985,0.9863,0.9875,0.9886,0.9896,0.9906,0.9917,0.9927,0.9935,0.9942,0.9947,0.9952,0.9957,0.9962,0.9967,0.9971,0.9976,0.9979,0.9982,0.9984,0.9987,0.9989,0.9992,0.9995,0.9996,0.9997,0.9997,0.9997,0.9998,0.9998,0.9999,1.0,1.0,0.9999,0.9999,0.9998,0.9999,0.9999,0.9999,0.9999,0.9999,0.9998,0.9997,0.9997,0.9998,0.9998,0.9997,0.9997,0.9997,0.9996,0.9996,0.9996,0.9997,0.9997,0.9997,0.9996,0.9995,0.9995,0.9994,0.9994,0.9994,0.9996,0.9995,0.9995,0.9994,0.9993,0.9992,0.9993,0.9994
112.4811240812641,7.045833354693766,-64.69074674157515,-57.17525350975249,86.58449523168451,56.52992662036249,r.HARPN.2018-10-12T09-23-04.988_S1D_A.fits,S1D_spectra/sun_harpsN/2018-10-12/r.HARPN.2018-10-12T09-23-04.988_S1D_A.fits,Sun,2018-10-12T09:23:04.988,58403.3910185187,0.838879685245873,31.9999999982145,211524,0.9946,0.9947,0.9948,0.995,0.9949,0.9949,0.9948,0.9946,0.9946,0.9947,0.9949,0.995,0.995,0.995,0.9949,0.9948,0.9947,0.9947,0.9948,0.9949,0.995,0.995,0.9951,0.9951,0.9951,0.9951,0.9951,0.9952,0.9952,0.9952,0.9952,0.9952,0.995,0.9949,0.9949,0.995,0.995,0.995,0.995,0.995,0.9948,0.9947,0.9946,0.9945,0.9944,0.9943,0.9942,0.994,0.9938,0.9935,0.9932,0.993,0.9927,0.9924,0.9921,0.9918,0.9913,0.9909,0.9903,0.9897,0.9891,0.9884,0.9877,0.9869,0.986,0.9851,0.984,0.9828,0.9816,0.9803,0.9789,0.9774,0.9758,0.9741,0.9723,0.9704,0.9683,0.9661,0.9638,0.9614,0.9587,0.956,0.9531,0.95,0.9466,0.943,0.9392,0.9353,0.9311,0.9268,0.9222,0.9174,0.9123,0.9069,0.9013,0.8956,0.8894,0.8832,0.8767,0.8699,0.8628,0.8553,0.8477,0.8398,0.8315,0.8231,0.8145,0.8057,0.7965,0.787,0.7773,0.7674,0.757,0.7467,0.7364,0.7259,0.7153,0.7044,0.6933,0.6822,0.6709,0.6596,0.6486,0.6375,0.6266,0.6155,0.6044,0.5933,0.5825,0.5717,0.5614,0.5513,0.5416,0.532,0.5226,0.5134,0.5046,0.4961,0.4883,0.4809,0.4741,0.4676,0.4616,0.456,0.451,0.4464,0.4426,0.4393,0.4367,0.4347,0.4333,0.4325,0.4323,0.4328,0.4338,0.4356,0.4379,0.4408,0.4445,0.4488,0.4537,0.4593,0.4653,0.4718,0.4788,0.4862,0.4943,0.503,0.5122,0.5218,0.5317,0.5417,0.5521,0.5625,0.5735,0.5849,0.5964,0.6081,0.62,0.6316,0.6431,0.6546,0.6664,0.6782,0.69,0.7017,0.7134,0.7246,0.7356,0.7463,0.757,0.7676,0.7781,0.7882,0.7982,0.8078,0.8169,0.8258,0.8345,0.8431,0.8514,0.8593,0.8669,0.8741,0.8809,0.8875,0.894,0.9003,0.9063,0.912,0.9173,0.9225,0.9271,0.9317,0.9362,0.9405,0.9446,0.9484,0.9518,0.9551,0.9581,0.961,0.9639,0.9667,0.9693,0.9717,0.9738,0.9757,0.9776,0.9794,0.9812,0.983,0.9846,0.9859,0.9871,0.9882,0.9892,0.9902,0.9913,0.9923,0.9932,0.9939,0.9945,0.9951,0.9956,0.9961,0.9966,0.9971,0.9975,0.9978,0.998,0.9982,0.9985,0.9987,0.999,0.9992,0.9994,0.9994,0.9995,0.9995,0.9997,0.9998,0.9999,0.9999,1.0,1.0,0.9999,0.9999,1.0,1.0,1.0,0.9999,0.9999,0.9997,0.9996,0.9996,0.9996,0.9996,0.9996,0.9996,0.9995,0.9994,0.9993,0.9993,0.9994,0.9995,0.9994,0.9993,0.9992,0.9991,0.999,0.9991,0.9992,0.9993,0.9993,0.9993,0.9993,0.9992,0.9992,0.9992,0.9993
112.44359589533575,7.043491289452917,-64.36978665727906,-56.724796967101575,81.11776444758142,56.56062917327943,r.HARPN.2018-10-13T09-49-05.966_S1D_A.fits,S1D_spectra/sun_harpsN/2018-10-13/r.HARPN.2018-10-13T09-49-05.966_S1D_A.fits,Sun,2018-10-13T09:49:05.966,58404.4090856481,0.809312360582478,31.9999999986094,211524,0.9946,0.9948,0.9949,0.995,0.9949,0.9948,0.9947,0.9945,0.9944,0.9945,0.9947,0.9948,0.9949,0.9949,0.9949,0.9948,0.9947,0.9948,0.9949,0.995,0.995,0.995,0.9951,0.9951,0.995,0.9951,0.9952,0.9953,0.9954,0.9954,0.9955,0.9954,0.9953,0.9952,0.9952,0.9952,0.9952,0.9952,0.9952,0.9951,0.995,0.9948,0.9947,0.9946,0.9945,0.9944,0.9943,0.9942,0.9939,0.9937,0.9934,0.9932,0.9929,0.9926,0.9923,0.992,0.9915,0.991,0.9904,0.9898,0.9891,0.9884,0.9876,0.9869,0.986,0.985,0.984,0.9829,0.9817,0.9804,0.9791,0.9776,0.976,0.9743,0.9725,0.9706,0.9685,0.9663,0.964,0.9616,0.959,0.9562,0.9532,0.95,0.9466,0.943,0.9393,0.9354,0.9312,0.927,0.9224,0.9176,0.9125,0.9071,0.9015,0.8958,0.8896,0.8834,0.8769,0.8701,0.8629,0.8555,0.8478,0.8399,0.8316,0.8232,0.8146,0.8058,0.7966,0.7871,0.7773,0.7674,0.7571,0.7468,0.7366,0.7261,0.7154,0.7045,0.6934,0.6822,0.6709,0.6595,0.6485,0.6375,0.6265,0.6155,0.6044,0.5933,0.5825,0.5716,0.5613,0.5512,0.5415,0.5318,0.5224,0.5132,0.5044,0.4959,0.488,0.4807,0.4738,0.4673,0.4613,0.4557,0.4507,0.4462,0.4423,0.4391,0.4365,0.4344,0.4331,0.4323,0.4321,0.4326,0.4336,0.4353,0.4377,0.4406,0.4443,0.4487,0.4536,0.4592,0.4653,0.4717,0.4787,0.4861,0.4942,0.5029,0.512,0.5216,0.5316,0.5416,0.5519,0.5624,0.5735,0.5848,0.5964,0.6081,0.62,0.6316,0.6431,0.6546,0.6664,0.6782,0.69,0.7017,0.7134,0.7246,0.7355,0.7463,0.757,0.7676,0.7781,0.7883,0.7983,0.8079,0.817,0.8259,0.8346,0.8432,0.8514,0.8593,0.8669,0.8742,0.881,0.8876,0.8941,0.9004,0.9065,0.9122,0.9175,0.9226,0.9273,0.9319,0.9364,0.9408,0.9449,0.9487,0.9521,0.9554,0.9584,0.9613,0.9642,0.9671,0.9697,0.9721,0.9742,0.9762,0.978,0.9798,0.9816,0.9834,0.985,0.9864,0.9876,0.9887,0.9897,0.9907,0.9917,0.9927,0.9936,0.9943,0.9949,0.9954,0.9959,0.9965,0.997,0.9975,0.998,0.9982,0.9985,0.9987,0.9989,0.9991,0.9993,0.9995,0.9996,0.9996,0.9996,0.9996,0.9998,0.9998,0.9999,1.0,1.0,0.9999,0.9998,0.9998,0.9999,0.9999,0.9999,0.9998,0.9998,0.9997,0.9995,0.9995,0.9996,0.9996,0.9995,0.9995,0.9995,0.9994,0.9994,0.9994,0.9995,0.9996,0.9995,0.9995,0.9994,0.9994,0.9993,0.9993,0.9993,0.9994,0.9994,0.9993,0.9992,0.9991,0.9991,0.9991,0.9992
112.13454068271157,7.046021132526672,-64.09639313249305,-56.243315960663104,90.54566017140576,56.541737140701166,r.HARPN.2018-10-15T09-38-04.379_S1D_A.fits,S1D_spectra/sun_harpsN/2018-10-15/r.HARPN.2018-10-15T09-38-04.379_S1D_A.fits,Sun,2018-10-15T09:38:04.379,58406.4014351852,0.820577022939596,31.9999999984185,211524,0.9947,0.9948,0.995,0.9951,0.9951,0.995,0.9949,0.9947,0.9947,0.9948,0.9949,0.995,0.9949,0.9949,0.9948,0.9947,0.9947,0.9947,0.9949,0.9951,0.9952,0.9952,0.9953,0.9952,0.9951,0.9951,0.9951,0.9952,0.9953,0.9953,0.9954,0.9954,0.9953,0.9952,0.9951,0.9951,0.9951,0.9951,0.9951,0.995,0.9949,0.9948,0.9946,0.9946,0.9945,0.9944,0.9943,0.9941,0.9939,0.9936,0.9934,0.9931,0.9928,0.9925,0.9921,0.9918,0.9913,0.9908,0.9903,0.9896,0.989,0.9883,0.9876,0.9868,0.9859,0.985,0.9839,0.9827,0.9815,0.9802,0.9788,0.9774,0.9758,0.9741,0.9724,0.9705,0.9684,0.9662,0.9639,0.9615,0.9588,0.9561,0.9531,0.9499,0.9465,0.943,0.9393,0.9354,0.9312,0.9269,0.9223,0.9175,0.9123,0.9069,0.9013,0.8955,0.8893,0.8831,0.8766,0.8698,0.8627,0.8553,0.8476,0.8398,0.8314,0.8231,0.8145,0.8057,0.7965,0.7869,0.7772,0.7673,0.757,0.7467,0.7364,0.726,0.7154,0.7045,0.6934,0.6823,0.671,0.6597,0.6486,0.6375,0.6266,0.6154,0.6043,0.5932,0.5824,0.5715,0.5613,0.5512,0.5414,0.5318,0.5224,0.5132,0.5044,0.4959,0.4881,0.4807,0.4738,0.4674,0.4613,0.4558,0.4507,0.4461,0.4423,0.439,0.4364,0.4344,0.4331,0.4323,0.4322,0.4327,0.4338,0.4355,0.4379,0.4409,0.4446,0.4489,0.4538,0.4594,0.4655,0.4719,0.4789,0.4864,0.4945,0.5032,0.5124,0.5219,0.5319,0.5418,0.5521,0.5625,0.5735,0.5848,0.5963,0.608,0.6199,0.6314,0.643,0.6545,0.6662,0.6781,0.6899,0.7016,0.7134,0.7246,0.7355,0.7463,0.757,0.7677,0.7782,0.7883,0.7983,0.8079,0.8169,0.8258,0.8345,0.843,0.8513,0.8592,0.8668,0.8741,0.8808,0.8875,0.894,0.9003,0.9063,0.912,0.9172,0.9223,0.927,0.9317,0.9362,0.9406,0.9447,0.9485,0.9519,0.9552,0.9582,0.9612,0.964,0.9669,0.9695,0.9718,0.9739,0.9759,0.9778,0.9796,0.9814,0.9831,0.9847,0.986,0.9873,0.9884,0.9894,0.9904,0.9914,0.9924,0.9932,0.9939,0.9944,0.9949,0.9954,0.996,0.9965,0.997,0.9975,0.9978,0.998,0.9982,0.9985,0.9987,0.999,0.9992,0.9994,0.9995,0.9996,0.9996,0.9997,0.9998,0.9999,0.9999,1.0,1.0,0.9999,0.9999,0.9999,0.9999,0.9999,0.9999,0.9998,0.9997,0.9996,0.9996,0.9997,0.9998,0.9998,0.9998,0.9997,0.9996,0.9995,0.9995,0.9995,0.9995,0.9994,0.9993,0.9992,0.9991,0.9991,0.9992,0.9992,0.9994,0.9994,0.9993,0.9993,0.9992,0.9991,0.9992,0.9992
112.32658807520235,7.054918232474484,-65.01366594654485,-57.43237215178404,112.15867753389944,56.423062755270756,r.HARPN.2018-10-16T09-02-06.815_S1D_A.fits,S1D_spectra/sun_harpsN/2018-10-16/r.HARPN.2018-10-16T09-02-06.815_S1D_A.fits,Sun,2018-10-16T09:02:06.815,58407.3764583333,0.856295532532307,31.9999999977846,211524,0.9948,0.9949,0.995,0.995,0.9949,0.9947,0.9946,0.9945,0.9944,0.9945,0.9947,0.9949,0.9949,0.9949,0.9949,0.9949,0.9948,0.9949,0.9951,0.9952,0.9953,0.9953,0.9953,0.9952,0.9951,0.995,0.9951,0.9951,0.9952,0.9952,0.9953,0.9953,0.9952,0.9952,0.9952,0.9952,0.9951,0.9951,0.9951,0.995,0.9948,0.9946,0.9945,0.9944,0.9944,0.9943,0.9942,0.9941,0.9939,0.9936,0.9933,0.9929,0.9926,0.9923,0.992,0.9916,0.9912,0.9907,0.9902,0.9895,0.9888,0.9881,0.9873,0.9865,0.9856,0.9847,0.9836,0.9825,0.9813,0.98,0.9787,0.9772,0.9756,0.974,0.9721,0.9702,0.968,0.9658,0.9635,0.961,0.9583,0.9556,0.9525,0.9494,0.9459,0.9424,0.9386,0.9348,0.9306,0.9263,0.9217,0.917,0.9119,0.9065,0.901,0.8953,0.8892,0.883,0.8764,0.8697,0.8625,0.8551,0.8474,0.8395,0.8312,0.8228,0.8143,0.8055,0.7963,0.7869,0.7772,0.7673,0.7571,0.7468,0.7366,0.7262,0.7156,0.7047,0.6937,0.6826,0.6713,0.66,0.6491,0.638,0.6271,0.6161,0.605,0.594,0.5832,0.5723,0.5621,0.552,0.5423,0.5326,0.5232,0.5141,0.5053,0.4968,0.489,0.4817,0.4749,0.4684,0.4624,0.4568,0.4518,0.4472,0.4434,0.4401,0.4375,0.4355,0.4341,0.4333,0.4331,0.4335,0.4346,0.4364,0.4387,0.4417,0.4454,0.4498,0.4547,0.4603,0.4664,0.4728,0.4798,0.4872,0.4953,0.504,0.5131,0.5226,0.5325,0.5424,0.5527,0.5631,0.5741,0.5854,0.5969,0.6085,0.6204,0.632,0.6435,0.655,0.6667,0.6785,0.6903,0.702,0.7137,0.7249,0.7358,0.7465,0.7572,0.7678,0.7782,0.7882,0.7982,0.8077,0.8167,0.8256,0.8342,0.8428,0.851,0.8589,0.8665,0.8737,0.8805,0.8871,0.8936,0.8999,0.9059,0.9116,0.9168,0.9219,0.9266,0.9313,0.9358,0.9402,0.9443,0.9481,0.9515,0.9548,0.9578,0.9607,0.9636,0.9664,0.9691,0.9715,0.9736,0.9756,0.9775,0.9793,0.9811,0.9829,0.9845,0.9859,0.987,0.9881,0.9892,0.9902,0.9912,0.9922,0.993,0.9937,0.9943,0.9948,0.9953,0.9958,0.9964,0.9969,0.9974,0.9977,0.9979,0.9982,0.9984,0.9987,0.999,0.9992,0.9994,0.9995,0.9996,0.9996,0.9997,0.9998,0.9999,1.0,1.0,1.0,0.9999,0.9999,1.0,1.0,1.0,1.0,1.0,0.9999,0.9998,0.9998,0.9999,0.9999,0.9998,0.9997,0.9996,0.9995,0.9994,0.9994,0.9995,0.9996,0.9996,0.9996,0.9995,0.9995,0.9994,0.9994,0.9994,0.9996,0.9995,0.9995,0.9994,0.9994,0.9994,0.9995,0.9996
111.94320591946038,7.041266744880406,-64.10561581965813,-56.69083053225996,77.77927653514269,56.593301420773166,r.HARPN.2018-10-17T10-27-41.689_S1D_A.fits,S1D_spectra/sun_harpsN/2018-10-17/r.HARPN.2018-10-17T10-27-41.689_S1D_A.fits,Sun,2018-10-17T10:27:41.689,58408.4358912036,0.752846474013951,31.9999999992809,211524,0.9946,0.9947,0.9948,0.9948,0.9948,0.9947,0.9946,0.9946,0.9945,0.9947,0.9948,0.995,0.995,0.9949,0.9949,0.9948,0.9947,0.9948,0.9949,0.995,0.9951,0.9951,0.9951,0.9951,0.9949,0.9949,0.995,0.995,0.9951,0.9951,0.9952,0.9951,0.995,0.9949,0.9949,0.9949,0.9949,0.9949,0.9949,0.9949,0.9948,0.9947,0.9946,0.9945,0.9944,0.9943,0.9942,0.9941,0.9938,0.9936,0.9933,0.9931,0.9928,0.9925,0.9921,0.9918,0.9913,0.9908,0.9903,0.9897,0.9891,0.9885,0.9878,0.9871,0.9863,0.9854,0.9844,0.9833,0.9821,0.9807,0.9793,0.9778,0.9762,0.9745,0.9727,0.9707,0.9686,0.9664,0.9642,0.9617,0.9591,0.9563,0.9533,0.9501,0.9466,0.943,0.9392,0.9353,0.9311,0.9268,0.9222,0.9175,0.9124,0.9071,0.9015,0.8958,0.8896,0.8834,0.8769,0.8701,0.863,0.8556,0.8479,0.84,0.8317,0.8233,0.8146,0.8058,0.7965,0.787,0.7772,0.7673,0.757,0.7467,0.7364,0.7259,0.7152,0.7043,0.6932,0.682,0.6707,0.6593,0.6483,0.6372,0.6263,0.6151,0.604,0.5929,0.582,0.5712,0.5609,0.5508,0.5411,0.5314,0.522,0.5129,0.5041,0.4956,0.4877,0.4804,0.4735,0.467,0.461,0.4554,0.4504,0.4459,0.442,0.4388,0.4362,0.4342,0.4328,0.432,0.4318,0.4323,0.4334,0.4351,0.4374,0.4404,0.4441,0.4484,0.4533,0.4589,0.465,0.4714,0.4784,0.4859,0.494,0.5027,0.5119,0.5215,0.5315,0.5415,0.5518,0.5622,0.5732,0.5845,0.596,0.6077,0.6197,0.6313,0.6429,0.6544,0.6662,0.6781,0.69,0.7017,0.7135,0.7247,0.7357,0.7465,0.7572,0.7679,0.7783,0.7884,0.7984,0.808,0.817,0.8259,0.8346,0.8432,0.8515,0.8594,0.867,0.8743,0.881,0.8877,0.8941,0.9005,0.9065,0.9122,0.9175,0.9226,0.9272,0.9318,0.9363,0.9406,0.9447,0.9485,0.9519,0.9552,0.9582,0.9612,0.9641,0.967,0.9697,0.9721,0.9743,0.9763,0.9782,0.98,0.9818,0.9835,0.9851,0.9864,0.9876,0.9887,0.9897,0.9907,0.9917,0.9927,0.9936,0.9942,0.9948,0.9953,0.9957,0.9962,0.9967,0.9972,0.9976,0.9978,0.998,0.9982,0.9985,0.9987,0.999,0.9993,0.9995,0.9995,0.9996,0.9996,0.9997,0.9997,0.9998,0.9998,0.9998,0.9998,0.9998,0.9998,0.9999,1.0,1.0,1.0,1.0,0.9998,0.9997,0.9997,0.9997,0.9997,0.9996,0.9996,0.9994,0.9993,0.9992,0.9992,0.9993,0.9994,0.9994,0.9994,0.9993,0.9993,0.9992,0.9993,0.9994,0.9995,0.9995,0.9995,0.9995,0.9994,0.9993,0.9994,0.9994
111.51337445218748,7.039007030717954,-62.93162749617663,-55.57524177943182,67.93280832342228,56.64591117534522,r.HARPN.2018-10-18T12-51-03.989_S1D_A.fits,S1D_spectra/sun_harpsN/2018-10-18/r.HARPN.2018-10-18T12-51-03.989_S1D_A.fits,Sun,2018-10-18T12:51:03.989,58409.5354513889,0.515732300272261,31.9999999998849,211524,0.9942,0.9943,0.9945,0.9946,0.9946,0.9945,0.9944,0.9943,0.9942,0.9943,0.9944,0.9944,0.9944,0.9944,0.9944,0.9944,0.9944,0.9945,0.9947,0.9948,0.9949,0.9949,0.995,0.9949,0.9948,0.9947,0.9948,0.9949,0.995,0.995,0.9951,0.9951,0.995,0.9949,0.9948,0.9949,0.9949,0.995,0.9951,0.9951,0.995,0.9949,0.9948,0.9947,0.9946,0.9945,0.9944,0.9942,0.994,0.9937,0.9934,0.9932,0.9929,0.9926,0.9922,0.9919,0.9914,0.9909,0.9904,0.9897,0.9891,0.9884,0.9877,0.9869,0.9861,0.9851,0.9841,0.983,0.9818,0.9806,0.9794,0.978,0.9764,0.9748,0.973,0.9711,0.969,0.9668,0.9644,0.9619,0.9593,0.9565,0.9534,0.9502,0.9468,0.9432,0.9395,0.9356,0.9314,0.9271,0.9225,0.9177,0.9126,0.9072,0.9016,0.8959,0.8897,0.8834,0.8769,0.8701,0.8629,0.8555,0.8477,0.8398,0.8314,0.823,0.8144,0.8055,0.7963,0.7868,0.777,0.7671,0.7567,0.7464,0.7361,0.7256,0.7149,0.704,0.6929,0.6816,0.6703,0.6589,0.6479,0.6368,0.6258,0.6147,0.6036,0.5925,0.5816,0.5708,0.5605,0.5504,0.5406,0.531,0.5215,0.5123,0.5036,0.4951,0.4872,0.4799,0.473,0.4665,0.4605,0.4549,0.4499,0.4453,0.4415,0.4382,0.4356,0.4336,0.4323,0.4315,0.4313,0.4318,0.4329,0.4346,0.4369,0.4399,0.4436,0.448,0.453,0.4586,0.4647,0.4712,0.4782,0.4857,0.4938,0.5025,0.5117,0.5213,0.5313,0.5412,0.5515,0.5619,0.5729,0.5842,0.5957,0.6074,0.6194,0.631,0.6426,0.6541,0.6659,0.6778,0.6897,0.7014,0.7132,0.7245,0.7354,0.7462,0.7569,0.7676,0.7781,0.7882,0.7982,0.8078,0.8168,0.8257,0.8344,0.843,0.8512,0.8592,0.8668,0.8741,0.8809,0.8877,0.8942,0.9005,0.9066,0.9123,0.9176,0.9227,0.9274,0.932,0.9365,0.9408,0.945,0.9488,0.9523,0.9556,0.9586,0.9616,0.9645,0.9673,0.9699,0.9722,0.9743,0.9763,0.9781,0.9799,0.9817,0.9835,0.9851,0.9864,0.9876,0.9887,0.9897,0.9907,0.9917,0.9926,0.9935,0.9941,0.9947,0.9952,0.9957,0.9962,0.9967,0.9972,0.9976,0.9979,0.9981,0.9984,0.9986,0.9988,0.9991,0.9993,0.9995,0.9996,0.9996,0.9996,0.9997,0.9998,0.9999,1.0,1.0,0.9999,0.9999,0.9998,0.9999,0.9999,0.9998,0.9998,0.9997,0.9997,0.9995,0.9995,0.9996,0.9996,0.9995,0.9995,0.9994,0.9994,0.9993,0.9994,0.9995,0.9995,0.9995,0.9994,0.9992,0.9991,0.999,0.9989,0.999,0.9991,0.9991,0.999,0.999,0.9989,0.9989,0.9989,0.999
112.08592753729884,7.054850980433069,-64.88785007575166,-57.04977736992442,108.50447031800351,56.43315028383725,r.HARPN.2018-10-20T08-59-12.764_S1D_A.fits,S1D_spectra/sun_harpsN/2018-10-19/r.HARPN.2018-10-20T08-59-12.764_S1D_A.fits,Sun,2018-10-20T08:59:12.764,58411.3744444447,0.846646870015992,31.9999999978932,211524,0.9948,0.9949,0.995,0.995,0.995,0.9949,0.9948,0.9946,0.9946,0.9947,0.9949,0.9951,0.9952,0.9952,0.9952,0.9951,0.9951,0.9951,0.9952,0.9953,0.9953,0.9953,0.9953,0.9953,0.9951,0.9951,0.9952,0.9952,0.9953,0.9953,0.9953,0.9953,0.9952,0.9951,0.995,0.995,0.995,0.995,0.995,0.9949,0.9948,0.9946,0.9945,0.9944,0.9944,0.9943,0.9942,0.9941,0.9938,0.9935,0.9932,0.9929,0.9925,0.9921,0.9918,0.9914,0.9909,0.9904,0.9899,0.9893,0.9886,0.9879,0.9872,0.9864,0.9855,0.9846,0.9835,0.9824,0.9811,0.9799,0.9786,0.9771,0.9756,0.9739,0.9721,0.9701,0.9679,0.9657,0.9634,0.9609,0.9582,0.9555,0.9525,0.9493,0.9459,0.9424,0.9386,0.9347,0.9306,0.9263,0.9218,0.917,0.9119,0.9066,0.901,0.8953,0.8891,0.8829,0.8764,0.8696,0.8624,0.855,0.8473,0.8394,0.8311,0.8228,0.8143,0.8055,0.7964,0.7869,0.7772,0.7673,0.7571,0.7468,0.7366,0.7261,0.7155,0.7047,0.6936,0.6825,0.6712,0.66,0.649,0.638,0.627,0.616,0.6049,0.5939,0.5831,0.5722,0.562,0.5519,0.5421,0.5325,0.5231,0.5139,0.5052,0.4966,0.4888,0.4814,0.4746,0.4682,0.4622,0.4566,0.4517,0.4472,0.4433,0.4401,0.4375,0.4355,0.4341,0.4333,0.4331,0.4335,0.4346,0.4363,0.4387,0.4417,0.4453,0.4497,0.4546,0.4601,0.4661,0.4726,0.4796,0.487,0.4951,0.5038,0.513,0.5225,0.5325,0.5424,0.5527,0.5632,0.5741,0.5854,0.5969,0.6085,0.6204,0.632,0.6435,0.6549,0.6666,0.6784,0.6902,0.7019,0.7136,0.7248,0.7357,0.7464,0.7571,0.7677,0.7781,0.7882,0.7981,0.8076,0.8166,0.8255,0.8341,0.8427,0.851,0.8589,0.8665,0.8738,0.8806,0.8873,0.8938,0.9001,0.9062,0.9118,0.9171,0.9222,0.9268,0.9314,0.9358,0.9402,0.9443,0.9481,0.9515,0.9547,0.9577,0.9607,0.9636,0.9664,0.969,0.9713,0.9734,0.9754,0.9773,0.9791,0.9809,0.9827,0.9843,0.9857,0.9869,0.988,0.989,0.99,0.9911,0.9921,0.993,0.9937,0.9943,0.9949,0.9954,0.9958,0.9964,0.9969,0.9973,0.9975,0.9978,0.998,0.9983,0.9985,0.9989,0.9992,0.9994,0.9995,0.9995,0.9996,0.9997,0.9997,0.9998,0.9999,0.9999,0.9999,0.9998,0.9998,0.9999,1.0,1.0,1.0,1.0,0.9999,0.9998,0.9997,0.9998,0.9997,0.9997,0.9996,0.9996,0.9995,0.9995,0.9996,0.9997,0.9998,0.9998,0.9998,0.9997,0.9996,0.9996,0.9996,0.9997,0.9999,0.9999,0.9998,0.9997,0.9996,0.9995,0.9995,0.9995
111.22718430451447,7.05170765462482,-64.415880556256,-56.6888120636372,107.62751845945124,56.44329347052499,r.HARPN.2018-10-20T09-04-42.921_S1D_A.fits,S1D_spectra/sun_harpsN/2018-10-20/r.HARPN.2018-10-20T09-04-42.921_S1D_A.fits,Sun,2018-10-20T09:04:42.921,58411.3782638889,0.841529659417019,31.9999999980001,211524,0.9947,0.9949,0.995,0.9952,0.9951,0.995,0.9949,0.9947,0.9947,0.9948,0.9949,0.995,0.9951,0.9951,0.9951,0.995,0.9949,0.9949,0.995,0.9951,0.9952,0.9952,0.9952,0.9952,0.9951,0.995,0.995,0.9951,0.9951,0.9951,0.9952,0.9951,0.995,0.9949,0.9949,0.9949,0.9949,0.9948,0.9948,0.9947,0.9946,0.9945,0.9944,0.9943,0.9942,0.9941,0.9941,0.9939,0.9937,0.9934,0.9931,0.9928,0.9925,0.9921,0.9918,0.9914,0.991,0.9905,0.99,0.9893,0.9887,0.988,0.9873,0.9865,0.9856,0.9846,0.9836,0.9824,0.9812,0.9799,0.9786,0.9771,0.9755,0.9738,0.972,0.97,0.9678,0.9656,0.9632,0.9607,0.9581,0.9554,0.9524,0.9493,0.9459,0.9424,0.9387,0.9349,0.9307,0.9265,0.9219,0.9171,0.9119,0.9066,0.901,0.8953,0.8892,0.883,0.8765,0.8697,0.8625,0.8551,0.8474,0.8395,0.8313,0.8229,0.8144,0.8056,0.7965,0.787,0.7773,0.7674,0.7571,0.7468,0.7366,0.7261,0.7155,0.7046,0.6936,0.6825,0.6712,0.6599,0.6489,0.6379,0.627,0.6159,0.6047,0.5937,0.5828,0.572,0.5617,0.5517,0.542,0.5323,0.5229,0.5138,0.5051,0.4966,0.4888,0.4814,0.4746,0.4681,0.4621,0.4566,0.4516,0.4471,0.4432,0.44,0.4374,0.4353,0.4339,0.4331,0.4329,0.4334,0.4345,0.4362,0.4385,0.4415,0.4452,0.4496,0.4545,0.4601,0.4661,0.4726,0.4796,0.487,0.4951,0.5038,0.513,0.5226,0.5326,0.5426,0.5529,0.5634,0.5743,0.5856,0.5971,0.6087,0.6206,0.6321,0.6436,0.6551,0.6668,0.6786,0.6904,0.7021,0.7138,0.725,0.7359,0.7466,0.7573,0.7679,0.7784,0.7885,0.7984,0.8079,0.8169,0.8257,0.8344,0.8429,0.8511,0.859,0.8666,0.8739,0.8806,0.8873,0.8937,0.9,0.906,0.9117,0.9169,0.922,0.9268,0.9314,0.9359,0.9404,0.9445,0.9483,0.9517,0.9549,0.9579,0.9608,0.9637,0.9666,0.9692,0.9716,0.9737,0.9757,0.9775,0.9794,0.9812,0.9829,0.9845,0.9859,0.9871,0.9881,0.9892,0.9902,0.9912,0.9922,0.9931,0.9938,0.9943,0.9949,0.9954,0.9959,0.9964,0.997,0.9974,0.9977,0.998,0.9982,0.9984,0.9987,0.999,0.9992,0.9994,0.9994,0.9995,0.9995,0.9997,0.9998,0.9999,1.0,1.0,0.9999,0.9999,0.9998,0.9999,0.9999,0.9998,0.9998,0.9998,0.9997,0.9996,0.9995,0.9996,0.9996,0.9995,0.9996,0.9995,0.9995,0.9994,0.9995,0.9996,0.9997,0.9997,0.9996,0.9996,0.9995,0.9994,0.9995,0.9996,0.9998,0.9998,0.9998,0.9997,0.9996,0.9996,0.9996,0.9997
111.38909335931837,7.053840450800981,-64.08778581173434,-56.65368215807284,104.58666245780984,56.42077263415079,r.HARPN.2018-10-26T09-04-58.854_S1D_A.fits,S1D_spectra/sun_harpsN/2018-10-26/r.HARPN.2018-10-26T09-04-58.854_S1D_A.fits,Sun,2018-10-26T09:04:58.854,58417.378449074,0.809496532146591,31.9999999973782,211524,0.9949,0.995,0.9952,0.9953,0.9953,0.9952,0.9951,0.995,0.995,0.9951,0.9953,0.9954,0.9954,0.9953,0.9953,0.9951,0.995,0.995,0.9951,0.9952,0.9953,0.9954,0.9954,0.9954,0.9953,0.9953,0.9954,0.9954,0.9955,0.9956,0.9956,0.9956,0.9954,0.9953,0.9953,0.9952,0.9953,0.9953,0.9953,0.9952,0.9951,0.995,0.9949,0.9948,0.9947,0.9945,0.9944,0.9942,0.9939,0.9936,0.9933,0.993,0.9927,0.9923,0.992,0.9916,0.9911,0.9907,0.9901,0.9895,0.9889,0.9882,0.9875,0.9868,0.9859,0.9849,0.9838,0.9826,0.9813,0.98,0.9787,0.9773,0.9758,0.9742,0.9724,0.9705,0.9684,0.9662,0.9638,0.9613,0.9587,0.9559,0.9529,0.9497,0.9463,0.9428,0.939,0.9352,0.931,0.9268,0.9222,0.9174,0.9122,0.9068,0.9011,0.8954,0.8892,0.883,0.8765,0.8698,0.8626,0.8552,0.8476,0.8397,0.8314,0.8231,0.8145,0.8057,0.7966,0.7871,0.7774,0.7675,0.7572,0.7468,0.7366,0.7261,0.7155,0.7046,0.6935,0.6824,0.6712,0.6599,0.649,0.638,0.6271,0.6161,0.605,0.594,0.5832,0.5723,0.5621,0.552,0.5423,0.5326,0.5232,0.5141,0.5054,0.4969,0.4891,0.4817,0.4749,0.4684,0.4624,0.4568,0.4518,0.4472,0.4433,0.4401,0.4375,0.4355,0.4342,0.4334,0.4333,0.4338,0.4349,0.4367,0.439,0.442,0.4456,0.45,0.4549,0.4604,0.4665,0.4729,0.4799,0.4873,0.4955,0.5042,0.5133,0.5228,0.5328,0.5427,0.553,0.5634,0.5744,0.5857,0.5972,0.6088,0.6207,0.6322,0.6437,0.6552,0.6669,0.6787,0.6905,0.7021,0.7138,0.725,0.7359,0.7466,0.7574,0.768,0.7784,0.7886,0.7986,0.8081,0.8171,0.826,0.8347,0.8432,0.8515,0.8593,0.8668,0.874,0.8807,0.8873,0.8938,0.9001,0.906,0.9117,0.917,0.9221,0.9268,0.9314,0.9359,0.9403,0.9444,0.9482,0.9517,0.9549,0.9579,0.9608,0.9637,0.9666,0.9692,0.9715,0.9736,0.9756,0.9775,0.9793,0.9811,0.9829,0.9845,0.9859,0.9871,0.9882,0.9892,0.9902,0.9912,0.9923,0.9932,0.9939,0.9946,0.9951,0.9957,0.9962,0.9967,0.9972,0.9976,0.9979,0.9981,0.9983,0.9985,0.9987,0.9989,0.9991,0.9992,0.9993,0.9993,0.9993,0.9994,0.9995,0.9996,0.9997,0.9997,0.9997,0.9997,0.9997,0.9998,0.9999,1.0,1.0,1.0,1.0,0.9999,0.9999,0.9999,1.0,0.9999,0.9999,0.9998,0.9998,0.9997,0.9997,0.9998,0.9998,0.9998,0.9998,0.9997,0.9996,0.9996,0.9996,0.9997,0.9998,0.9998,0.9997,0.9996,0.9996,0.9995,0.9996,0.9997
111.21752478713553,7.038148637411344,-63.36750654434563,-55.99245213955824,66.12198561504664,56.648772831794545,r.HARPN.2018-10-28T13-10-45.144_S1D_A.fits,S1D_spectra/sun_harpsN/2018-10-28/r.HARPN.2018-10-28T13-10-45.144_S1D_A.fits,Sun,2018-10-28T13:10:45.144,58419.5491319443,0.433520716868313,31.9999999999908,211524,0.9947,0.9948,0.995,0.995,0.995,0.9949,0.9948,0.9947,0.9946,0.9947,0.9949,0.9951,0.9951,0.9951,0.9951,0.9949,0.9949,0.9949,0.995,0.9951,0.9952,0.9952,0.9953,0.9952,0.9952,0.9951,0.9952,0.9952,0.9953,0.9953,0.9954,0.9954,0.9953,0.9952,0.9952,0.9952,0.9952,0.9952,0.9952,0.9952,0.995,0.9949,0.9948,0.9947,0.9947,0.9946,0.9945,0.9944,0.9942,0.9939,0.9936,0.9934,0.9931,0.9927,0.9924,0.9921,0.9916,0.9911,0.9906,0.99,0.9894,0.9887,0.988,0.9873,0.9864,0.9855,0.9844,0.9833,0.9821,0.9809,0.9796,0.9781,0.9766,0.975,0.9732,0.9713,0.9692,0.967,0.9647,0.9623,0.9596,0.9569,0.9539,0.9507,0.9473,0.9438,0.94,0.9361,0.9319,0.9276,0.923,0.9181,0.913,0.9076,0.902,0.8962,0.8899,0.8837,0.8771,0.8703,0.8631,0.8556,0.8479,0.8399,0.8315,0.8231,0.8145,0.8057,0.7964,0.7869,0.7771,0.7672,0.7568,0.7465,0.7362,0.7257,0.7151,0.7042,0.6931,0.6819,0.6706,0.6592,0.6482,0.6371,0.6261,0.615,0.6038,0.5927,0.5818,0.571,0.5607,0.5505,0.5408,0.5311,0.5216,0.5124,0.5036,0.4951,0.4873,0.4799,0.4731,0.4666,0.4606,0.455,0.45,0.4455,0.4416,0.4385,0.4359,0.4338,0.4325,0.4317,0.4315,0.4319,0.433,0.4348,0.4371,0.4401,0.4438,0.4481,0.4531,0.4587,0.4647,0.4712,0.4782,0.4857,0.4938,0.5025,0.5117,0.5213,0.5313,0.5413,0.5516,0.5621,0.5731,0.5845,0.5961,0.6078,0.6198,0.6314,0.643,0.6546,0.6663,0.6782,0.69,0.7017,0.7135,0.7247,0.7356,0.7464,0.7572,0.7678,0.7783,0.7885,0.7986,0.8082,0.8172,0.8262,0.8348,0.8434,0.8517,0.8596,0.8672,0.8745,0.8813,0.888,0.8944,0.9008,0.9068,0.9125,0.9178,0.9229,0.9276,0.9323,0.9367,0.9411,0.9452,0.949,0.9525,0.9558,0.9588,0.9618,0.9647,0.9675,0.9702,0.9726,0.9747,0.9767,0.9786,0.9804,0.9822,0.9839,0.9855,0.9868,0.988,0.989,0.99,0.991,0.9921,0.9931,0.994,0.9946,0.9953,0.9958,0.9963,0.9968,0.9973,0.9977,0.9981,0.9983,0.9984,0.9986,0.9988,0.9991,0.9994,0.9996,0.9998,0.9998,0.9998,0.9998,0.9999,0.9999,0.9999,1.0,1.0,1.0,0.9999,0.9999,1.0,1.0,1.0,1.0,0.9999,0.9998,0.9997,0.9997,0.9998,0.9998,0.9998,0.9999,0.9998,0.9997,0.9996,0.9996,0.9997,0.9997,0.9996,0.9995,0.9995,0.9994,0.9994,0.9994,0.9995,0.9996,0.9996,0.9994,0.9993,0.9991,0.9991,0.9991,0.9992
111.72275166970677,7.04022157078507,-63.67403161250743,-56.22850599978887,73.9938536619541,56.627286302718126,r.HARPN.2018-10-29T11-35-53.893_S1D_A.fits,S1D_spectra/sun_harpsN/2018-10-29/r.HARPN.2018-10-29T11-35-53.893_S1D_A.fits,Sun,2018-10-29T11:35:53.893,58420.4832523149,0.590180408169287,31.999999999471,211525,0.9946,0.9948,0.9949,0.995,0.995,0.9949,0.9947,0.9946,0.9945,0.9946,0.9947,0.9948,0.9948,0.9948,0.9948,0.9948,0.9947,0.9948,0.9949,0.995,0.9951,0.9951,0.9951,0.9951,0.995,0.995,0.9951,0.9952,0.9952,0.9953,0.9953,0.9953,0.9952,0.9951,0.9951,0.9951,0.9951,0.9951,0.9951,0.9951,0.995,0.9949,0.9948,0.9947,0.9946,0.9945,0.9944,0.9943,0.994,0.9938,0.9935,0.9932,0.9929,0.9926,0.9923,0.9919,0.9915,0.991,0.9905,0.9899,0.9893,0.9887,0.988,0.9873,0.9864,0.9855,0.9844,0.9833,0.9821,0.9808,0.9794,0.9779,0.9763,0.9746,0.9728,0.9708,0.9687,0.9665,0.9642,0.9618,0.9591,0.9564,0.9534,0.9502,0.9468,0.9433,0.9395,0.9356,0.9313,0.9271,0.9224,0.9177,0.9126,0.9072,0.9017,0.8959,0.8898,0.8836,0.8771,0.8703,0.8631,0.8556,0.8479,0.84,0.8316,0.8231,0.8145,0.8056,0.7964,0.7869,0.7772,0.7672,0.7569,0.7466,0.7363,0.7258,0.7151,0.7042,0.693,0.6818,0.6704,0.6591,0.6481,0.637,0.6261,0.615,0.6039,0.5928,0.5819,0.571,0.5607,0.5506,0.5409,0.5312,0.5218,0.5127,0.5039,0.4954,0.4875,0.4801,0.4732,0.4667,0.4607,0.4551,0.4501,0.4455,0.4416,0.4385,0.4359,0.4339,0.4325,0.4318,0.4316,0.4321,0.4332,0.4349,0.4372,0.4401,0.4438,0.4481,0.453,0.4586,0.4647,0.4712,0.4782,0.4856,0.4938,0.5025,0.5117,0.5213,0.5314,0.5414,0.5517,0.5622,0.5732,0.5845,0.5961,0.6078,0.6197,0.6312,0.6428,0.6543,0.666,0.6779,0.6898,0.7015,0.7133,0.7246,0.7356,0.7464,0.7571,0.7677,0.7781,0.7883,0.7983,0.8079,0.8169,0.8258,0.8345,0.8431,0.8515,0.8594,0.8671,0.8744,0.8812,0.8879,0.8943,0.9007,0.9067,0.9124,0.9177,0.9228,0.9275,0.9321,0.9366,0.9409,0.945,0.9488,0.9522,0.9554,0.9585,0.9614,0.9644,0.9672,0.9699,0.9723,0.9744,0.9764,0.9783,0.9801,0.9819,0.9837,0.9852,0.9865,0.9876,0.9887,0.9896,0.9906,0.9915,0.9925,0.9933,0.994,0.9946,0.9952,0.9957,0.9963,0.9969,0.9974,0.9978,0.9981,0.9984,0.9986,0.9988,0.9991,0.9993,0.9995,0.9997,0.9997,0.9997,0.9997,0.9998,0.9998,0.9999,1.0,1.0,0.9999,0.9999,0.9999,0.9999,0.9999,0.9999,0.9999,0.9999,0.9998,0.9997,0.9996,0.9997,0.9998,0.9997,0.9997,0.9997,0.9996,0.9995,0.9995,0.9996,0.9996,0.9995,0.9995,0.9993,0.9992,0.9992,0.9992,0.9992,0.9993,0.9993,0.9992,0.9991,0.9991,0.999,0.9991,0.9991
108.9428745674273,7.041030610720364,-65.17836182890909,-56.739794516550894,78.4055259521265,56.60345070912803,r.HARPN.2018-10-30T10-36-40.913_S1D_A.fits,S1D_spectra/sun_harpsN/2018-10-30/r.HARPN.2018-10-30T10-36-40.913_S1D_A.fits,Sun,2018-10-30T10:36:40.913,58421.4421296292,0.676606242699175,31.9999999982293,211524,0.9947,0.9949,0.995,0.9951,0.9951,0.995,0.9948,0.9947,0.9947,0.9948,0.9949,0.995,0.995,0.995,0.9949,0.9948,0.9947,0.9947,0.9948,0.9949,0.9949,0.995,0.995,0.9949,0.9948,0.9948,0.9949,0.9949,0.995,0.995,0.995,0.995,0.995,0.995,0.995,0.9951,0.9952,0.9952,0.9953,0.9953,0.9952,0.9951,0.995,0.9949,0.9948,0.9947,0.9945,0.9944,0.9941,0.9938,0.9935,0.9933,0.993,0.9927,0.9924,0.9921,0.9916,0.9912,0.9906,0.99,0.9894,0.9887,0.988,0.9872,0.9863,0.9854,0.9843,0.9832,0.982,0.9807,0.9793,0.9778,0.9762,0.9745,0.9727,0.9707,0.9686,0.9665,0.9642,0.9617,0.9591,0.9563,0.9533,0.9502,0.9468,0.9432,0.9395,0.9356,0.9313,0.9271,0.9224,0.9176,0.9124,0.907,0.9014,0.8956,0.8895,0.8832,0.8767,0.8699,0.8627,0.8552,0.8475,0.8395,0.8312,0.8227,0.8141,0.8053,0.7961,0.7866,0.7768,0.7669,0.7566,0.7463,0.736,0.7255,0.7149,0.704,0.6929,0.6818,0.6705,0.6591,0.6481,0.637,0.6261,0.6149,0.6038,0.5927,0.5818,0.571,0.5607,0.5506,0.5409,0.5312,0.5218,0.5126,0.5038,0.4953,0.4874,0.4801,0.4732,0.4667,0.4607,0.4552,0.4502,0.4456,0.4418,0.4386,0.436,0.434,0.4326,0.4319,0.4317,0.4322,0.4333,0.435,0.4374,0.4404,0.4441,0.4485,0.4535,0.4591,0.4652,0.4717,0.4787,0.4861,0.4943,0.503,0.5121,0.5217,0.5317,0.5417,0.552,0.5625,0.5735,0.5848,0.5964,0.6081,0.62,0.6316,0.6432,0.6547,0.6665,0.6784,0.6903,0.702,0.7139,0.7252,0.7361,0.7469,0.7577,0.7683,0.7787,0.7889,0.7989,0.8084,0.8174,0.8263,0.835,0.8435,0.8518,0.8597,0.8673,0.8745,0.8813,0.8879,0.8943,0.9007,0.9067,0.9124,0.9177,0.9228,0.9275,0.9321,0.9365,0.9409,0.945,0.9487,0.9521,0.9554,0.9585,0.9615,0.9644,0.9673,0.9699,0.9723,0.9745,0.9764,0.9782,0.98,0.9817,0.9834,0.985,0.9863,0.9875,0.9885,0.9895,0.9905,0.9915,0.9925,0.9934,0.9941,0.9947,0.9952,0.9957,0.9963,0.9968,0.9974,0.9978,0.9981,0.9984,0.9986,0.9988,0.999,0.9993,0.9994,0.9996,0.9996,0.9996,0.9996,0.9997,0.9998,0.9999,1.0,1.0,0.9999,0.9999,0.9998,0.9999,0.9999,0.9999,0.9999,0.9999,0.9998,0.9997,0.9997,0.9998,0.9999,0.9998,0.9997,0.9996,0.9995,0.9994,0.9993,0.9994,0.9995,0.9993,0.9993,0.9992,0.9991,0.999,0.9991,0.9992,0.9994,0.9994,0.9994,0.9993,0.9992,0.9992,0.9991,0.9992
108.90895537371381,7.052497855326594,-64.91466171792207,-57.22567205763765,102.4969728531034,56.45419857172579,r.HARPN.2018-10-31T09-18-09.206_S1D_A.fits,S1D_spectra/sun_harpsN/2018-10-31/r.HARPN.2018-10-31T09-18-09.206_S1D_A.fits,Sun,2018-10-31T09:18:09.206,58422.3876041668,0.769451897351595,31.9999999956544,211524,0.9948,0.9949,0.995,0.995,0.995,0.995,0.9949,0.9948,0.9948,0.9949,0.995,0.9952,0.9952,0.9952,0.9952,0.9951,0.995,0.995,0.9952,0.9952,0.9953,0.9953,0.9953,0.9952,0.9951,0.995,0.9951,0.9952,0.9953,0.9953,0.9954,0.9954,0.9953,0.9952,0.9952,0.9952,0.9953,0.9953,0.9953,0.9952,0.9951,0.9949,0.9948,0.9947,0.9945,0.9944,0.9942,0.994,0.9937,0.9934,0.9931,0.9927,0.9924,0.992,0.9917,0.9914,0.9909,0.9905,0.99,0.9894,0.9887,0.9881,0.9873,0.9866,0.9856,0.9847,0.9836,0.9824,0.9812,0.9799,0.9785,0.9771,0.9755,0.9739,0.9721,0.9701,0.968,0.9659,0.9635,0.9611,0.9584,0.9556,0.9526,0.9494,0.946,0.9425,0.9388,0.9349,0.9307,0.9264,0.9218,0.917,0.9118,0.9065,0.9009,0.8952,0.889,0.8828,0.8763,0.8695,0.8624,0.8549,0.8472,0.8393,0.831,0.8226,0.814,0.8052,0.7961,0.7866,0.7769,0.7671,0.7568,0.7465,0.7363,0.7258,0.7152,0.7043,0.6932,0.6821,0.6708,0.6595,0.6486,0.6375,0.6266,0.6155,0.6045,0.5935,0.5826,0.5718,0.5615,0.5514,0.5417,0.5321,0.5227,0.5136,0.5049,0.4964,0.4886,0.4812,0.4744,0.468,0.462,0.4564,0.4514,0.4469,0.443,0.4398,0.4372,0.4352,0.4338,0.4331,0.4329,0.4334,0.4345,0.4362,0.4386,0.4416,0.4453,0.4496,0.4546,0.4602,0.4662,0.4727,0.4797,0.4872,0.4953,0.504,0.5131,0.5227,0.5326,0.5426,0.5529,0.5634,0.5744,0.5857,0.5972,0.6089,0.6208,0.6323,0.6438,0.6553,0.667,0.6789,0.6907,0.7023,0.7139,0.7251,0.7359,0.7466,0.7573,0.768,0.7784,0.7886,0.7986,0.8081,0.8172,0.8261,0.8347,0.8432,0.8514,0.8593,0.8668,0.8741,0.8808,0.8875,0.8939,0.9003,0.9063,0.912,0.9172,0.9223,0.927,0.9316,0.936,0.9404,0.9445,0.9482,0.9516,0.9549,0.9579,0.9609,0.9638,0.9667,0.9694,0.9718,0.974,0.976,0.9779,0.9797,0.9815,0.9832,0.9848,0.9861,0.9873,0.9884,0.9894,0.9904,0.9914,0.9924,0.9933,0.994,0.9946,0.9951,0.9956,0.9961,0.9967,0.9972,0.9976,0.9979,0.9981,0.9982,0.9984,0.9986,0.9988,0.9991,0.9992,0.9993,0.9994,0.9994,0.9995,0.9996,0.9997,0.9998,0.9998,0.9998,0.9998,0.9998,0.9999,0.9999,1.0,1.0,1.0,0.9999,0.9997,0.9997,0.9998,0.9998,0.9997,0.9997,0.9995,0.9994,0.9993,0.9994,0.9995,0.9996,0.9995,0.9995,0.9995,0.9994,0.9994,0.9994,0.9995,0.9996,0.9996,0.9995,0.9994,0.9993,0.9993,0.9993,0.9993
107.61294720797953,7.046958388682294,-63.96410983891547,-56.751769045381984,87.95638587485632,56.52481069787553,r.HARPN.2018-11-01T09-53-54.327_S1D_A.fits,S1D_spectra/sun_harpsN/2018-11-01/r.HARPN.2018-11-01T09-53-54.327_S1D_A.fits,Sun,2018-11-01T09:53:54.327,58423.4124305556,0.724914642796298,31.9999999962939,211524,0.9947,0.9948,0.995,0.9951,0.9951,0.995,0.9949,0.9948,0.9947,0.9947,0.9948,0.9949,0.9949,0.9949,0.9949,0.9948,0.9947,0.9948,0.995,0.9951,0.9952,0.9952,0.9953,0.9952,0.9951,0.9951,0.9952,0.9952,0.9953,0.9953,0.9953,0.9952,0.9951,0.995,0.995,0.995,0.995,0.995,0.9951,0.9951,0.995,0.9949,0.9947,0.9946,0.9945,0.9944,0.9943,0.9942,0.994,0.9937,0.9935,0.9932,0.993,0.9927,0.9924,0.9921,0.9916,0.9911,0.9905,0.9899,0.9892,0.9885,0.9878,0.987,0.9861,0.9851,0.9841,0.983,0.9817,0.9805,0.9791,0.9777,0.9761,0.9745,0.9727,0.9707,0.9686,0.9664,0.9641,0.9616,0.9589,0.9562,0.9532,0.95,0.9466,0.943,0.9393,0.9354,0.9311,0.9268,0.9222,0.9174,0.9122,0.9068,0.9011,0.8953,0.8891,0.8828,0.8763,0.8695,0.8624,0.8549,0.8473,0.8394,0.8311,0.8227,0.8141,0.8053,0.7961,0.7866,0.7769,0.767,0.7567,0.7464,0.7361,0.7256,0.7149,0.704,0.6929,0.6817,0.6704,0.6591,0.6481,0.6371,0.6262,0.6151,0.604,0.593,0.5821,0.5713,0.561,0.5509,0.5412,0.5316,0.5222,0.5131,0.5043,0.4958,0.488,0.4806,0.4737,0.4673,0.4612,0.4557,0.4507,0.4462,0.4423,0.4392,0.4366,0.4346,0.4333,0.4325,0.4324,0.4329,0.434,0.4358,0.4382,0.4412,0.4449,0.4493,0.4542,0.4598,0.4659,0.4724,0.4795,0.4869,0.4951,0.5037,0.5129,0.5225,0.5324,0.5423,0.5526,0.5631,0.5741,0.5854,0.597,0.6087,0.6206,0.6322,0.6438,0.6553,0.667,0.6789,0.6907,0.7024,0.7142,0.7254,0.7363,0.747,0.7577,0.7684,0.7788,0.7889,0.7989,0.8084,0.8174,0.8263,0.8349,0.8434,0.8516,0.8595,0.8671,0.8744,0.8811,0.8878,0.8943,0.9006,0.9066,0.9123,0.9175,0.9226,0.9273,0.9319,0.9363,0.9407,0.9448,0.9485,0.952,0.9553,0.9583,0.9612,0.9641,0.9669,0.9695,0.9718,0.974,0.976,0.9779,0.9797,0.9815,0.9833,0.9849,0.9862,0.9874,0.9885,0.9896,0.9906,0.9917,0.9928,0.9937,0.9943,0.9949,0.9954,0.9959,0.9963,0.9968,0.9973,0.9977,0.998,0.9983,0.9986,0.9988,0.9991,0.9994,0.9996,0.9997,0.9997,0.9997,0.9997,0.9998,0.9998,0.9999,1.0,1.0,0.9999,0.9999,0.9998,0.9999,0.9998,0.9998,0.9998,0.9998,0.9998,0.9997,0.9998,0.9999,1.0,1.0,1.0,0.9999,0.9998,0.9996,0.9996,0.9996,0.9997,0.9996,0.9995,0.9994,0.9993,0.9991,0.9991,0.9992,0.9993,0.9993,0.9993,0.9992,0.9992,0.9992,0.9993,0.9994
108.11306685860653,7.0502212153424,-64.82718956884871,-57.06389513206907,94.75632033293115,56.497182162172344,r.HARPN.2018-11-02T09-39-06.962_S1D_A.fits,S1D_spectra/sun_harpsN/2018-11-02/r.HARPN.2018-11-02T09-39-06.962_S1D_A.fits,Sun,2018-11-02T09:39:06.962,58424.4021527776,0.738723141746631,31.9999999953359,211524,0.9945,0.9947,0.9948,0.9949,0.9949,0.9948,0.9947,0.9946,0.9945,0.9946,0.9947,0.9948,0.9949,0.9949,0.9948,0.9948,0.9947,0.9948,0.9949,0.995,0.9951,0.9951,0.9952,0.9952,0.9952,0.9951,0.9952,0.9953,0.9954,0.9954,0.9955,0.9955,0.9954,0.9953,0.9953,0.9954,0.9954,0.9954,0.9954,0.9953,0.9952,0.995,0.9948,0.9947,0.9946,0.9944,0.9942,0.9941,0.9938,0.9935,0.9932,0.9929,0.9926,0.9923,0.992,0.9917,0.9912,0.9908,0.9902,0.9896,0.9889,0.9882,0.9874,0.9866,0.9857,0.9848,0.9837,0.9826,0.9813,0.9801,0.9787,0.9772,0.9756,0.9739,0.972,0.9701,0.9679,0.9657,0.9634,0.9609,0.9583,0.9555,0.9525,0.9493,0.9459,0.9424,0.9387,0.9348,0.9306,0.9264,0.9218,0.917,0.9119,0.9066,0.9011,0.8953,0.8892,0.883,0.8764,0.8696,0.8624,0.8549,0.8472,0.8392,0.8308,0.8224,0.8139,0.8051,0.7959,0.7864,0.7767,0.7669,0.7566,0.7463,0.7361,0.7257,0.715,0.7041,0.6931,0.6819,0.6706,0.6592,0.6482,0.6372,0.6263,0.6152,0.6041,0.5931,0.5822,0.5714,0.5611,0.5511,0.5413,0.5317,0.5223,0.5132,0.5045,0.496,0.4881,0.4808,0.474,0.4675,0.4615,0.4559,0.4509,0.4464,0.4426,0.4394,0.4368,0.4348,0.4335,0.4327,0.4326,0.4331,0.4342,0.4359,0.4383,0.4413,0.445,0.4494,0.4543,0.4599,0.466,0.4724,0.4794,0.4869,0.495,0.5037,0.5129,0.5225,0.5324,0.5424,0.5527,0.5631,0.5741,0.5854,0.597,0.6087,0.6206,0.6321,0.6437,0.6552,0.6669,0.6787,0.6905,0.7022,0.7139,0.7251,0.736,0.7468,0.7575,0.7681,0.7785,0.7886,0.7986,0.8081,0.8171,0.826,0.8347,0.8432,0.8515,0.8593,0.8668,0.8741,0.8808,0.8875,0.8939,0.9003,0.9063,0.912,0.9174,0.9225,0.9272,0.9318,0.9363,0.9406,0.9447,0.9485,0.952,0.9553,0.9583,0.9612,0.9641,0.967,0.9696,0.9719,0.974,0.9759,0.9778,0.9796,0.9814,0.9831,0.9847,0.9861,0.9873,0.9884,0.9894,0.9904,0.9915,0.9925,0.9933,0.994,0.9946,0.9952,0.9957,0.9962,0.9967,0.9972,0.9976,0.9979,0.9981,0.9983,0.9986,0.9988,0.999,0.9993,0.9994,0.9994,0.9994,0.9994,0.9995,0.9995,0.9997,0.9998,0.9999,0.9999,0.9999,0.9999,1.0,1.0,1.0,1.0,1.0,0.9999,0.9997,0.9997,0.9997,0.9997,0.9996,0.9995,0.9994,0.9994,0.9993,0.9993,0.9994,0.9995,0.9995,0.9995,0.9994,0.9994,0.9993,0.9993,0.9993,0.9994,0.9994,0.9993,0.9992,0.9991,0.9991,0.9992,0.9993
107.95305224166363,7.048413887306323,-64.85632353014876,-57.08083556816525,98.89124036128318,56.499047461526665,r.HARPN.2018-11-03T09-41-35.497_S1D_A.fits,S1D_spectra/sun_harpsN/2018-11-03/r.HARPN.2018-11-03T09-41-35.497_S1D_A.fits,Sun,2018-11-03T09:41:35.497,58425.4038773151,0.732546992238033,31.9999999949653,211524,0.9948,0.995,0.9951,0.9952,0.9951,0.995,0.9949,0.9948,0.9948,0.9949,0.995,0.9952,0.9952,0.9952,0.9951,0.995,0.9949,0.995,0.9951,0.9952,0.9953,0.9953,0.9953,0.9953,0.9952,0.9952,0.9953,0.9953,0.9954,0.9955,0.9955,0.9955,0.9954,0.9953,0.9953,0.9952,0.9952,0.9952,0.9951,0.9951,0.9949,0.9947,0.9946,0.9945,0.9944,0.9943,0.9942,0.9941,0.9939,0.9936,0.9933,0.993,0.9927,0.9924,0.9921,0.9917,0.9913,0.9908,0.9902,0.9896,0.9889,0.9882,0.9874,0.9867,0.9858,0.9848,0.9838,0.9827,0.9815,0.9803,0.979,0.9776,0.976,0.9743,0.9725,0.9705,0.9684,0.9662,0.9638,0.9613,0.9586,0.9559,0.9528,0.9496,0.9462,0.9426,0.9389,0.935,0.9308,0.9265,0.9218,0.917,0.9119,0.9065,0.9009,0.8952,0.8891,0.8829,0.8764,0.8697,0.8625,0.855,0.8473,0.8394,0.8311,0.8227,0.8141,0.8052,0.796,0.7866,0.7769,0.767,0.7568,0.7465,0.7362,0.7258,0.7152,0.7043,0.6932,0.6821,0.6707,0.6594,0.6484,0.6373,0.6264,0.6153,0.6042,0.5932,0.5823,0.5715,0.5613,0.5512,0.5415,0.5318,0.5224,0.5133,0.5046,0.4961,0.4882,0.4808,0.474,0.4675,0.4614,0.4559,0.4509,0.4464,0.4425,0.4394,0.4368,0.4348,0.4335,0.4327,0.4326,0.4331,0.4342,0.4359,0.4383,0.4413,0.445,0.4494,0.4543,0.4599,0.466,0.4724,0.4794,0.4869,0.4951,0.5038,0.513,0.5226,0.5325,0.5425,0.5528,0.5633,0.5743,0.5856,0.5972,0.6089,0.6208,0.6324,0.6439,0.6554,0.6671,0.6789,0.6907,0.7024,0.7141,0.7253,0.7362,0.7469,0.7576,0.7682,0.7786,0.7888,0.7988,0.8083,0.8174,0.8263,0.835,0.8436,0.8518,0.8597,0.8672,0.8744,0.8811,0.8878,0.8942,0.9005,0.9065,0.9122,0.9175,0.9225,0.9272,0.9317,0.9362,0.9405,0.9446,0.9484,0.9518,0.9551,0.9582,0.9612,0.9641,0.967,0.9696,0.972,0.9741,0.976,0.9779,0.9797,0.9815,0.9833,0.9849,0.9862,0.9874,0.9885,0.9895,0.9905,0.9915,0.9924,0.9933,0.994,0.9946,0.9951,0.9956,0.9962,0.9968,0.9973,0.9978,0.998,0.9983,0.9985,0.9987,0.9989,0.9992,0.9994,0.9995,0.9995,0.9995,0.9996,0.9996,0.9997,0.9998,0.9999,1.0,1.0,0.9999,0.9999,0.9999,0.9999,0.9999,0.9999,0.9998,0.9997,0.9996,0.9996,0.9997,0.9997,0.9997,0.9998,0.9997,0.9997,0.9996,0.9997,0.9997,0.9998,0.9997,0.9996,0.9995,0.9994,0.9994,0.9994,0.9995,0.9997,0.9997,0.9996,0.9995,0.9994,0.9993,0.9993,0.9994
107.15906153126248,7.05044227723204,-65.14070496997813,-57.28426572336896,98.12671813760515,56.495984930741564,r.HARPN.2018-11-04T09-40-26.021_S1D_A.fits,S1D_spectra/sun_harpsN/2018-11-04/r.HARPN.2018-11-04T09-40-26.021_S1D_A.fits,Sun,2018-11-04T09:40:26.021,58426.4030787041,0.730901325808066,31.9999999945159,211524,0.9947,0.9948,0.9949,0.995,0.9949,0.9948,0.9947,0.9946,0.9945,0.9947,0.9948,0.9949,0.995,0.995,0.995,0.9949,0.9948,0.9948,0.9949,0.995,0.995,0.9951,0.9951,0.995,0.995,0.9949,0.995,0.9951,0.9951,0.9952,0.9952,0.9952,0.9951,0.9951,0.9951,0.9951,0.9951,0.9951,0.9951,0.995,0.9948,0.9946,0.9945,0.9943,0.9943,0.9942,0.9941,0.994,0.9938,0.9935,0.9932,0.9929,0.9925,0.9921,0.9918,0.9914,0.9909,0.9904,0.9899,0.9893,0.9886,0.988,0.9873,0.9865,0.9856,0.9847,0.9836,0.9824,0.9812,0.9799,0.9785,0.977,0.9754,0.9737,0.9719,0.9699,0.9678,0.9656,0.9633,0.9609,0.9582,0.9555,0.9525,0.9494,0.946,0.9425,0.9388,0.9349,0.9307,0.9265,0.9218,0.917,0.9119,0.9065,0.9009,0.8952,0.889,0.8828,0.8763,0.8695,0.8623,0.8547,0.847,0.839,0.8306,0.8222,0.8136,0.8048,0.7957,0.7863,0.7766,0.7667,0.7565,0.7462,0.7359,0.7254,0.7148,0.7039,0.6928,0.6817,0.6704,0.6591,0.6482,0.6371,0.6262,0.6151,0.604,0.593,0.5821,0.5713,0.561,0.5509,0.5412,0.5316,0.5223,0.5131,0.5044,0.496,0.4881,0.4808,0.474,0.4675,0.4615,0.456,0.4509,0.4464,0.4425,0.4393,0.4367,0.4347,0.4333,0.4326,0.4324,0.433,0.4341,0.4359,0.4383,0.4413,0.445,0.4494,0.4543,0.4599,0.466,0.4725,0.4795,0.487,0.4951,0.5038,0.513,0.5226,0.5325,0.5425,0.5528,0.5633,0.5743,0.5856,0.5971,0.6088,0.6207,0.6323,0.6438,0.6553,0.667,0.6788,0.6905,0.7021,0.7138,0.725,0.7359,0.7467,0.7574,0.7681,0.7785,0.7887,0.7987,0.8082,0.8173,0.8262,0.8349,0.8434,0.8517,0.8595,0.867,0.8743,0.8809,0.8876,0.894,0.9003,0.9063,0.912,0.9173,0.9224,0.9271,0.9317,0.9361,0.9405,0.9446,0.9483,0.9518,0.9551,0.9581,0.9611,0.9641,0.967,0.9696,0.972,0.9741,0.976,0.9778,0.9796,0.9814,0.9831,0.9847,0.986,0.9872,0.9883,0.9894,0.9904,0.9915,0.9925,0.9934,0.9941,0.9947,0.9952,0.9957,0.9962,0.9967,0.9971,0.9976,0.9978,0.9981,0.9983,0.9986,0.9988,0.9991,0.9993,0.9995,0.9995,0.9995,0.9995,0.9997,0.9997,0.9999,0.9999,1.0,1.0,0.9999,0.9999,1.0,1.0,1.0,1.0,0.9999,0.9999,0.9998,0.9998,0.9998,0.9999,0.9998,0.9998,0.9997,0.9996,0.9994,0.9994,0.9995,0.9996,0.9995,0.9994,0.9993,0.9993,0.9992,0.9992,0.9993,0.9994,0.9993,0.9993,0.9992,0.9991,0.9991,0.9992,0.9993
107.39960190558415,7.052292896315983,-64.08341497984233,-56.28877706675614,102.16693669593221,56.46704162094266,r.HARPN.2018-11-05T09-25-17.377_S1D_A.fits,S1D_spectra/sun_harpsN/2018-11-05/r.HARPN.2018-11-05T09-25-17.377_S1D_A.fits,Sun,2018-11-05T09:25:17.377,58427.3925578701,0.744837856641904,31.9999999935763,211524,0.9948,0.9949,0.995,0.9951,0.995,0.9949,0.9948,0.9947,0.9946,0.9947,0.9949,0.9951,0.9951,0.9952,0.9952,0.9951,0.995,0.9951,0.9952,0.9953,0.9953,0.9953,0.9954,0.9953,0.9952,0.9952,0.9952,0.9953,0.9953,0.9954,0.9954,0.9954,0.9952,0.9951,0.9951,0.9951,0.9951,0.995,0.995,0.9949,0.9948,0.9946,0.9944,0.9943,0.9942,0.9941,0.9941,0.994,0.9938,0.9936,0.9933,0.993,0.9928,0.9924,0.9921,0.9917,0.9912,0.9907,0.9901,0.9894,0.9887,0.988,0.9872,0.9864,0.9855,0.9845,0.9835,0.9824,0.9811,0.9798,0.9785,0.9771,0.9755,0.9739,0.9721,0.9702,0.9681,0.9659,0.9637,0.9612,0.9585,0.9558,0.9527,0.9495,0.946,0.9424,0.9386,0.9347,0.9305,0.9263,0.9217,0.917,0.9118,0.9065,0.9008,0.8951,0.8889,0.8826,0.8761,0.8693,0.8621,0.8547,0.847,0.8391,0.8307,0.8223,0.8138,0.8049,0.7958,0.7864,0.7767,0.7668,0.7566,0.7463,0.7361,0.7257,0.715,0.7042,0.6931,0.682,0.6707,0.6594,0.6484,0.6374,0.6264,0.6153,0.6042,0.5931,0.5822,0.5714,0.5611,0.5511,0.5414,0.5318,0.5224,0.5132,0.5045,0.496,0.4882,0.4809,0.4741,0.4676,0.4616,0.456,0.4511,0.4465,0.4427,0.4396,0.437,0.435,0.4337,0.433,0.4328,0.4333,0.4345,0.4362,0.4386,0.4416,0.4453,0.4497,0.4546,0.4602,0.4663,0.4728,0.4797,0.4872,0.4953,0.504,0.5132,0.5227,0.5327,0.5427,0.553,0.5634,0.5744,0.5857,0.5973,0.609,0.6209,0.6324,0.644,0.6555,0.6672,0.679,0.6907,0.7023,0.714,0.7252,0.7361,0.7468,0.7575,0.7681,0.7785,0.7886,0.7986,0.8081,0.8171,0.826,0.8347,0.8433,0.8515,0.8594,0.867,0.8742,0.8809,0.8875,0.8938,0.9001,0.9061,0.9118,0.9171,0.9222,0.9269,0.9315,0.9361,0.9405,0.9446,0.9484,0.9519,0.9551,0.9582,0.9611,0.964,0.9668,0.9694,0.9717,0.9738,0.9757,0.9776,0.9794,0.9811,0.9829,0.9845,0.9858,0.987,0.9881,0.9891,0.9901,0.9912,0.9922,0.993,0.9937,0.9943,0.9949,0.9954,0.9959,0.9965,0.997,0.9975,0.9978,0.9981,0.9984,0.9987,0.9989,0.9992,0.9994,0.9995,0.9996,0.9996,0.9996,0.9996,0.9997,0.9998,0.9999,0.9999,0.9998,0.9998,0.9998,0.9999,0.9999,1.0,1.0,1.0,0.9999,0.9997,0.9997,0.9998,0.9998,0.9997,0.9997,0.9997,0.9996,0.9995,0.9995,0.9995,0.9996,0.9994,0.9994,0.9992,0.9991,0.999,0.999,0.9991,0.9992,0.9992,0.9992,0.9991,0.9991,0.999,0.9991,0.9992
107.27260552689452,7.053205000917592,-63.75085477427865,-56.48043657945168,99.70511132679772,56.42960439448349,r.HARPN.2018-11-06T09-23-02.936_S1D_A.fits,S1D_spectra/sun_harpsN/2018-11-06/r.HARPN.2018-11-06T09-23-02.936_S1D_A.fits,Sun,2018-11-06T09:23:02.936,58428.3909953702,0.744521124758196,31.999999993219,211524,0.995,0.9951,0.9953,0.9954,0.9954,0.9952,0.9951,0.9949,0.9948,0.9949,0.995,0.9951,0.9951,0.9951,0.9951,0.995,0.9949,0.995,0.9952,0.9953,0.9954,0.9954,0.9955,0.9955,0.9954,0.9953,0.9954,0.9955,0.9955,0.9956,0.9956,0.9956,0.9954,0.9953,0.9952,0.9952,0.9952,0.9951,0.9951,0.995,0.9949,0.9948,0.9947,0.9946,0.9945,0.9945,0.9944,0.9943,0.994,0.9938,0.9934,0.9931,0.9928,0.9924,0.992,0.9916,0.9911,0.9906,0.9901,0.9895,0.9889,0.9882,0.9875,0.9868,0.986,0.985,0.984,0.9829,0.9817,0.9804,0.979,0.9776,0.976,0.9743,0.9724,0.9704,0.9683,0.966,0.9637,0.9612,0.9585,0.9558,0.9527,0.9496,0.9462,0.9426,0.9388,0.9349,0.9307,0.9265,0.9219,0.9171,0.912,0.9067,0.9011,0.8954,0.8893,0.883,0.8765,0.8697,0.8625,0.855,0.8473,0.8394,0.831,0.8226,0.8141,0.8053,0.7961,0.7867,0.7769,0.7671,0.7568,0.7465,0.7362,0.7257,0.7151,0.7042,0.6931,0.682,0.6707,0.6594,0.6484,0.6374,0.6265,0.6154,0.6044,0.5934,0.5826,0.5718,0.5616,0.5516,0.5419,0.5323,0.5229,0.5138,0.505,0.4966,0.4887,0.4814,0.4746,0.4682,0.4622,0.4566,0.4516,0.4471,0.4433,0.4401,0.4375,0.4355,0.4341,0.4334,0.4332,0.4337,0.4348,0.4366,0.439,0.442,0.4457,0.45,0.455,0.4606,0.4667,0.4732,0.4802,0.4877,0.4958,0.5045,0.5136,0.5232,0.5331,0.5431,0.5534,0.5638,0.5748,0.5861,0.5977,0.6093,0.6212,0.6327,0.6442,0.6557,0.6674,0.6792,0.691,0.7027,0.7143,0.7255,0.7364,0.7471,0.7577,0.7684,0.7787,0.7888,0.7988,0.8083,0.8173,0.8263,0.8349,0.8435,0.8517,0.8596,0.8671,0.8743,0.8811,0.8877,0.8941,0.9004,0.9064,0.9121,0.9174,0.9225,0.9272,0.9318,0.9363,0.9407,0.9448,0.9485,0.9519,0.9552,0.9582,0.9611,0.964,0.9669,0.9695,0.9719,0.974,0.976,0.9779,0.9797,0.9815,0.9833,0.9848,0.9861,0.9873,0.9883,0.9893,0.9903,0.9914,0.9924,0.9932,0.9939,0.9945,0.995,0.9955,0.9961,0.9967,0.9973,0.9978,0.9981,0.9984,0.9986,0.9988,0.999,0.9992,0.9994,0.9996,0.9996,0.9996,0.9997,0.9998,0.9999,1.0,1.0,1.0,0.9999,0.9998,0.9998,0.9999,0.9999,0.9999,0.9999,0.9999,0.9998,0.9998,0.9997,0.9998,0.9999,0.9998,0.9998,0.9997,0.9997,0.9996,0.9996,0.9996,0.9997,0.9996,0.9996,0.9994,0.9994,0.9993,0.9993,0.9994,0.9996,0.9996,0.9997,0.9997,0.9996,0.9996,0.9997,0.9998
109.30329626542718,7.053267421803477,-64.56393283682468,-56.953478166498414,107.36547041885767,56.419753383785235,r.HARPN.2018-11-07T09-17-29.377_S1D_A.fits,S1D_spectra/sun_harpsN/2018-11-07/r.HARPN.2018-11-07T09-17-29.377_S1D_A.fits,Sun,2018-11-07T09:17:29.377,58429.387141204,0.747518176809182,31.9999999928191,211524,0.9949,0.9951,0.9952,0.9952,0.9952,0.995,0.9949,0.9948,0.9947,0.9948,0.995,0.9951,0.9951,0.9951,0.995,0.9949,0.9948,0.9948,0.9949,0.995,0.9951,0.9952,0.9952,0.9952,0.9951,0.995,0.9951,0.9951,0.9951,0.9951,0.9951,0.9951,0.995,0.9949,0.9949,0.995,0.995,0.9951,0.9951,0.9951,0.995,0.9948,0.9947,0.9945,0.9943,0.9942,0.994,0.9939,0.9937,0.9934,0.9932,0.9929,0.9926,0.9922,0.9919,0.9915,0.991,0.9905,0.9899,0.9893,0.9886,0.9879,0.9871,0.9863,0.9853,0.9843,0.9832,0.982,0.9808,0.9795,0.9782,0.9767,0.9752,0.9736,0.9718,0.9699,0.9679,0.9657,0.9634,0.961,0.9584,0.9557,0.9527,0.9495,0.946,0.9424,0.9387,0.9348,0.9306,0.9263,0.9217,0.9169,0.9118,0.9064,0.9008,0.8951,0.8889,0.8827,0.8762,0.8695,0.8624,0.855,0.8473,0.8395,0.8312,0.8228,0.8142,0.8054,0.7963,0.7868,0.7771,0.7673,0.757,0.7468,0.7365,0.7261,0.7154,0.7045,0.6935,0.6823,0.671,0.6597,0.6487,0.6376,0.6267,0.6156,0.6045,0.5935,0.5827,0.5719,0.5617,0.5517,0.542,0.5324,0.523,0.5139,0.5052,0.4967,0.4889,0.4816,0.4747,0.4683,0.4623,0.4567,0.4517,0.4471,0.4432,0.44,0.4374,0.4355,0.4341,0.4334,0.4332,0.4337,0.4348,0.4366,0.4389,0.4419,0.4456,0.45,0.4549,0.4604,0.4665,0.473,0.4799,0.4874,0.4955,0.5042,0.5133,0.5229,0.5328,0.5428,0.5531,0.5635,0.5745,0.5858,0.5973,0.6089,0.6208,0.6324,0.644,0.6555,0.6672,0.679,0.6908,0.7024,0.7141,0.7253,0.7362,0.7469,0.7576,0.7682,0.7786,0.7887,0.7987,0.8082,0.8171,0.826,0.8347,0.8432,0.8514,0.8592,0.8668,0.874,0.8807,0.8873,0.8937,0.9001,0.9061,0.9118,0.9171,0.9222,0.9269,0.9315,0.936,0.9403,0.9444,0.9481,0.9515,0.9547,0.9577,0.9607,0.9636,0.9665,0.9692,0.9716,0.9738,0.9758,0.9776,0.9794,0.9812,0.9829,0.9845,0.9858,0.987,0.9881,0.9891,0.9901,0.9911,0.9921,0.993,0.9937,0.9943,0.9948,0.9953,0.9958,0.9964,0.997,0.9974,0.9978,0.9981,0.9983,0.9986,0.9988,0.9991,0.9993,0.9995,0.9996,0.9996,0.9996,0.9997,0.9998,0.9999,0.9999,0.9999,0.9999,0.9998,0.9998,0.9999,0.9999,1.0,1.0,1.0,0.9999,0.9998,0.9998,0.9999,0.9999,0.9998,0.9998,0.9997,0.9996,0.9995,0.9996,0.9997,0.9997,0.9997,0.9997,0.9996,0.9996,0.9995,0.9995,0.9996,0.9996,0.9995,0.9994,0.9993,0.9992,0.9992,0.9992,0.9993
109.71586402909885,7.054465707655849,-64.26791806097583,-56.620667024276706,102.96064633860304,56.42244942028311,r.HARPN.2018-11-08T09-23-10.001_S1D_A.fits,S1D_spectra/sun_harpsN/2018-11-08/r.HARPN.2018-11-08T09-23-10.001_S1D_A.fits,Sun,2018-11-08T09:23:10.001,58430.3910879628,0.738859426668797,31.9999999930031,211524,0.9948,0.9948,0.9949,0.995,0.9949,0.9948,0.9947,0.9946,0.9945,0.9947,0.9949,0.995,0.9951,0.9951,0.9951,0.995,0.995,0.995,0.9952,0.9953,0.9953,0.9953,0.9953,0.9953,0.9951,0.9951,0.9951,0.9952,0.9953,0.9953,0.9954,0.9953,0.9952,0.9951,0.995,0.995,0.9949,0.9949,0.9949,0.9949,0.9949,0.9948,0.9947,0.9946,0.9945,0.9943,0.9941,0.9939,0.9936,0.9933,0.9929,0.9926,0.9923,0.9919,0.9916,0.9913,0.9908,0.9903,0.9898,0.9892,0.9886,0.9879,0.9872,0.9864,0.9856,0.9846,0.9836,0.9824,0.9812,0.9799,0.9785,0.9771,0.9755,0.9738,0.972,0.97,0.9679,0.9657,0.9634,0.9609,0.9582,0.9555,0.9524,0.9492,0.9458,0.9422,0.9384,0.9346,0.9304,0.9262,0.9216,0.9169,0.9118,0.9065,0.9009,0.8952,0.889,0.8828,0.8763,0.8695,0.8624,0.855,0.8473,0.8395,0.8311,0.8228,0.8142,0.8054,0.7962,0.7867,0.7769,0.7671,0.7568,0.7465,0.7363,0.7259,0.7153,0.7044,0.6933,0.6822,0.6709,0.6596,0.6486,0.6376,0.6266,0.6155,0.6044,0.5934,0.5826,0.5717,0.5615,0.5514,0.5418,0.5322,0.5228,0.5138,0.5051,0.4966,0.4888,0.4815,0.4747,0.4682,0.4622,0.4567,0.4517,0.4472,0.4434,0.4402,0.4376,0.4356,0.4342,0.4334,0.4332,0.4337,0.4348,0.4365,0.4389,0.4418,0.4455,0.4499,0.4548,0.4604,0.4664,0.4729,0.4799,0.4873,0.4954,0.5041,0.5132,0.5228,0.5327,0.5427,0.5529,0.5634,0.5743,0.5856,0.5971,0.6087,0.6206,0.6322,0.6437,0.6552,0.6669,0.6787,0.6905,0.7021,0.7138,0.725,0.7359,0.7466,0.7573,0.7679,0.7783,0.7884,0.7984,0.8079,0.8169,0.8258,0.8345,0.843,0.8513,0.8591,0.8667,0.874,0.8808,0.8874,0.8939,0.9002,0.9062,0.9119,0.9171,0.9221,0.9267,0.9312,0.9357,0.94,0.9441,0.9479,0.9514,0.9546,0.9577,0.9606,0.9635,0.9664,0.969,0.9714,0.9736,0.9756,0.9774,0.9793,0.9811,0.9828,0.9844,0.9858,0.987,0.9881,0.9891,0.9901,0.9912,0.9922,0.993,0.9936,0.9942,0.9947,0.9951,0.9956,0.9961,0.9966,0.997,0.9973,0.9976,0.9979,0.9981,0.9984,0.9987,0.999,0.9992,0.9993,0.9993,0.9994,0.9995,0.9996,0.9997,0.9998,0.9998,0.9998,0.9998,0.9998,0.9999,1.0,1.0,1.0,0.9999,0.9998,0.9997,0.9996,0.9997,0.9996,0.9995,0.9995,0.9994,0.9993,0.9992,0.9992,0.9993,0.9994,0.9994,0.9995,0.9994,0.9994,0.9994,0.9994,0.9995,0.9996,0.9995,0.9994,0.9993,0.9992,0.9992,0.9993,0.9994
107.25468833086397,7.047833422087346,-64.05945895727434,-56.95632559155418,95.39071284141151,56.52021387441949,r.HARPN.2018-11-09T10-01-48.581_S1D_A.fits,S1D_spectra/sun_harpsN/2018-11-09/r.HARPN.2018-11-09T10-01-48.581_S1D_A.fits,Sun,2018-11-09T10:01:48.581,58431.4179166663,0.691426100100983,31.9999999946219,211524,0.9948,0.9949,0.9951,0.9952,0.9953,0.9952,0.9951,0.995,0.995,0.9951,0.9953,0.9954,0.9954,0.9954,0.9953,0.9952,0.9951,0.9951,0.9953,0.9953,0.9954,0.9954,0.9954,0.9953,0.9952,0.9952,0.9953,0.9954,0.9954,0.9955,0.9956,0.9955,0.9955,0.9954,0.9953,0.9953,0.9953,0.9953,0.9953,0.9952,0.9951,0.9949,0.9948,0.9947,0.9946,0.9944,0.9943,0.9941,0.9938,0.9935,0.9932,0.993,0.9927,0.9924,0.9921,0.9918,0.9914,0.9909,0.9903,0.9897,0.989,0.9883,0.9876,0.9868,0.9859,0.985,0.9839,0.9828,0.9816,0.9803,0.9789,0.9775,0.9759,0.9742,0.9723,0.9704,0.9682,0.9661,0.9638,0.9613,0.9587,0.956,0.953,0.9498,0.9463,0.9428,0.939,0.9351,0.9308,0.9266,0.922,0.9173,0.9122,0.9069,0.9013,0.8956,0.8895,0.8832,0.8766,0.8698,0.8626,0.8551,0.8474,0.8395,0.8311,0.8227,0.8142,0.8054,0.7962,0.7866,0.7768,0.7669,0.7566,0.7462,0.7359,0.7254,0.7148,0.7039,0.6928,0.6817,0.6704,0.6591,0.6481,0.6371,0.6262,0.6151,0.604,0.593,0.5822,0.5714,0.5611,0.551,0.5413,0.5317,0.5222,0.5131,0.5043,0.4958,0.488,0.4807,0.4738,0.4674,0.4613,0.4558,0.4508,0.4462,0.4424,0.4392,0.4366,0.4346,0.4333,0.4326,0.4325,0.433,0.4341,0.4358,0.4382,0.4412,0.4449,0.4493,0.4542,0.4599,0.466,0.4725,0.4795,0.4869,0.4951,0.5037,0.5129,0.5225,0.5324,0.5424,0.5527,0.5632,0.5742,0.5856,0.5972,0.6088,0.6208,0.6324,0.644,0.6555,0.6672,0.679,0.6908,0.7025,0.7142,0.7254,0.7363,0.7471,0.7578,0.7684,0.7788,0.7888,0.7988,0.8083,0.8173,0.8262,0.8348,0.8434,0.8516,0.8595,0.8671,0.8744,0.8812,0.8879,0.8943,0.9007,0.9067,0.9124,0.9177,0.9228,0.9274,0.932,0.9364,0.9408,0.9448,0.9486,0.952,0.9553,0.9584,0.9613,0.9643,0.9672,0.9698,0.9722,0.9743,0.9762,0.978,0.9798,0.9816,0.9834,0.985,0.9864,0.9876,0.9887,0.9898,0.9907,0.9917,0.9927,0.9935,0.9941,0.9947,0.9952,0.9957,0.9962,0.9968,0.9973,0.9977,0.998,0.9983,0.9986,0.9988,0.999,0.9992,0.9994,0.9996,0.9996,0.9996,0.9996,0.9997,0.9997,0.9998,0.9999,1.0,1.0,0.9999,0.9999,1.0,1.0,1.0,0.9999,0.9999,0.9998,0.9997,0.9997,0.9997,0.9998,0.9998,0.9998,0.9997,0.9997,0.9996,0.9996,0.9997,0.9998,0.9997,0.9996,0.9995,0.9994,0.9993,0.9994,0.9995,0.9996,0.9996,0.9996,0.9996,0.9995,0.9995,0.9995,0.9996
106.97784483682706,7.0543799510326455,-64.10064180787072,-56.60542898818574,103.75953315570467,56.43457301759533,r.HARPN.2018-11-10T09-34-10.389_S1D_A.fits,S1D_spectra/sun_harpsN/2018-11-10/r.HARPN.2018-11-10T09-34-10.389_S1D_A.fits,Sun,2018-11-10T09:34:10.389,58432.3987268517,0.720578985936068,31.9999999936225,211524,0.9947,0.9949,0.9951,0.9953,0.9953,0.9953,0.9952,0.9951,0.9951,0.9952,0.9954,0.9955,0.9955,0.9954,0.9954,0.9953,0.9952,0.9952,0.9953,0.9954,0.9955,0.9955,0.9955,0.9954,0.9953,0.9953,0.9953,0.9953,0.9953,0.9953,0.9953,0.9953,0.9951,0.995,0.995,0.995,0.9951,0.9951,0.9951,0.9951,0.995,0.9949,0.9947,0.9947,0.9946,0.9945,0.9944,0.9943,0.9941,0.9938,0.9935,0.9932,0.9929,0.9925,0.9922,0.9918,0.9913,0.9908,0.9902,0.9896,0.9889,0.9882,0.9874,0.9866,0.9857,0.9847,0.9837,0.9825,0.9813,0.98,0.9786,0.9772,0.9755,0.9739,0.972,0.97,0.9679,0.9658,0.9635,0.961,0.9584,0.9557,0.9526,0.9495,0.9461,0.9425,0.9387,0.9349,0.9307,0.9264,0.9218,0.917,0.9118,0.9065,0.9009,0.8952,0.889,0.8828,0.8763,0.8695,0.8624,0.8549,0.8472,0.8394,0.8311,0.8227,0.8141,0.8052,0.796,0.7865,0.7767,0.7668,0.7566,0.7463,0.736,0.7256,0.7151,0.7042,0.6932,0.6821,0.6708,0.6595,0.6485,0.6374,0.6265,0.6154,0.6043,0.5933,0.5824,0.5716,0.5614,0.5513,0.5416,0.532,0.5226,0.5135,0.5048,0.4963,0.4885,0.4812,0.4744,0.468,0.462,0.4565,0.4515,0.447,0.4432,0.44,0.4374,0.4354,0.4341,0.4333,0.4332,0.4337,0.4348,0.4366,0.4389,0.4419,0.4457,0.45,0.455,0.4605,0.4666,0.4731,0.4801,0.4875,0.4957,0.5044,0.5136,0.5231,0.5331,0.543,0.5533,0.5638,0.5747,0.586,0.5975,0.6092,0.621,0.6326,0.6441,0.6556,0.6673,0.6792,0.691,0.7026,0.7144,0.7256,0.7364,0.7472,0.7578,0.7684,0.7788,0.7889,0.7989,0.8084,0.8174,0.8262,0.8348,0.8433,0.8515,0.8594,0.8669,0.8741,0.8809,0.8875,0.894,0.9003,0.9063,0.9119,0.9172,0.9222,0.9269,0.9315,0.936,0.9405,0.9446,0.9485,0.9519,0.9553,0.9583,0.9612,0.9641,0.9669,0.9695,0.9719,0.974,0.9759,0.9778,0.9796,0.9813,0.983,0.9846,0.9859,0.9871,0.9882,0.9892,0.9902,0.9913,0.9923,0.9932,0.994,0.9946,0.9951,0.9957,0.9962,0.9967,0.9972,0.9977,0.9979,0.9981,0.9983,0.9986,0.9988,0.999,0.9993,0.9994,0.9995,0.9996,0.9996,0.9997,0.9998,0.9999,0.9999,1.0,0.9999,0.9999,0.9999,0.9999,1.0,1.0,1.0,1.0,0.9999,0.9998,0.9998,0.9999,1.0,0.9999,0.9999,0.9999,0.9999,0.9998,0.9998,0.9998,0.9999,0.9998,0.9997,0.9995,0.9994,0.9993,0.9994,0.9995,0.9996,0.9996,0.9995,0.9994,0.9993,0.9993,0.9993,0.9994
105.96158201981237,7.049610087700417,-63.010561135127695,-54.539735324452415,96.34765782010872,56.50654925045282,r.HARPN.2018-11-11T09-59-20.383_S1D_A.fits,S1D_spectra/sun_harpsN/2018-11-11/r.HARPN.2018-11-11T09-59-20.383_S1D_A.fits,Sun,2018-11-11T09:59:20.383,58433.4162037037,0.68740058291608,31.9999999947984,211524,0.9946,0.9947,0.9947,0.9948,0.9947,0.9946,0.9945,0.9944,0.9944,0.9945,0.9947,0.9948,0.9949,0.9949,0.9948,0.9947,0.9947,0.9947,0.9949,0.995,0.9951,0.9951,0.9951,0.995,0.9949,0.9949,0.995,0.9951,0.9951,0.9952,0.9952,0.9952,0.9951,0.9949,0.9949,0.9949,0.9949,0.9948,0.9949,0.9949,0.9948,0.9947,0.9945,0.9945,0.9943,0.9942,0.9941,0.9939,0.9937,0.9934,0.9931,0.9928,0.9925,0.9922,0.9919,0.9915,0.991,0.9905,0.9899,0.9893,0.9886,0.9879,0.9872,0.9864,0.9855,0.9845,0.9835,0.9824,0.9811,0.9798,0.9785,0.9771,0.9755,0.9739,0.9721,0.9701,0.968,0.9658,0.9635,0.961,0.9583,0.9555,0.9525,0.9493,0.9459,0.9424,0.9387,0.9348,0.9306,0.9264,0.9218,0.917,0.9118,0.9064,0.9008,0.895,0.8888,0.8826,0.8761,0.8694,0.8622,0.8548,0.8471,0.8392,0.8308,0.8224,0.8137,0.8049,0.7957,0.7862,0.7764,0.7665,0.7562,0.7459,0.7357,0.7252,0.7146,0.7037,0.6926,0.6815,0.6702,0.6589,0.6479,0.6368,0.6258,0.6147,0.6036,0.5926,0.5817,0.5709,0.5606,0.5506,0.5408,0.5312,0.5218,0.5127,0.5039,0.4955,0.4877,0.4804,0.4736,0.4671,0.4612,0.4557,0.4507,0.4462,0.4424,0.4392,0.4366,0.4346,0.4333,0.4326,0.4325,0.433,0.4341,0.4359,0.4383,0.4413,0.445,0.4494,0.4543,0.4599,0.466,0.4725,0.4795,0.487,0.4952,0.5039,0.5131,0.5227,0.5326,0.5426,0.5529,0.5633,0.5743,0.5856,0.5972,0.6088,0.6207,0.6323,0.6438,0.6552,0.6669,0.6788,0.6906,0.7022,0.714,0.7252,0.7361,0.7468,0.7575,0.7681,0.7785,0.7887,0.7986,0.8082,0.8172,0.8261,0.8348,0.8433,0.8515,0.8594,0.867,0.8742,0.881,0.8876,0.8941,0.9004,0.9064,0.9121,0.9173,0.9224,0.927,0.9316,0.936,0.9404,0.9444,0.9482,0.9516,0.9549,0.958,0.9609,0.9639,0.9667,0.9694,0.9717,0.9738,0.9758,0.9776,0.9794,0.9811,0.9829,0.9844,0.9857,0.9869,0.988,0.989,0.99,0.991,0.992,0.9929,0.9936,0.9942,0.9947,0.9952,0.9958,0.9963,0.9968,0.9973,0.9976,0.9979,0.9981,0.9984,0.9986,0.9988,0.999,0.9992,0.9993,0.9993,0.9994,0.9995,0.9997,0.9998,0.9999,1.0,1.0,0.9999,0.9999,0.9999,0.9999,0.9999,0.9999,0.9998,0.9997,0.9996,0.9996,0.9997,0.9997,0.9996,0.9996,0.9995,0.9994,0.9993,0.9993,0.9993,0.9994,0.9993,0.9993,0.9992,0.9991,0.9991,0.9992,0.9993,0.9994,0.9994,0.9994,0.9993,0.9993,0.9992,0.9992,0.9993
104.17486065934364,7.040714038478114,-63.04305914862801,-55.13566026150356,71.86300639029949,56.61269561150873,r.HARPN.2018-11-12T12-56-55.924_S1D_A.fits,S1D_spectra/sun_harpsN/2018-11-12/r.HARPN.2018-11-12T12-56-55.924_S1D_A.fits,Sun,2018-11-12T12:56:55.924,58434.5395254628,0.409573929584927,31.9999999991548,211524,0.9941,0.9943,0.9944,0.9945,0.9944,0.9943,0.9942,0.9941,0.9941,0.9942,0.9944,0.9945,0.9946,0.9946,0.9946,0.9945,0.9945,0.9945,0.9946,0.9947,0.9948,0.9948,0.9949,0.9949,0.9948,0.9948,0.995,0.9951,0.9952,0.9953,0.9954,0.9954,0.9954,0.9953,0.9953,0.9953,0.9952,0.9952,0.9952,0.9952,0.995,0.9949,0.9947,0.9947,0.9946,0.9945,0.9944,0.9943,0.9941,0.9938,0.9935,0.9932,0.9929,0.9925,0.9922,0.9918,0.9912,0.9907,0.9901,0.9895,0.9889,0.9882,0.9875,0.9868,0.986,0.9851,0.984,0.9829,0.9817,0.9804,0.9791,0.9776,0.976,0.9744,0.9726,0.9706,0.9685,0.9663,0.964,0.9615,0.9588,0.9561,0.953,0.9499,0.9464,0.9429,0.9391,0.9352,0.931,0.9267,0.9221,0.9173,0.9122,0.9068,0.9012,0.8955,0.8893,0.883,0.8764,0.8696,0.8624,0.8549,0.8471,0.8392,0.8308,0.8224,0.8138,0.805,0.7958,0.7863,0.7765,0.7665,0.7562,0.7458,0.7354,0.7249,0.7142,0.7032,0.6921,0.6809,0.6695,0.6582,0.6472,0.6361,0.6251,0.614,0.6029,0.5919,0.581,0.5702,0.5599,0.5498,0.5401,0.5305,0.5211,0.512,0.5033,0.4948,0.4869,0.4796,0.4728,0.4663,0.4603,0.4548,0.4498,0.4453,0.4415,0.4384,0.4358,0.4339,0.4326,0.4318,0.4317,0.4322,0.4334,0.4351,0.4375,0.4405,0.4443,0.4486,0.4536,0.4592,0.4653,0.4718,0.4789,0.4863,0.4945,0.5032,0.5124,0.5221,0.5321,0.5421,0.5524,0.5629,0.5739,0.5852,0.5969,0.6086,0.6205,0.6322,0.6437,0.6553,0.667,0.6789,0.6907,0.7024,0.7142,0.7254,0.7364,0.7471,0.7578,0.7685,0.7789,0.7891,0.7991,0.8086,0.8177,0.8266,0.8352,0.8438,0.852,0.86,0.8675,0.8748,0.8815,0.8881,0.8945,0.9008,0.9067,0.9124,0.9177,0.9228,0.9274,0.932,0.9365,0.9409,0.945,0.9488,0.9522,0.9555,0.9586,0.9615,0.9645,0.9673,0.9699,0.9723,0.9744,0.9763,0.9782,0.98,0.9818,0.9836,0.9851,0.9865,0.9877,0.9888,0.9898,0.9908,0.9918,0.9928,0.9937,0.9944,0.9949,0.9954,0.9959,0.9964,0.9969,0.9974,0.9978,0.9981,0.9983,0.9985,0.9987,0.9989,0.9991,0.9993,0.9994,0.9995,0.9995,0.9996,0.9997,0.9998,0.9999,1.0,1.0,0.9999,0.9998,0.9998,0.9998,0.9998,0.9997,0.9997,0.9996,0.9995,0.9994,0.9994,0.9995,0.9996,0.9995,0.9995,0.9994,0.9994,0.9993,0.9993,0.9993,0.9994,0.9993,0.9993,0.9992,0.9991,0.999,0.999,0.999,0.9991,0.9991,0.9991,0.999,0.9989,0.9989,0.999,0.9991
100.75333276960569,7.0550448987429455,-64.36720675199322,-56.1717006313672,107.93483021257009,56.384832405006726,r.HARPN.2018-11-13T09-20-56.060_S1D_A.fits,S1D_spectra/sun_harpsN/2018-11-13/r.HARPN.2018-11-13T09-20-56.060_S1D_A.fits,Sun,2018-11-13T09:20:56.060,58435.3895370374,0.721767958297376,31.9999999937237,211524,0.9953,0.9954,0.9955,0.9956,0.9956,0.9956,0.9955,0.9955,0.9954,0.9954,0.9955,0.9956,0.9955,0.9954,0.9954,0.9953,0.9953,0.9953,0.9955,0.9956,0.9957,0.9957,0.9957,0.9956,0.9955,0.9954,0.9955,0.9955,0.9956,0.9957,0.9957,0.9956,0.9955,0.9954,0.9954,0.9954,0.9954,0.9953,0.9953,0.9952,0.9951,0.9949,0.9948,0.9946,0.9945,0.9943,0.9942,0.9941,0.9938,0.9936,0.9933,0.9929,0.9926,0.9923,0.9919,0.9915,0.9911,0.9905,0.99,0.9894,0.9887,0.988,0.9873,0.9865,0.9856,0.9846,0.9836,0.9825,0.9813,0.98,0.9787,0.9773,0.9758,0.9741,0.9723,0.9703,0.9681,0.9659,0.9635,0.961,0.9583,0.9555,0.9524,0.9492,0.9458,0.9422,0.9385,0.9346,0.9304,0.9261,0.9215,0.9167,0.9116,0.9062,0.9006,0.8948,0.8886,0.8824,0.8759,0.8691,0.862,0.8545,0.8468,0.8389,0.8306,0.8222,0.8137,0.8048,0.7957,0.7862,0.7765,0.7666,0.7563,0.746,0.7357,0.7252,0.7146,0.7037,0.6926,0.6815,0.6703,0.659,0.6481,0.6371,0.6262,0.6151,0.6041,0.5931,0.5823,0.5715,0.5613,0.5512,0.5415,0.5319,0.5225,0.5134,0.5047,0.4962,0.4885,0.4812,0.4744,0.468,0.4621,0.4566,0.4517,0.4472,0.4435,0.4404,0.4379,0.436,0.4347,0.4339,0.4338,0.4343,0.4354,0.4372,0.4396,0.4426,0.4463,0.4507,0.4556,0.4612,0.4674,0.4739,0.4809,0.4884,0.4966,0.5054,0.5146,0.5242,0.5341,0.5441,0.5544,0.5649,0.5758,0.5871,0.5987,0.6103,0.6222,0.6337,0.6452,0.6567,0.6684,0.6802,0.692,0.7036,0.7153,0.7265,0.7373,0.748,0.7586,0.7692,0.7796,0.7896,0.7996,0.809,0.818,0.8269,0.8355,0.844,0.8522,0.86,0.8675,0.8748,0.8815,0.8881,0.8946,0.9009,0.9069,0.9126,0.9178,0.9228,0.9275,0.932,0.9364,0.9407,0.9448,0.9485,0.9519,0.9552,0.9583,0.9613,0.9642,0.9671,0.9698,0.9721,0.9742,0.9762,0.978,0.9797,0.9815,0.9833,0.9849,0.9863,0.9875,0.9886,0.9896,0.9906,0.9916,0.9926,0.9935,0.9941,0.9947,0.9951,0.9956,0.9961,0.9966,0.9971,0.9975,0.9978,0.998,0.9982,0.9984,0.9986,0.9988,0.999,0.9992,0.9992,0.9993,0.9993,0.9994,0.9995,0.9997,0.9997,0.9998,0.9998,0.9998,0.9998,0.9999,0.9999,0.9999,0.9999,0.9999,0.9998,0.9996,0.9996,0.9997,0.9997,0.9996,0.9996,0.9995,0.9994,0.9993,0.9993,0.9995,0.9996,0.9996,0.9996,0.9996,0.9997,0.9996,0.9997,0.9999,1.0,1.0,1.0,0.9999,0.9999,0.9998,0.9998,0.9999
105.32235542103888,7.0525883686901185,-63.63027317959626,-56.39137612736842,108.37432167381967,56.424700221377634,r.HARPN.2018-11-14T09-30-22.070_S1D_A.fits,S1D_spectra/sun_harpsN/2018-11-14/r.HARPN.2018-11-14T09-30-22.070_S1D_A.fits,Sun,2018-11-14T09:30:22.070,58436.3960879631,0.706692076090657,31.9999999943604,211524,0.9951,0.9952,0.9953,0.9954,0.9953,0.9951,0.995,0.9948,0.9948,0.9948,0.9949,0.995,0.995,0.995,0.9949,0.9948,0.9947,0.9948,0.9949,0.9951,0.9952,0.9953,0.9954,0.9954,0.9953,0.9953,0.9953,0.9954,0.9955,0.9955,0.9955,0.9955,0.9954,0.9953,0.9952,0.9952,0.9952,0.9952,0.9951,0.9951,0.9949,0.9948,0.9946,0.9945,0.9944,0.9943,0.9942,0.994,0.9938,0.9935,0.9932,0.9929,0.9926,0.9923,0.9919,0.9916,0.9911,0.9906,0.99,0.9894,0.9887,0.988,0.9873,0.9865,0.9856,0.9847,0.9836,0.9824,0.9812,0.9799,0.9786,0.9772,0.9756,0.974,0.9722,0.9702,0.9681,0.9659,0.9636,0.9611,0.9584,0.9556,0.9526,0.9494,0.946,0.9424,0.9387,0.9348,0.9306,0.9263,0.9217,0.9169,0.9118,0.9064,0.9009,0.8951,0.889,0.8827,0.8762,0.8694,0.8622,0.8547,0.847,0.8391,0.8308,0.8224,0.8139,0.8051,0.7959,0.7864,0.7767,0.7668,0.7566,0.7462,0.736,0.7255,0.7149,0.704,0.6929,0.6818,0.6705,0.6592,0.6482,0.6372,0.6263,0.6152,0.6042,0.5932,0.5824,0.5716,0.5614,0.5513,0.5416,0.532,0.5226,0.5135,0.5048,0.4963,0.4885,0.4812,0.4744,0.4679,0.462,0.4564,0.4514,0.4469,0.4431,0.4399,0.4374,0.4354,0.4341,0.4333,0.4332,0.4337,0.4349,0.4366,0.439,0.442,0.4457,0.4501,0.455,0.4606,0.4667,0.4732,0.4802,0.4877,0.4959,0.5046,0.5138,0.5234,0.5334,0.5434,0.5537,0.5641,0.5751,0.5863,0.5978,0.6095,0.6214,0.6329,0.6445,0.6559,0.6676,0.6794,0.6912,0.7029,0.7146,0.7258,0.7367,0.7474,0.7581,0.7687,0.7791,0.7892,0.7991,0.8085,0.8175,0.8263,0.835,0.8435,0.8517,0.8596,0.8671,0.8743,0.881,0.8877,0.8941,0.9004,0.9063,0.912,0.9173,0.9223,0.927,0.9316,0.9361,0.9405,0.9446,0.9483,0.9517,0.955,0.958,0.9609,0.9638,0.9667,0.9693,0.9717,0.9738,0.9758,0.9776,0.9794,0.9812,0.983,0.9845,0.9859,0.9871,0.9881,0.9891,0.9901,0.9911,0.9921,0.9929,0.9936,0.9942,0.9948,0.9953,0.9958,0.9964,0.9969,0.9974,0.9977,0.998,0.9982,0.9985,0.9987,0.999,0.9992,0.9995,0.9996,0.9996,0.9997,0.9998,0.9998,0.9999,1.0,1.0,0.9999,0.9998,0.9998,0.9999,0.9999,0.9999,0.9999,0.9999,0.9999,0.9998,0.9997,0.9998,0.9998,0.9998,0.9998,0.9997,0.9997,0.9996,0.9996,0.9997,0.9998,0.9997,0.9996,0.9995,0.9993,0.9992,0.9992,0.9993,0.9994,0.9994,0.9994,0.9993,0.9992,0.9992,0.9992,0.9993
105.14499419061899,7.043418085273294,-62.43149284730524,-54.73310863829727,83.49830573094683,56.575264398816586,r.HARPN.2018-11-15T14-12-45.810_S1D_A.fits,S1D_spectra/sun_harpsN/2018-11-15/r.HARPN.2018-11-15T14-12-45.810_S1D_A.fits,Sun,2018-11-15T14:12:45.810,58437.5921875001,0.270042554045664,31.9999999997769,211524,0.9945,0.9947,0.9948,0.9949,0.9948,0.9948,0.9946,0.9945,0.9945,0.9946,0.9947,0.9948,0.9948,0.9948,0.9948,0.9948,0.9947,0.9948,0.9949,0.995,0.995,0.995,0.995,0.995,0.9949,0.9949,0.995,0.995,0.9951,0.9952,0.9952,0.9952,0.9951,0.9949,0.9949,0.9949,0.9949,0.9949,0.995,0.9949,0.9948,0.9947,0.9946,0.9946,0.9945,0.9944,0.9943,0.9942,0.994,0.9938,0.9935,0.9933,0.993,0.9927,0.9924,0.9921,0.9917,0.9912,0.9906,0.99,0.9893,0.9887,0.9879,0.9872,0.9863,0.9854,0.9843,0.9832,0.982,0.9807,0.9794,0.9779,0.9763,0.9746,0.9727,0.9707,0.9686,0.9663,0.964,0.9615,0.9588,0.9561,0.9531,0.9499,0.9465,0.943,0.9392,0.9353,0.931,0.9268,0.9221,0.9174,0.9122,0.9069,0.9013,0.8955,0.8893,0.883,0.8765,0.8696,0.8624,0.8549,0.8471,0.8392,0.8308,0.8224,0.8138,0.805,0.7958,0.7863,0.7766,0.7667,0.7564,0.746,0.7357,0.7252,0.7145,0.7035,0.6924,0.6812,0.6699,0.6586,0.6476,0.6365,0.6256,0.6145,0.6034,0.5923,0.5814,0.5706,0.5603,0.5503,0.5406,0.531,0.5216,0.5125,0.5038,0.4953,0.4874,0.4801,0.4732,0.4667,0.4607,0.4551,0.4501,0.4456,0.4418,0.4386,0.436,0.4341,0.4327,0.432,0.4319,0.4324,0.4336,0.4354,0.4378,0.4408,0.4445,0.4489,0.4539,0.4595,0.4656,0.4721,0.4791,0.4866,0.4948,0.5035,0.5128,0.5224,0.5324,0.5424,0.5527,0.5632,0.5742,0.5856,0.5972,0.6089,0.6208,0.6324,0.644,0.6555,0.6672,0.6791,0.6909,0.7026,0.7143,0.7255,0.7364,0.7471,0.7578,0.7684,0.7788,0.7889,0.7989,0.8084,0.8174,0.8262,0.8349,0.8435,0.8517,0.8597,0.8673,0.8745,0.8813,0.888,0.8944,0.9007,0.9068,0.9125,0.9177,0.9228,0.9275,0.9321,0.9365,0.9409,0.945,0.9488,0.9522,0.9555,0.9585,0.9614,0.9643,0.9672,0.9698,0.9721,0.9743,0.9763,0.9781,0.98,0.9817,0.9835,0.9851,0.9864,0.9876,0.9887,0.9897,0.9907,0.9918,0.9928,0.9937,0.9944,0.9949,0.9955,0.9959,0.9964,0.9969,0.9973,0.9977,0.9979,0.9981,0.9983,0.9985,0.9987,0.999,0.9992,0.9994,0.9994,0.9995,0.9995,0.9996,0.9996,0.9997,0.9998,0.9998,0.9998,0.9997,0.9997,0.9999,0.9999,1.0,1.0,1.0,0.9999,0.9998,0.9998,0.9999,0.9999,0.9998,0.9998,0.9997,0.9996,0.9995,0.9996,0.9996,0.9997,0.9996,0.9995,0.9994,0.9993,0.9992,0.9992,0.9993,0.9994,0.9993,0.9993,0.9992,0.9991,0.9991,0.9991,0.9992
105.75958117326613,7.042854760614393,-64.1265159381721,-55.959798657598256,80.31985317378789,56.58946715989986,r.HARPN.2018-11-16T11-11-37.159_S1D_A.fits,S1D_spectra/sun_harpsN/2018-11-16/r.HARPN.2018-11-16T11-11-37.159_S1D_A.fits,Sun,2018-11-16T11:11:37.159,58438.4664004631,0.561538505063039,31.9999999978792,211525,0.9949,0.995,0.9951,0.9952,0.9952,0.9951,0.995,0.9949,0.9949,0.995,0.9951,0.9952,0.9952,0.9952,0.9951,0.995,0.995,0.995,0.9952,0.9953,0.9953,0.9953,0.9954,0.9953,0.9953,0.9953,0.9954,0.9955,0.9956,0.9956,0.9956,0.9956,0.9955,0.9954,0.9954,0.9954,0.9954,0.9953,0.9953,0.9952,0.9951,0.9949,0.9948,0.9947,0.9946,0.9945,0.9945,0.9944,0.9941,0.9939,0.9936,0.9933,0.993,0.9927,0.9924,0.992,0.9916,0.9911,0.9905,0.9899,0.9892,0.9885,0.9878,0.987,0.9862,0.9852,0.9842,0.9831,0.9819,0.9806,0.9792,0.9778,0.9762,0.9745,0.9727,0.9707,0.9686,0.9664,0.9641,0.9616,0.9589,0.9562,0.9532,0.95,0.9466,0.9431,0.9393,0.9354,0.9312,0.9269,0.9222,0.9174,0.9123,0.9069,0.9013,0.8956,0.8894,0.8831,0.8766,0.8699,0.8626,0.8552,0.8474,0.8395,0.831,0.8226,0.814,0.8052,0.796,0.7865,0.7767,0.7668,0.7565,0.7461,0.7358,0.7253,0.7146,0.7036,0.6925,0.6813,0.67,0.6587,0.6477,0.6366,0.6257,0.6146,0.6035,0.5925,0.5816,0.5708,0.5605,0.5504,0.5406,0.531,0.5216,0.5124,0.5037,0.4952,0.4874,0.48,0.4732,0.4667,0.4607,0.4552,0.4502,0.4457,0.4419,0.4387,0.4362,0.4342,0.4328,0.432,0.4319,0.4324,0.4335,0.4353,0.4376,0.4406,0.4443,0.4487,0.4537,0.4593,0.4655,0.472,0.479,0.4865,0.4947,0.5035,0.5127,0.5223,0.5323,0.5423,0.5526,0.5631,0.574,0.5853,0.5969,0.6086,0.6205,0.6321,0.6437,0.6552,0.667,0.6789,0.6907,0.7024,0.7142,0.7254,0.7363,0.7471,0.7578,0.7685,0.7789,0.789,0.799,0.8086,0.8176,0.8265,0.8352,0.8438,0.8521,0.86,0.8676,0.8748,0.8815,0.8881,0.8945,0.9009,0.9069,0.9126,0.9179,0.923,0.9277,0.9324,0.9368,0.9412,0.9453,0.949,0.9525,0.9558,0.9588,0.9618,0.9647,0.9675,0.9701,0.9725,0.9746,0.9765,0.9783,0.9801,0.9819,0.9836,0.9852,0.9865,0.9877,0.9888,0.9899,0.9909,0.9919,0.9929,0.9938,0.9944,0.995,0.9956,0.9961,0.9965,0.9971,0.9975,0.9979,0.9982,0.9983,0.9985,0.9987,0.9989,0.9991,0.9993,0.9995,0.9996,0.9996,0.9997,0.9998,0.9999,1.0,1.0,1.0,0.9999,0.9998,0.9998,0.9999,0.9999,0.9999,0.9999,0.9999,0.9998,0.9997,0.9997,0.9997,0.9997,0.9997,0.9997,0.9996,0.9996,0.9995,0.9995,0.9996,0.9997,0.9997,0.9996,0.9995,0.9994,0.9993,0.9993,0.9994,0.9995,0.9994,0.9993,0.9992,0.9991,0.9991,0.9991,0.9991
103.43664203505514,7.046797238473551,-64.20635480603381,-55.56175251316665,90.18611298457724,56.52881215516854,r.HARPN.2018-11-19T10-27-36.331_S1D_A.fits,S1D_spectra/sun_harpsN/2018-11-19/r.HARPN.2018-11-19T10-27-36.331_S1D_A.fits,Sun,2018-11-19T10:27:36.331,58441.4358333331,0.603733991556762,31.9999999970118,211525,0.9948,0.9948,0.9949,0.995,0.995,0.9949,0.9949,0.9948,0.9949,0.995,0.9952,0.9953,0.9954,0.9953,0.9952,0.995,0.9949,0.9948,0.9949,0.995,0.9951,0.9951,0.9951,0.995,0.995,0.9949,0.995,0.9951,0.9951,0.9952,0.9952,0.9952,0.9951,0.995,0.9949,0.995,0.995,0.995,0.995,0.995,0.9949,0.9947,0.9946,0.9945,0.9944,0.9943,0.9942,0.994,0.9938,0.9936,0.9933,0.993,0.9927,0.9923,0.992,0.9915,0.9911,0.9905,0.99,0.9894,0.9888,0.9881,0.9875,0.9867,0.9859,0.9849,0.9839,0.9827,0.9815,0.9802,0.9788,0.9774,0.9758,0.9742,0.9724,0.9705,0.9684,0.9662,0.9639,0.9614,0.9587,0.9559,0.9528,0.9497,0.9462,0.9426,0.9389,0.9349,0.9307,0.9264,0.9218,0.917,0.9118,0.9064,0.9008,0.895,0.8889,0.8826,0.8761,0.8693,0.8621,0.8547,0.8469,0.839,0.8307,0.8223,0.8137,0.8049,0.7957,0.7862,0.7765,0.7666,0.7563,0.7459,0.7357,0.7252,0.7146,0.7036,0.6926,0.6814,0.6701,0.6587,0.6477,0.6366,0.6257,0.6145,0.6034,0.5923,0.5815,0.5707,0.5604,0.5503,0.5407,0.5311,0.5217,0.5126,0.5039,0.4954,0.4876,0.4803,0.4735,0.4671,0.4612,0.4556,0.4507,0.4462,0.4423,0.4392,0.4366,0.4346,0.4332,0.4325,0.4323,0.4329,0.434,0.4358,0.4382,0.4412,0.4449,0.4493,0.4542,0.4598,0.4659,0.4724,0.4795,0.487,0.4952,0.504,0.5133,0.5229,0.533,0.543,0.5533,0.5637,0.5747,0.586,0.5976,0.6092,0.6211,0.6327,0.6442,0.6557,0.6674,0.6793,0.691,0.7027,0.7144,0.7256,0.7365,0.7473,0.7579,0.7686,0.779,0.7891,0.7991,0.8087,0.8177,0.8267,0.8354,0.844,0.8522,0.8601,0.8676,0.8749,0.8815,0.8881,0.8945,0.9007,0.9067,0.9123,0.9176,0.9226,0.9273,0.9319,0.9364,0.9408,0.9449,0.9487,0.9522,0.9555,0.9586,0.9616,0.9645,0.9674,0.97,0.9723,0.9744,0.9764,0.9782,0.98,0.9818,0.9836,0.9851,0.9865,0.9877,0.9888,0.9898,0.9909,0.9919,0.9929,0.9937,0.9944,0.995,0.9955,0.996,0.9964,0.997,0.9974,0.9978,0.998,0.9982,0.9984,0.9986,0.9988,0.9991,0.9993,0.9995,0.9996,0.9996,0.9997,0.9998,0.9998,0.9999,1.0,1.0,0.9999,0.9998,0.9997,0.9998,0.9998,0.9999,0.9999,0.9999,0.9999,0.9998,0.9998,0.9999,1.0,0.9999,0.9999,0.9998,0.9997,0.9996,0.9996,0.9997,0.9998,0.9997,0.9997,0.9996,0.9995,0.9994,0.9994,0.9994,0.9995,0.9994,0.9993,0.9992,0.9991,0.999,0.9991,0.9992
103.10871985035722,7.046523759058601,-63.371966703101855,-55.146152248293085,84.61075254456073,56.561354505439866,r.HARPN.2018-11-23T11-28-39.023_S1D_A.fits,S1D_spectra/sun_harpsN/2018-11-23/r.HARPN.2018-11-23T11-28-39.023_S1D_A.fits,Sun,2018-11-23T11:28:39.023,58445.4782291665,0.480239928139839,31.9999999980381,211524,0.9944,0.9946,0.9947,0.9948,0.9948,0.9947,0.9946,0.9945,0.9945,0.9945,0.9947,0.9948,0.9948,0.9948,0.9947,0.9947,0.9947,0.9948,0.995,0.9951,0.9952,0.9952,0.9952,0.9951,0.9949,0.9948,0.9949,0.9949,0.9949,0.9949,0.9949,0.9948,0.9947,0.9947,0.9947,0.9947,0.9947,0.9947,0.9948,0.9948,0.9947,0.9946,0.9945,0.9944,0.9943,0.9943,0.9941,0.994,0.9937,0.9935,0.9931,0.9929,0.9925,0.9922,0.9919,0.9916,0.9911,0.9906,0.9901,0.9894,0.9888,0.9881,0.9874,0.9866,0.9857,0.9848,0.9838,0.9826,0.9814,0.9802,0.9788,0.9774,0.9758,0.9742,0.9724,0.9704,0.9683,0.9661,0.9637,0.9612,0.9586,0.9558,0.9527,0.9496,0.9461,0.9426,0.9388,0.9349,0.9307,0.9264,0.9218,0.917,0.9119,0.9065,0.9009,0.8951,0.889,0.8827,0.8761,0.8693,0.862,0.8545,0.8467,0.8388,0.8304,0.822,0.8134,0.8046,0.7954,0.7859,0.7761,0.7662,0.7558,0.7454,0.7352,0.7247,0.7141,0.7032,0.6921,0.6809,0.6696,0.6583,0.6472,0.6362,0.6252,0.6141,0.603,0.592,0.5811,0.5703,0.5601,0.55,0.5403,0.5307,0.5213,0.5121,0.5034,0.4949,0.4871,0.4798,0.473,0.4666,0.4607,0.4552,0.4502,0.4457,0.4419,0.4387,0.4361,0.4342,0.4328,0.4321,0.432,0.4325,0.4337,0.4355,0.4379,0.4409,0.4447,0.4491,0.4541,0.4597,0.4658,0.4724,0.4794,0.4869,0.4951,0.5038,0.513,0.5225,0.5325,0.5425,0.5528,0.5633,0.5742,0.5856,0.5971,0.6088,0.6207,0.6323,0.6438,0.6553,0.667,0.6789,0.6907,0.7025,0.7142,0.7255,0.7364,0.7472,0.7579,0.7686,0.779,0.7891,0.799,0.8085,0.8175,0.8264,0.8351,0.8436,0.8518,0.8597,0.8672,0.8745,0.8811,0.8877,0.8941,0.9004,0.9064,0.9121,0.9174,0.9225,0.9272,0.9318,0.9363,0.9407,0.9448,0.9486,0.952,0.9553,0.9584,0.9614,0.9643,0.9671,0.9698,0.9721,0.9742,0.9762,0.978,0.9798,0.9816,0.9834,0.985,0.9863,0.9875,0.9886,0.9896,0.9906,0.9915,0.9925,0.9933,0.9939,0.9945,0.995,0.9955,0.996,0.9966,0.9971,0.9976,0.9979,0.9981,0.9983,0.9986,0.9988,0.9991,0.9993,0.9994,0.9995,0.9995,0.9995,0.9997,0.9997,0.9999,0.9999,1.0,0.9999,0.9999,0.9998,0.9999,0.9999,0.9999,0.9999,0.9998,0.9997,0.9996,0.9996,0.9997,0.9997,0.9996,0.9995,0.9994,0.9993,0.9992,0.9991,0.9992,0.9992,0.9991,0.9991,0.999,0.999,0.999,0.999,0.9992,0.9993,0.9993,0.9993,0.9992,0.9991,0.999,0.999,0.9991
103.64436240261027,7.0563336806035455,-64.75777303009234,-57.406652721851955,117.16198649732443,56.3905388733826,r.HARPN.2018-11-25T09-41-53.964_S1D_A.fits,S1D_spectra/sun_harpsN/2018-11-25/r.HARPN.2018-11-25T09-41-53.964_S1D_A.fits,Sun,2018-11-25T09:41:53.964,58447.4040856483,0.606357857804688,31.9999999944218,211525,0.9948,0.9949,0.9951,0.9952,0.9953,0.9952,0.9951,0.995,0.9949,0.995,0.9951,0.9952,0.9953,0.9952,0.9952,0.9951,0.995,0.9951,0.9952,0.9953,0.9954,0.9954,0.9955,0.9955,0.9954,0.9954,0.9954,0.9955,0.9955,0.9955,0.9956,0.9955,0.9954,0.9954,0.9953,0.9953,0.9952,0.9952,0.9951,0.995,0.9948,0.9947,0.9945,0.9945,0.9944,0.9943,0.9942,0.994,0.9937,0.9934,0.9931,0.9927,0.9924,0.992,0.9918,0.9914,0.991,0.9905,0.99,0.9894,0.9887,0.988,0.9873,0.9865,0.9856,0.9846,0.9836,0.9824,0.9811,0.9797,0.9784,0.9769,0.9753,0.9736,0.9718,0.9698,0.9677,0.9655,0.9632,0.9607,0.9581,0.9553,0.9523,0.9492,0.9457,0.9422,0.9384,0.9345,0.9303,0.926,0.9214,0.9166,0.9114,0.906,0.9004,0.8947,0.8885,0.8823,0.8758,0.8691,0.8619,0.8545,0.8468,0.839,0.8307,0.8223,0.8138,0.805,0.7959,0.7864,0.7767,0.7668,0.7565,0.7461,0.7359,0.7254,0.7148,0.704,0.693,0.6819,0.6706,0.6593,0.6484,0.6373,0.6264,0.6153,0.6042,0.5932,0.5823,0.5716,0.5613,0.5513,0.5417,0.5321,0.5227,0.5136,0.505,0.4965,0.4887,0.4814,0.4746,0.4681,0.4621,0.4566,0.4517,0.4472,0.4434,0.4403,0.4377,0.4357,0.4343,0.4336,0.4334,0.4339,0.435,0.4368,0.4392,0.4423,0.446,0.4504,0.4554,0.461,0.4671,0.4736,0.4807,0.4881,0.4963,0.505,0.5142,0.5237,0.5337,0.5436,0.5539,0.5643,0.5753,0.5866,0.5981,0.6097,0.6217,0.6332,0.6448,0.6563,0.668,0.6799,0.6917,0.7033,0.715,0.7262,0.737,0.7478,0.7584,0.7689,0.7792,0.7892,0.799,0.8085,0.8174,0.8262,0.8349,0.8434,0.8516,0.8595,0.8671,0.8744,0.8811,0.8877,0.8942,0.9005,0.9065,0.9122,0.9174,0.9225,0.9272,0.9318,0.9362,0.9406,0.9447,0.9484,0.9518,0.9551,0.958,0.9609,0.9638,0.9667,0.9693,0.9716,0.9737,0.9757,0.9775,0.9793,0.9811,0.9829,0.9845,0.9859,0.9871,0.9882,0.9892,0.9902,0.9912,0.9922,0.9931,0.9938,0.9943,0.9949,0.9954,0.9959,0.9965,0.997,0.9975,0.9978,0.9981,0.9984,0.9987,0.9989,0.9992,0.9994,0.9996,0.9996,0.9996,0.9996,0.9997,0.9997,0.9998,0.9999,0.9999,0.9999,0.9998,0.9998,1.0,1.0,1.0,1.0,1.0,0.9999,0.9998,0.9997,0.9998,0.9999,0.9998,0.9998,0.9997,0.9997,0.9996,0.9996,0.9997,0.9998,0.9998,0.9998,0.9997,0.9997,0.9996,0.9997,0.9997,0.9999,0.9999,0.9998,0.9998,0.9997,0.9996,0.9997,0.9997
104.08015450800798,7.052731536169417,-63.67516406947245,-55.27489571175023,101.30875489254399,56.47863993723388,r.HARPN.2018-11-26T10-17-36.182_S1D_A.fits,S1D_spectra/sun_harpsN/2018-11-26/r.HARPN.2018-11-26T10-17-36.182_S1D_A.fits,Sun,2018-11-26T10:17:36.182,58448.428888889,0.554468034681514,31.9999999953074,211525,0.9948,0.9949,0.995,0.9951,0.9951,0.9951,0.995,0.9949,0.9949,0.995,0.9952,0.9952,0.9952,0.9952,0.9951,0.995,0.9949,0.9949,0.995,0.9951,0.9952,0.9952,0.9952,0.9952,0.9951,0.9951,0.9951,0.9952,0.9953,0.9953,0.9954,0.9954,0.9953,0.9952,0.9952,0.9952,0.9952,0.9952,0.9952,0.9951,0.995,0.9948,0.9947,0.9946,0.9945,0.9943,0.9942,0.994,0.9938,0.9935,0.9932,0.9929,0.9926,0.9923,0.9919,0.9916,0.9911,0.9906,0.9901,0.9895,0.9888,0.9881,0.9874,0.9866,0.9856,0.9846,0.9836,0.9825,0.9813,0.98,0.9787,0.9773,0.9757,0.974,0.9722,0.9702,0.9681,0.9658,0.9635,0.961,0.9583,0.9556,0.9525,0.9493,0.9459,0.9423,0.9386,0.9347,0.9305,0.9262,0.9217,0.9169,0.9118,0.9065,0.9009,0.8951,0.889,0.8827,0.8761,0.8693,0.8621,0.8546,0.8468,0.8389,0.8305,0.8221,0.8135,0.8047,0.7955,0.786,0.7763,0.7664,0.7562,0.7459,0.7357,0.7252,0.7146,0.7037,0.6926,0.6815,0.6702,0.6589,0.6478,0.6368,0.6258,0.6147,0.6037,0.5926,0.5818,0.571,0.5608,0.5507,0.541,0.5314,0.5221,0.5129,0.5042,0.4957,0.4879,0.4806,0.4738,0.4674,0.4614,0.4559,0.451,0.4465,0.4427,0.4395,0.437,0.435,0.4336,0.4329,0.4327,0.4333,0.4344,0.4362,0.4386,0.4416,0.4453,0.4496,0.4546,0.4602,0.4663,0.4728,0.4799,0.4874,0.4956,0.5043,0.5135,0.5231,0.5331,0.5431,0.5534,0.5639,0.5748,0.5861,0.5977,0.6093,0.6212,0.6327,0.6443,0.6558,0.6675,0.6793,0.6911,0.7027,0.7144,0.7256,0.7365,0.7472,0.7579,0.7685,0.7789,0.7889,0.7989,0.8084,0.8174,0.8263,0.8349,0.8435,0.8517,0.8596,0.8672,0.8744,0.8811,0.8878,0.8942,0.9005,0.9065,0.9122,0.9175,0.9225,0.9272,0.9318,0.9362,0.9405,0.9446,0.9484,0.9518,0.9551,0.9581,0.9611,0.9641,0.967,0.9696,0.972,0.9741,0.976,0.9778,0.9796,0.9814,0.9831,0.9847,0.9861,0.9873,0.9884,0.9895,0.9905,0.9916,0.9926,0.9934,0.994,0.9946,0.9951,0.9956,0.9961,0.9966,0.9971,0.9976,0.9979,0.9981,0.9983,0.9986,0.9988,0.999,0.9992,0.9994,0.9995,0.9996,0.9996,0.9997,0.9998,0.9999,1.0,1.0,0.9999,0.9999,0.9998,0.9999,0.9999,1.0,1.0,1.0,0.9999,0.9998,0.9998,0.9999,1.0,0.9999,0.9999,0.9998,0.9997,0.9996,0.9996,0.9997,0.9998,0.9997,0.9996,0.9995,0.9994,0.9994,0.9994,0.9995,0.9996,0.9996,0.9995,0.9993,0.9992,0.9991,0.9991,0.9992
102.63341832079342,7.048369639993892,-64.16724773032915,-56.17483508163897,93.05931550484863,56.52250105032023,r.HARPN.2018-11-28T10-55-41.365_S1D_A.fits,S1D_spectra/sun_harpsN/2018-11-28/r.HARPN.2018-11-28T10-55-41.365_S1D_A.fits,Sun,2018-11-28T10:55:41.365,58450.4553356483,0.485714936138375,31.9999999957223,211524,0.9944,0.9946,0.9947,0.9948,0.9948,0.9947,0.9946,0.9945,0.9945,0.9946,0.9947,0.9949,0.9949,0.9949,0.9948,0.9947,0.9947,0.9947,0.9948,0.9949,0.995,0.995,0.9951,0.995,0.9949,0.9949,0.9951,0.9951,0.9952,0.9953,0.9954,0.9954,0.9954,0.9953,0.9953,0.9953,0.9953,0.9952,0.9951,0.995,0.9948,0.9946,0.9945,0.9944,0.9943,0.9941,0.994,0.9938,0.9936,0.9933,0.9931,0.9928,0.9925,0.9922,0.9919,0.9916,0.9911,0.9907,0.9901,0.9895,0.9889,0.9883,0.9876,0.9869,0.986,0.9851,0.9841,0.983,0.9817,0.9804,0.979,0.9775,0.9758,0.9741,0.9722,0.9703,0.9681,0.9659,0.9636,0.9611,0.9585,0.9557,0.9528,0.9496,0.9462,0.9426,0.9388,0.9349,0.9307,0.9263,0.9217,0.9168,0.9116,0.9062,0.9006,0.8949,0.8887,0.8825,0.8759,0.8691,0.8619,0.8545,0.8467,0.8388,0.8304,0.822,0.8134,0.8045,0.7953,0.7858,0.7761,0.7662,0.7559,0.7456,0.7353,0.7248,0.7143,0.7034,0.6923,0.6812,0.6698,0.6585,0.6475,0.6365,0.6255,0.6144,0.6034,0.5924,0.5815,0.5707,0.5605,0.5504,0.5407,0.531,0.5216,0.5125,0.5038,0.4953,0.4875,0.4801,0.4733,0.4669,0.461,0.4555,0.4505,0.446,0.4421,0.439,0.4364,0.4345,0.4331,0.4324,0.4323,0.4329,0.434,0.4358,0.4382,0.4413,0.445,0.4494,0.4544,0.46,0.4662,0.4727,0.4797,0.4872,0.4953,0.504,0.5132,0.5227,0.5327,0.5427,0.553,0.5635,0.5746,0.5859,0.5975,0.6092,0.6212,0.6328,0.6443,0.6559,0.6676,0.6794,0.6912,0.7029,0.7146,0.7258,0.7366,0.7473,0.758,0.7686,0.779,0.7891,0.7991,0.8086,0.8176,0.8264,0.835,0.8436,0.8517,0.8596,0.8672,0.8744,0.8812,0.8879,0.8943,0.9007,0.9067,0.9123,0.9176,0.9226,0.9273,0.9319,0.9363,0.9407,0.9448,0.9486,0.9521,0.9554,0.9584,0.9614,0.9643,0.9671,0.9698,0.9722,0.9743,0.9763,0.9782,0.98,0.9817,0.9835,0.9851,0.9864,0.9875,0.9886,0.9896,0.9905,0.9915,0.9925,0.9933,0.9939,0.9945,0.995,0.9955,0.996,0.9966,0.9971,0.9975,0.9978,0.998,0.9982,0.9984,0.9986,0.9988,0.9991,0.9993,0.9993,0.9994,0.9995,0.9996,0.9997,0.9999,1.0,1.0,0.9999,0.9998,0.9998,0.9998,0.9998,0.9998,0.9998,0.9998,0.9997,0.9996,0.9996,0.9996,0.9996,0.9996,0.9995,0.9995,0.9994,0.9993,0.9994,0.9995,0.9996,0.9995,0.9994,0.9993,0.9992,0.9992,0.9992,0.9993,0.9995,0.9994,0.9994,0.9993,0.9992,0.9991,0.9992,0.9993
103.020405658062,7.053180989812438,-63.1802793057563,-54.91153013358844,98.71869833798105,56.44299067929056,r.HARPN.2018-11-29T10-09-06.837_S1D_A.fits,S1D_spectra/sun_harpsN/2018-11-29/r.HARPN.2018-11-29T10-09-06.837_S1D_A.fits,Sun,2018-11-29T10:09:06.837,58451.4229861111,0.540316035700857,31.999999993774,211524,0.9947,0.9948,0.995,0.995,0.995,0.9949,0.9948,0.9946,0.9946,0.9946,0.9947,0.9948,0.9948,0.9947,0.9946,0.9945,0.9945,0.9945,0.9947,0.9948,0.9949,0.995,0.995,0.995,0.995,0.995,0.9951,0.9951,0.9952,0.9952,0.9952,0.9951,0.995,0.9949,0.9949,0.9949,0.9949,0.9949,0.9949,0.9949,0.9947,0.9946,0.9944,0.9943,0.9942,0.9941,0.994,0.9938,0.9936,0.9933,0.993,0.9928,0.9924,0.9921,0.9918,0.9915,0.991,0.9905,0.99,0.9894,0.9887,0.988,0.9873,0.9864,0.9855,0.9845,0.9835,0.9823,0.9811,0.9798,0.9784,0.977,0.9754,0.9737,0.9719,0.9699,0.9678,0.9656,0.9633,0.9608,0.9582,0.9555,0.9524,0.9493,0.9458,0.9422,0.9384,0.9345,0.9303,0.926,0.9214,0.9165,0.9114,0.906,0.9004,0.8947,0.8886,0.8823,0.8758,0.8691,0.8619,0.8544,0.8468,0.8389,0.8306,0.8222,0.8136,0.8048,0.7956,0.7861,0.7764,0.7665,0.7562,0.7459,0.7356,0.7251,0.7145,0.7036,0.6925,0.6813,0.67,0.6587,0.6477,0.6366,0.6257,0.6146,0.6036,0.5926,0.5818,0.571,0.5608,0.5508,0.5411,0.5315,0.5222,0.5131,0.5044,0.4959,0.4882,0.4808,0.474,0.4676,0.4616,0.4561,0.4511,0.4466,0.4428,0.4396,0.4371,0.4351,0.4338,0.4331,0.433,0.4335,0.4347,0.4365,0.4389,0.4419,0.4457,0.4501,0.4551,0.4607,0.4668,0.4733,0.4803,0.4878,0.496,0.5047,0.5139,0.5235,0.5334,0.5434,0.5536,0.5641,0.575,0.5863,0.5978,0.6094,0.6213,0.6329,0.6444,0.6559,0.6676,0.6794,0.6912,0.7029,0.7146,0.7258,0.7367,0.7474,0.7581,0.7687,0.7791,0.7891,0.7991,0.8085,0.8175,0.8263,0.8349,0.8434,0.8516,0.8594,0.8669,0.8741,0.8809,0.8875,0.894,0.9003,0.9064,0.9121,0.9174,0.9225,0.9271,0.9317,0.9362,0.9406,0.9447,0.9484,0.9518,0.9551,0.9581,0.961,0.9639,0.9668,0.9694,0.9717,0.9739,0.9758,0.9777,0.9795,0.9813,0.983,0.9846,0.9859,0.9871,0.9882,0.9892,0.9903,0.9913,0.9923,0.9932,0.9939,0.9946,0.9951,0.9956,0.9962,0.9968,0.9973,0.9977,0.9981,0.9983,0.9985,0.9987,0.9989,0.9991,0.9993,0.9994,0.9995,0.9995,0.9995,0.9996,0.9997,0.9999,0.9999,1.0,0.9999,0.9998,0.9998,0.9998,0.9997,0.9997,0.9997,0.9996,0.9996,0.9995,0.9994,0.9995,0.9995,0.9994,0.9994,0.9993,0.9992,0.9991,0.9991,0.9993,0.9994,0.9994,0.9994,0.9993,0.9993,0.9993,0.9993,0.9994,0.9995,0.9995,0.9994,0.9993,0.9992,0.9992,0.9992,0.9993
99.66999050564272,7.048105855341285,-63.53140391508677,-55.265944447695375,84.45981934824519,56.5107723725713,r.HARPN.2018-11-30T10-48-52.626_S1D_A.fits,S1D_spectra/sun_harpsN/2018-11-30/r.HARPN.2018-11-30T10-48-52.626_S1D_A.fits,Sun,2018-11-30T10:48:52.626,58452.4506018516,0.480602241236733,31.9999999948378,211524,0.9943,0.9944,0.9945,0.9946,0.9946,0.9945,0.9944,0.9943,0.9943,0.9944,0.9946,0.9947,0.9947,0.9947,0.9947,0.9946,0.9945,0.9946,0.9948,0.9949,0.9949,0.9949,0.995,0.9949,0.9948,0.9948,0.9949,0.9949,0.995,0.995,0.9951,0.9951,0.995,0.9949,0.9948,0.9949,0.9949,0.9949,0.9949,0.9948,0.9946,0.9944,0.9943,0.9942,0.9941,0.994,0.9939,0.9937,0.9935,0.9933,0.993,0.9927,0.9924,0.9921,0.9918,0.9914,0.991,0.9905,0.9899,0.9893,0.9887,0.988,0.9873,0.9866,0.9857,0.9847,0.9837,0.9825,0.9812,0.9799,0.9785,0.977,0.9754,0.9737,0.9718,0.9699,0.9677,0.9655,0.9632,0.9607,0.9581,0.9553,0.9523,0.9492,0.9457,0.9422,0.9385,0.9346,0.9304,0.9261,0.9215,0.9167,0.9115,0.9061,0.9005,0.8948,0.8886,0.8823,0.8758,0.869,0.8618,0.8543,0.8466,0.8386,0.8302,0.8218,0.8132,0.8043,0.7951,0.7856,0.7759,0.766,0.7557,0.7454,0.7351,0.7246,0.714,0.703,0.6919,0.6807,0.6694,0.658,0.647,0.636,0.625,0.6139,0.6028,0.5918,0.581,0.5703,0.5601,0.55,0.5404,0.5308,0.5214,0.5123,0.5036,0.4951,0.4873,0.48,0.4732,0.4669,0.4609,0.4554,0.4505,0.446,0.4422,0.439,0.4365,0.4345,0.4332,0.4325,0.4324,0.433,0.4341,0.4359,0.4383,0.4414,0.4452,0.4496,0.4546,0.4602,0.4664,0.4729,0.48,0.4875,0.4957,0.5045,0.5137,0.5233,0.5333,0.5432,0.5535,0.564,0.5749,0.5862,0.5978,0.6095,0.6214,0.633,0.6445,0.656,0.6678,0.6796,0.6914,0.703,0.7147,0.7259,0.7368,0.7476,0.7582,0.7689,0.7793,0.7894,0.7993,0.8088,0.8178,0.8267,0.8353,0.8438,0.852,0.8599,0.8675,0.8747,0.8814,0.888,0.8944,0.9007,0.9066,0.9123,0.9175,0.9226,0.9273,0.9319,0.9364,0.9408,0.9449,0.9487,0.9522,0.9555,0.9586,0.9616,0.9645,0.9673,0.9699,0.9722,0.9743,0.9763,0.9781,0.9798,0.9816,0.9833,0.9848,0.9862,0.9874,0.9884,0.9894,0.9904,0.9914,0.9923,0.9932,0.9939,0.9945,0.995,0.9955,0.996,0.9966,0.9971,0.9975,0.9978,0.998,0.9982,0.9985,0.9987,0.999,0.9992,0.9994,0.9994,0.9995,0.9996,0.9997,0.9998,0.9999,1.0,1.0,0.9999,0.9998,0.9998,0.9998,0.9998,0.9998,0.9998,0.9997,0.9996,0.9994,0.9994,0.9995,0.9995,0.9994,0.9994,0.9993,0.9993,0.9992,0.9992,0.9993,0.9993,0.9993,0.9993,0.9992,0.9992,0.9992,0.9992,0.9993,0.9994,0.9994,0.9993,0.9992,0.9992,0.9991,0.9991,0.9992
101.00946578093617,7.047640213235129,-63.829990036068,-55.70805063864874,92.9284877898397,56.51141487768244,r.HARPN.2018-12-01T10-44-45.169_S1D_A.fits,S1D_spectra/sun_harpsN/2018-12-01/r.HARPN.2018-12-01T10-44-45.169_S1D_A.fits,Sun,2018-12-01T10:44:45.169,58453.4477430554,0.479690339969647,31.9999999944456,211524,0.9946,0.9947,0.9948,0.9949,0.9949,0.9948,0.9947,0.9946,0.9946,0.9947,0.9949,0.9951,0.9951,0.9951,0.9951,0.9951,0.995,0.9951,0.9953,0.9954,0.9955,0.9955,0.9955,0.9955,0.9954,0.9953,0.9954,0.9954,0.9954,0.9954,0.9954,0.9954,0.9952,0.9951,0.9951,0.995,0.995,0.995,0.995,0.995,0.9948,0.9947,0.9946,0.9945,0.9944,0.9943,0.9942,0.994,0.9938,0.9935,0.9932,0.9929,0.9926,0.9923,0.9921,0.9918,0.9913,0.9909,0.9903,0.9897,0.989,0.9883,0.9876,0.9868,0.9859,0.9849,0.9839,0.9828,0.9815,0.9803,0.9789,0.9774,0.9758,0.9741,0.9723,0.9703,0.9682,0.966,0.9636,0.9611,0.9584,0.9556,0.9526,0.9494,0.9459,0.9424,0.9386,0.9348,0.9306,0.9263,0.9217,0.917,0.9118,0.9065,0.9009,0.8951,0.8889,0.8827,0.8761,0.8694,0.8622,0.8547,0.847,0.8391,0.8307,0.8223,0.8137,0.8048,0.7956,0.786,0.7763,0.7663,0.756,0.7456,0.7354,0.7249,0.7142,0.7033,0.6922,0.6811,0.6697,0.6584,0.6474,0.6364,0.6255,0.6144,0.6033,0.5923,0.5815,0.5707,0.5604,0.5503,0.5406,0.531,0.5216,0.5125,0.5038,0.4953,0.4875,0.4802,0.4734,0.467,0.461,0.4555,0.4506,0.4461,0.4423,0.4392,0.4366,0.4347,0.4334,0.4326,0.4325,0.4331,0.4342,0.436,0.4385,0.4415,0.4453,0.4497,0.4546,0.4603,0.4664,0.4729,0.48,0.4875,0.4956,0.5044,0.5136,0.5232,0.5332,0.5432,0.5535,0.564,0.575,0.5863,0.5979,0.6095,0.6215,0.633,0.6446,0.6561,0.6679,0.6797,0.6915,0.7032,0.7148,0.726,0.7369,0.7476,0.7582,0.7688,0.7793,0.7894,0.7994,0.8089,0.8179,0.8268,0.8355,0.844,0.8523,0.8602,0.8678,0.8751,0.8818,0.8884,0.8948,0.9011,0.9071,0.9128,0.918,0.9231,0.9277,0.9323,0.9367,0.941,0.945,0.9488,0.9522,0.9554,0.9585,0.9614,0.9643,0.9672,0.9698,0.9721,0.9742,0.9762,0.978,0.9798,0.9816,0.9833,0.9849,0.9863,0.9875,0.9886,0.9896,0.9906,0.9917,0.9927,0.9936,0.9942,0.9948,0.9953,0.9958,0.9963,0.9968,0.9973,0.9977,0.998,0.9982,0.9985,0.9987,0.9989,0.9992,0.9994,0.9996,0.9996,0.9996,0.9996,0.9997,0.9997,0.9998,0.9999,0.9999,0.9999,0.9998,0.9998,0.9999,1.0,1.0,1.0,1.0,0.9999,0.9998,0.9998,0.9998,0.9999,0.9998,0.9998,0.9997,0.9996,0.9996,0.9996,0.9997,0.9998,0.9998,0.9998,0.9997,0.9996,0.9996,0.9996,0.9997,0.9998,0.9997,0.9997,0.9996,0.9995,0.9995,0.9995,0.9996
101.29858559877209,7.053118891806546,-64.41994141471157,-56.16172973814705,98.04787075508202,56.43624039306941,r.HARPN.2018-12-02T10-09-42.926_S1D_A.fits,S1D_spectra/sun_harpsN/2018-12-02/r.HARPN.2018-12-02T10-09-42.926_S1D_A.fits,Sun,2018-12-02T10:09:42.926,58454.4234027779,0.519183596068074,31.9999999929825,211524,0.9948,0.9949,0.9951,0.9952,0.9951,0.995,0.9949,0.9947,0.9946,0.9947,0.9948,0.9949,0.9949,0.9949,0.9948,0.9947,0.9946,0.9947,0.9949,0.995,0.9951,0.9951,0.9951,0.9951,0.995,0.9949,0.995,0.9951,0.9952,0.9952,0.9953,0.9953,0.9952,0.9951,0.995,0.995,0.9949,0.9949,0.9948,0.9947,0.9946,0.9944,0.9943,0.9942,0.9942,0.9941,0.994,0.9939,0.9936,0.9934,0.993,0.9927,0.9923,0.992,0.9916,0.9912,0.9908,0.9903,0.9898,0.9892,0.9886,0.9879,0.9871,0.9864,0.9854,0.9845,0.9835,0.9823,0.9811,0.9798,0.9784,0.977,0.9754,0.9737,0.9718,0.9699,0.9678,0.9656,0.9633,0.9608,0.9582,0.9554,0.9524,0.9492,0.9458,0.9422,0.9385,0.9346,0.9304,0.9261,0.9215,0.9167,0.9115,0.9061,0.9005,0.8947,0.8886,0.8824,0.8759,0.8691,0.8619,0.8545,0.8467,0.8388,0.8305,0.822,0.8134,0.8045,0.7953,0.7858,0.776,0.7661,0.7558,0.7455,0.7352,0.7248,0.7142,0.7033,0.6922,0.6811,0.6699,0.6586,0.6477,0.6366,0.6257,0.6147,0.6036,0.5926,0.5818,0.571,0.5608,0.5507,0.5411,0.5315,0.5221,0.513,0.5043,0.4959,0.4881,0.4808,0.474,0.4675,0.4615,0.456,0.4511,0.4466,0.4428,0.4397,0.4372,0.4353,0.434,0.4333,0.4332,0.4338,0.4349,0.4367,0.4391,0.4421,0.4459,0.4502,0.4552,0.4608,0.4669,0.4734,0.4805,0.4879,0.4961,0.5048,0.514,0.5236,0.5335,0.5435,0.5538,0.5643,0.5752,0.5865,0.598,0.6096,0.6215,0.633,0.6445,0.656,0.6677,0.6796,0.6914,0.7031,0.7148,0.726,0.7369,0.7476,0.7583,0.7689,0.7793,0.7893,0.7993,0.8088,0.8178,0.8266,0.8353,0.8438,0.852,0.8598,0.8674,0.8746,0.8813,0.8879,0.8943,0.9006,0.9066,0.9123,0.9175,0.9225,0.9272,0.9317,0.9362,0.9406,0.9446,0.9484,0.9519,0.9551,0.9582,0.9611,0.964,0.9669,0.9695,0.9718,0.9739,0.9758,0.9777,0.9795,0.9813,0.9831,0.9846,0.986,0.9872,0.9883,0.9893,0.9903,0.9913,0.9923,0.9932,0.9939,0.9945,0.995,0.9955,0.996,0.9965,0.997,0.9975,0.9978,0.998,0.9982,0.9984,0.9986,0.9989,0.9991,0.9993,0.9994,0.9995,0.9995,0.9996,0.9997,0.9999,1.0,1.0,1.0,0.9999,0.9999,0.9999,0.9999,0.9999,0.9998,0.9998,0.9997,0.9995,0.9995,0.9996,0.9996,0.9996,0.9996,0.9995,0.9995,0.9994,0.9994,0.9996,0.9997,0.9997,0.9996,0.9995,0.9995,0.9994,0.9993,0.9994,0.9994,0.9994,0.9994,0.9993,0.9992,0.9992,0.9992,0.9993
101.96457758464769,7.0557748088485,-64.36867967317698,-56.076689392626704,104.99822123230732,56.41317149470302,r.HARPN.2018-12-03T10-02-47.545_S1D_A.fits,S1D_spectra/sun_harpsN/2018-12-03/r.HARPN.2018-12-03T10-02-47.545_S1D_A.fits,Sun,2018-12-03T10:02:47.545,58455.4185995366,0.521558029936703,31.9999999926223,211524,0.9948,0.995,0.9951,0.9952,0.9951,0.995,0.9949,0.9948,0.9947,0.9948,0.9949,0.995,0.995,0.9949,0.9949,0.9948,0.9947,0.9948,0.9949,0.9951,0.9952,0.9952,0.9953,0.9952,0.9952,0.9951,0.9952,0.9952,0.9953,0.9953,0.9954,0.9953,0.9952,0.9952,0.9951,0.9951,0.9951,0.9951,0.995,0.9949,0.9948,0.9946,0.9945,0.9945,0.9944,0.9943,0.9942,0.9941,0.9938,0.9935,0.9932,0.9929,0.9926,0.9922,0.9919,0.9916,0.9911,0.9906,0.9901,0.9895,0.9888,0.9882,0.9874,0.9866,0.9857,0.9847,0.9836,0.9824,0.9811,0.9798,0.9784,0.9769,0.9753,0.9737,0.9719,0.97,0.9678,0.9656,0.9633,0.9609,0.9582,0.9555,0.9525,0.9494,0.9459,0.9424,0.9386,0.9347,0.9304,0.926,0.9214,0.9165,0.9114,0.906,0.9004,0.8946,0.8884,0.8822,0.8756,0.8688,0.8616,0.8542,0.8465,0.8386,0.8303,0.8219,0.8134,0.8046,0.7954,0.786,0.7762,0.7664,0.7561,0.7458,0.7355,0.7251,0.7144,0.7035,0.6925,0.6814,0.6701,0.6588,0.6479,0.6368,0.6259,0.6148,0.6038,0.5928,0.582,0.5712,0.561,0.551,0.5413,0.5317,0.5224,0.5133,0.5046,0.4962,0.4884,0.4811,0.4743,0.4679,0.4619,0.4564,0.4514,0.4469,0.4431,0.4399,0.4373,0.4354,0.4341,0.4333,0.4333,0.4338,0.435,0.4368,0.4392,0.4423,0.446,0.4504,0.4554,0.461,0.4671,0.4735,0.4806,0.488,0.4962,0.5049,0.5141,0.5236,0.5336,0.5435,0.5538,0.5643,0.5753,0.5866,0.5982,0.6098,0.6217,0.6333,0.6448,0.6563,0.6679,0.6797,0.6915,0.7031,0.7148,0.726,0.7368,0.7475,0.7581,0.7687,0.7791,0.7891,0.7991,0.8086,0.8176,0.8265,0.8351,0.8436,0.8519,0.8597,0.8673,0.8746,0.8813,0.888,0.8944,0.9008,0.9067,0.9124,0.9176,0.9226,0.9272,0.9318,0.9362,0.9405,0.9446,0.9484,0.9518,0.955,0.9581,0.961,0.9639,0.9667,0.9693,0.9716,0.9737,0.9756,0.9774,0.9792,0.981,0.9827,0.9843,0.9858,0.987,0.9881,0.9891,0.9902,0.9912,0.9922,0.9931,0.9937,0.9944,0.9949,0.9954,0.996,0.9966,0.9971,0.9976,0.9979,0.9982,0.9984,0.9986,0.9988,0.999,0.9992,0.9993,0.9994,0.9994,0.9994,0.9995,0.9995,0.9996,0.9997,0.9997,0.9997,0.9996,0.9997,0.9998,0.9999,0.9999,1.0,1.0,0.9999,0.9998,0.9998,0.9999,0.9999,0.9998,0.9998,0.9997,0.9996,0.9995,0.9995,0.9996,0.9996,0.9996,0.9996,0.9995,0.9994,0.9994,0.9994,0.9995,0.9996,0.9996,0.9995,0.9994,0.9994,0.9993,0.9993,0.9994
101.75598367101927,7.0461977440813754,-64.15962852199532,-55.89482173291849,77.2186794968884,56.56095585806431,r.HARPN.2018-12-05T12-59-55.623_S1D_A.fits,S1D_spectra/sun_harpsN/2018-12-05/r.HARPN.2018-12-05T12-59-55.623_S1D_A.fits,Sun,2018-12-05T12:59:55.623,58457.541608796,0.246839853011682,31.9999999970714,211524,0.9945,0.9947,0.9948,0.9949,0.9949,0.9948,0.9947,0.9946,0.9946,0.9947,0.9949,0.9949,0.9949,0.9949,0.9948,0.9947,0.9946,0.9947,0.9949,0.995,0.9951,0.9952,0.9952,0.9952,0.9951,0.9951,0.9952,0.9952,0.9953,0.9953,0.9953,0.9952,0.9951,0.995,0.995,0.9951,0.9951,0.9951,0.9951,0.9951,0.9949,0.9948,0.9946,0.9946,0.9945,0.9944,0.9943,0.9942,0.9939,0.9937,0.9934,0.9931,0.9928,0.9925,0.9922,0.9918,0.9914,0.9909,0.9904,0.9898,0.9891,0.9884,0.9877,0.9869,0.986,0.985,0.984,0.9828,0.9816,0.9803,0.979,0.9775,0.9759,0.9743,0.9724,0.9705,0.9684,0.9662,0.9639,0.9614,0.9587,0.956,0.9529,0.9498,0.9463,0.9428,0.939,0.9351,0.9308,0.9266,0.9219,0.9171,0.9119,0.9065,0.9009,0.8951,0.8889,0.8827,0.8761,0.8693,0.8621,0.8546,0.8469,0.839,0.8306,0.8222,0.8135,0.8047,0.7954,0.7859,0.7761,0.7662,0.7558,0.7454,0.7351,0.7246,0.714,0.7031,0.692,0.6808,0.6695,0.6582,0.6472,0.6361,0.6252,0.6141,0.6031,0.592,0.5812,0.5703,0.5601,0.55,0.5403,0.5307,0.5213,0.5122,0.5034,0.495,0.4872,0.4799,0.4731,0.4666,0.4607,0.4552,0.4503,0.4458,0.442,0.4389,0.4363,0.4344,0.4331,0.4323,0.4322,0.4328,0.4339,0.4357,0.4381,0.4411,0.4448,0.4492,0.4541,0.4597,0.4659,0.4723,0.4794,0.4869,0.4951,0.5038,0.5131,0.5227,0.5327,0.5427,0.553,0.5635,0.5745,0.5859,0.5975,0.6091,0.6211,0.6326,0.6441,0.6556,0.6673,0.6792,0.691,0.7027,0.7144,0.7256,0.7366,0.7473,0.7581,0.7687,0.7792,0.7893,0.7993,0.8089,0.8179,0.8268,0.8354,0.8439,0.8521,0.86,0.8675,0.8748,0.8816,0.8882,0.8947,0.901,0.907,0.9127,0.918,0.923,0.9277,0.9323,0.9367,0.9411,0.9452,0.949,0.9524,0.9557,0.9587,0.9616,0.9645,0.9674,0.97,0.9724,0.9745,0.9765,0.9783,0.9801,0.9819,0.9837,0.9852,0.9866,0.9878,0.9889,0.9899,0.9909,0.9919,0.9929,0.9937,0.9943,0.9948,0.9953,0.9958,0.9962,0.9968,0.9973,0.9977,0.998,0.9982,0.9984,0.9986,0.9989,0.9992,0.9994,0.9996,0.9997,0.9998,0.9998,0.9999,0.9999,1.0,1.0,1.0,0.9999,0.9998,0.9998,0.9999,0.9999,0.9999,0.9999,0.9999,0.9998,0.9998,0.9998,0.9999,0.9999,0.9999,0.9998,0.9997,0.9997,0.9995,0.9995,0.9995,0.9996,0.9995,0.9994,0.9993,0.9992,0.9991,0.9991,0.9992,0.9994,0.9994,0.9994,0.9993,0.9992,0.9992,0.9992,0.9993
98.60634729716985,7.056517705778455,-64.1013986391214,-55.62433640742151,108.69978217803093,56.367412157753996,r.HARPN.2018-12-08T10-03-28.715_S1D_A.fits,S1D_spectra/sun_harpsN/2018-12-08/r.HARPN.2018-12-08T10-03-28.715_S1D_A.fits,Sun,2018-12-08T10:03:28.715,58460.4190740739,0.493234035119224,31.9999999937669,211524,0.995,0.9952,0.9953,0.9954,0.9953,0.9952,0.995,0.9949,0.9948,0.9949,0.995,0.9951,0.9952,0.9952,0.9952,0.9951,0.9951,0.9951,0.9952,0.9953,0.9954,0.9954,0.9955,0.9954,0.9953,0.9953,0.9954,0.9954,0.9955,0.9956,0.9957,0.9956,0.9955,0.9954,0.9954,0.9954,0.9954,0.9954,0.9954,0.9954,0.9952,0.995,0.9949,0.9947,0.9946,0.9945,0.9943,0.9941,0.9938,0.9935,0.9932,0.9929,0.9926,0.9922,0.9919,0.9915,0.9911,0.9906,0.99,0.9893,0.9887,0.9879,0.9872,0.9864,0.9855,0.9846,0.9835,0.9823,0.9811,0.9797,0.9784,0.9769,0.9753,0.9737,0.9719,0.97,0.9679,0.9657,0.9634,0.9609,0.9581,0.9553,0.9522,0.949,0.9455,0.9419,0.9381,0.9343,0.9301,0.9258,0.9212,0.9164,0.9113,0.9059,0.9003,0.8945,0.8883,0.8821,0.8756,0.8688,0.8616,0.8542,0.8465,0.8386,0.8303,0.8219,0.8133,0.8045,0.7953,0.7858,0.7761,0.7662,0.756,0.7457,0.7355,0.7251,0.7145,0.7036,0.6926,0.6815,0.6702,0.6589,0.6479,0.6369,0.6259,0.6148,0.6038,0.5927,0.5819,0.5712,0.561,0.551,0.5413,0.5317,0.5223,0.5132,0.5046,0.4961,0.4883,0.481,0.4743,0.4679,0.4619,0.4565,0.4516,0.4472,0.4434,0.4403,0.4378,0.4359,0.4346,0.4339,0.4338,0.4343,0.4355,0.4373,0.4398,0.4428,0.4466,0.451,0.456,0.4616,0.4677,0.4742,0.4812,0.4887,0.4969,0.5056,0.5148,0.5244,0.5344,0.5444,0.5547,0.5651,0.5761,0.5874,0.5989,0.6104,0.6223,0.6339,0.6454,0.6569,0.6686,0.6804,0.6922,0.7038,0.7155,0.7267,0.7375,0.7483,0.7589,0.7695,0.7799,0.7899,0.7998,0.8093,0.8182,0.827,0.8355,0.844,0.8522,0.86,0.8675,0.8747,0.8814,0.888,0.8944,0.9007,0.9067,0.9123,0.9176,0.9226,0.9273,0.9319,0.9363,0.9407,0.9447,0.9484,0.9518,0.955,0.958,0.961,0.9639,0.9668,0.9694,0.9717,0.9738,0.9758,0.9776,0.9794,0.9812,0.983,0.9846,0.9859,0.9871,0.9882,0.9892,0.9902,0.9912,0.9921,0.993,0.9937,0.9943,0.9948,0.9953,0.9958,0.9964,0.9969,0.9973,0.9975,0.9978,0.998,0.9982,0.9985,0.9988,0.9991,0.9993,0.9994,0.9994,0.9995,0.9996,0.9997,0.9998,0.9999,1.0,0.9999,0.9999,0.9999,1.0,1.0,1.0,1.0,0.9999,0.9998,0.9997,0.9996,0.9996,0.9997,0.9996,0.9996,0.9996,0.9995,0.9995,0.9995,0.9996,0.9998,0.9997,0.9997,0.9996,0.9995,0.9994,0.9994,0.9995,0.9996,0.9996,0.9995,0.9995,0.9994,0.9994,0.9995,0.9997
97.85322381250559,7.052903375734959,-65.21925374783723,-56.77209131090534,91.51546334094213,56.46475038164213,r.HARPN.2018-12-09T11-33-37.533_S1D_A.fits,S1D_spectra/sun_harpsN/2018-12-09/r.HARPN.2018-12-09T11-33-37.533_S1D_A.fits,Sun,2018-12-09T11:33:37.533,58461.4816782409,0.364461230778269,31.9999999966081,211524,0.9946,0.9947,0.9948,0.9948,0.9948,0.9948,0.9947,0.9946,0.9946,0.9947,0.9949,0.995,0.995,0.995,0.9949,0.9948,0.9948,0.9948,0.9949,0.995,0.9951,0.995,0.995,0.9949,0.9948,0.9947,0.9948,0.9948,0.9949,0.9949,0.9949,0.9949,0.9948,0.9947,0.9947,0.9947,0.9948,0.9948,0.9948,0.9948,0.9947,0.9946,0.9944,0.9943,0.9942,0.9941,0.9939,0.9938,0.9935,0.9932,0.9929,0.9926,0.9923,0.992,0.9916,0.9913,0.9908,0.9903,0.9898,0.9891,0.9885,0.9879,0.9872,0.9865,0.9856,0.9847,0.9836,0.9825,0.9812,0.9799,0.9785,0.977,0.9753,0.9736,0.9717,0.9697,0.9676,0.9653,0.963,0.9605,0.9577,0.955,0.9519,0.9487,0.9453,0.9417,0.9379,0.934,0.9299,0.9256,0.921,0.9162,0.911,0.9056,0.9,0.8943,0.8881,0.8819,0.8754,0.8686,0.8614,0.8539,0.8462,0.8383,0.83,0.8215,0.8129,0.8041,0.7948,0.7853,0.7756,0.7657,0.7554,0.7451,0.7348,0.7243,0.7137,0.7028,0.6918,0.6806,0.6694,0.6581,0.6471,0.6361,0.6252,0.6141,0.603,0.592,0.5811,0.5703,0.5601,0.55,0.5403,0.5308,0.5214,0.5123,0.5037,0.4952,0.4874,0.4802,0.4734,0.467,0.4611,0.4556,0.4507,0.4463,0.4425,0.4394,0.4369,0.435,0.4337,0.433,0.4329,0.4334,0.4346,0.4364,0.4388,0.4419,0.4456,0.45,0.455,0.4607,0.4668,0.4733,0.4803,0.4878,0.496,0.5047,0.5139,0.5235,0.5335,0.5435,0.5538,0.5642,0.5752,0.5865,0.5981,0.6097,0.6216,0.6332,0.6448,0.6563,0.668,0.6799,0.6916,0.7033,0.715,0.7262,0.737,0.7478,0.7585,0.7691,0.7794,0.7895,0.7994,0.8089,0.8179,0.8267,0.8353,0.8438,0.852,0.8599,0.8675,0.8748,0.8815,0.8882,0.8946,0.9009,0.9068,0.9125,0.9177,0.9227,0.9274,0.932,0.9365,0.9408,0.9449,0.9487,0.9521,0.9553,0.9582,0.9611,0.9639,0.9667,0.9693,0.9716,0.9736,0.9755,0.9773,0.9792,0.981,0.9827,0.9843,0.9857,0.9869,0.988,0.9891,0.9901,0.9912,0.9922,0.9931,0.9938,0.9944,0.9949,0.9954,0.9959,0.9964,0.9968,0.9973,0.9975,0.9978,0.998,0.9982,0.9985,0.9987,0.999,0.9992,0.9992,0.9993,0.9994,0.9995,0.9996,0.9998,0.9999,1.0,1.0,0.9999,0.9999,0.9999,0.9999,0.9998,0.9997,0.9996,0.9995,0.9993,0.9993,0.9994,0.9994,0.9994,0.9994,0.9994,0.9993,0.9993,0.9993,0.9994,0.9995,0.9994,0.9994,0.9993,0.9992,0.9992,0.9992,0.9993,0.9994,0.9994,0.9993,0.9992,0.9991,0.999,0.9991,0.9992
99.38951148556045,7.0585896301928805,-64.66172941234,-56.222738091417924,107.09422057589505,56.37813098519234,r.HARPN.2018-12-11T10-00-36.437_S1D_A.fits,S1D_spectra/sun_harpsN/2018-12-11/r.HARPN.2018-12-11T10-00-36.437_S1D_A.fits,Sun,2018-12-11T10:00:36.437,58463.4170833332,0.478587425313525,31.9999999949545,211524,0.9948,0.9949,0.995,0.9951,0.9951,0.995,0.9949,0.9948,0.9948,0.9949,0.9951,0.9953,0.9953,0.9953,0.9953,0.9952,0.9951,0.9951,0.9952,0.9953,0.9953,0.9953,0.9953,0.9952,0.9951,0.995,0.995,0.995,0.9951,0.9951,0.9952,0.9951,0.995,0.995,0.9949,0.995,0.995,0.9949,0.9949,0.9948,0.9947,0.9945,0.9944,0.9943,0.9942,0.9941,0.994,0.9939,0.9936,0.9933,0.993,0.9927,0.9924,0.9921,0.9918,0.9914,0.9909,0.9904,0.9899,0.9892,0.9885,0.9878,0.9871,0.9863,0.9854,0.9845,0.9834,0.9822,0.9809,0.9796,0.9782,0.9767,0.9751,0.9734,0.9715,0.9696,0.9675,0.9654,0.9631,0.9607,0.958,0.9553,0.9523,0.9491,0.9456,0.942,0.9382,0.9342,0.93,0.9256,0.921,0.9162,0.911,0.9056,0.9,0.8943,0.8881,0.8819,0.8754,0.8687,0.8615,0.8541,0.8464,0.8385,0.8302,0.8218,0.8132,0.8044,0.7952,0.7858,0.776,0.7662,0.7559,0.7456,0.7353,0.7249,0.7142,0.7033,0.6923,0.6812,0.6699,0.6587,0.6477,0.6367,0.6258,0.6147,0.6037,0.5927,0.5819,0.5711,0.561,0.5509,0.5413,0.5317,0.5223,0.5133,0.5046,0.4961,0.4883,0.481,0.4743,0.4678,0.4619,0.4564,0.4515,0.4471,0.4433,0.4402,0.4377,0.4357,0.4344,0.4337,0.4336,0.4341,0.4353,0.4371,0.4396,0.4426,0.4464,0.4508,0.4558,0.4614,0.4675,0.474,0.481,0.4885,0.4966,0.5054,0.5145,0.5241,0.5341,0.5441,0.5544,0.5649,0.5758,0.5871,0.5986,0.6102,0.622,0.6336,0.6451,0.6565,0.6682,0.6801,0.6918,0.7035,0.7152,0.7263,0.7372,0.7479,0.7586,0.7692,0.7795,0.7896,0.7995,0.8089,0.8179,0.8267,0.8353,0.8438,0.852,0.8598,0.8674,0.8746,0.8813,0.8879,0.8943,0.9006,0.9065,0.9121,0.9173,0.9224,0.927,0.9316,0.936,0.9404,0.9445,0.9483,0.9518,0.955,0.9581,0.961,0.9639,0.9668,0.9694,0.9718,0.9739,0.9758,0.9777,0.9794,0.9812,0.9829,0.9844,0.9857,0.9869,0.988,0.989,0.99,0.9911,0.9921,0.993,0.9937,0.9943,0.9949,0.9954,0.9959,0.9965,0.997,0.9974,0.9977,0.9979,0.9981,0.9984,0.9986,0.9989,0.9992,0.9994,0.9995,0.9995,0.9996,0.9997,0.9997,0.9998,0.9999,0.9999,0.9999,0.9998,0.9998,0.9999,0.9999,1.0,1.0,1.0,0.9999,0.9998,0.9998,0.9999,0.9999,0.9999,0.9998,0.9997,0.9997,0.9996,0.9996,0.9997,0.9998,0.9997,0.9997,0.9996,0.9996,0.9995,0.9996,0.9997,0.9998,0.9998,0.9998,0.9997,0.9997,0.9997,0.9997,0.9998
99.92482440448997,7.046495637226081,-63.83358358515895,-55.27187698637888,81.36891060438396,56.545093311201896,r.HARPN.2018-12-12T13-00-13.732_S1D_A.fits,S1D_spectra/sun_harpsN/2018-12-12/r.HARPN.2018-12-12T13-00-13.732_S1D_A.fits,Sun,2018-12-12T13:00:13.732,58464.5418171296,0.208035866035913,31.9999999983305,211524,0.9946,0.9947,0.9948,0.9949,0.9948,0.9947,0.9945,0.9944,0.9943,0.9944,0.9946,0.9947,0.9947,0.9947,0.9947,0.9946,0.9946,0.9946,0.9948,0.9949,0.995,0.9951,0.9951,0.9951,0.995,0.9949,0.995,0.995,0.995,0.995,0.995,0.995,0.9949,0.9949,0.9949,0.9949,0.995,0.9951,0.9951,0.9951,0.9949,0.9948,0.9947,0.9946,0.9945,0.9944,0.9942,0.9941,0.9938,0.9936,0.9933,0.993,0.9927,0.9923,0.992,0.9916,0.9912,0.9907,0.9901,0.9895,0.9889,0.9883,0.9876,0.9868,0.986,0.985,0.9839,0.9828,0.9815,0.9803,0.9789,0.9774,0.9758,0.9741,0.9722,0.9703,0.9681,0.9659,0.9636,0.9611,0.9585,0.9558,0.9527,0.9496,0.9462,0.9426,0.9388,0.9349,0.9306,0.9264,0.9217,0.9169,0.9117,0.9063,0.9007,0.8949,0.8887,0.8824,0.8759,0.8691,0.8618,0.8543,0.8465,0.8386,0.8302,0.8217,0.8131,0.8042,0.795,0.7855,0.7758,0.7659,0.7556,0.7453,0.735,0.7246,0.7139,0.703,0.692,0.6808,0.6695,0.6582,0.6472,0.6362,0.6252,0.6141,0.603,0.5919,0.5811,0.5702,0.56,0.5499,0.5402,0.5306,0.5212,0.5121,0.5034,0.4949,0.4871,0.4798,0.473,0.4666,0.4606,0.4551,0.4501,0.4456,0.4419,0.4387,0.4362,0.4343,0.4329,0.4322,0.4321,0.4327,0.4338,0.4356,0.4381,0.4412,0.4449,0.4494,0.4544,0.46,0.4662,0.4727,0.4798,0.4873,0.4955,0.5042,0.5135,0.5231,0.5331,0.5431,0.5535,0.5639,0.5749,0.5862,0.5978,0.6094,0.6213,0.6329,0.6444,0.6559,0.6676,0.6794,0.6912,0.7029,0.7146,0.7258,0.7367,0.7474,0.7581,0.7688,0.7792,0.7893,0.7993,0.8088,0.8179,0.8268,0.8355,0.844,0.8522,0.8601,0.8676,0.8749,0.8816,0.8882,0.8946,0.901,0.9069,0.9126,0.9179,0.9229,0.9276,0.9321,0.9366,0.941,0.9451,0.9489,0.9523,0.9556,0.9587,0.9616,0.9645,0.9673,0.9699,0.9722,0.9742,0.9762,0.978,0.9799,0.9817,0.9835,0.985,0.9864,0.9876,0.9886,0.9896,0.9906,0.9916,0.9926,0.9935,0.9941,0.9947,0.9952,0.9957,0.9962,0.9967,0.9972,0.9976,0.9979,0.9982,0.9984,0.9987,0.9989,0.9992,0.9994,0.9996,0.9997,0.9997,0.9998,0.9999,0.9999,1.0,1.0,1.0,0.9999,0.9998,0.9998,0.9998,0.9998,0.9999,0.9999,0.9998,0.9998,0.9997,0.9997,0.9998,0.9998,0.9997,0.9997,0.9996,0.9995,0.9994,0.9994,0.9994,0.9994,0.9993,0.9993,0.9992,0.9991,0.999,0.999,0.9991,0.9993,0.9992,0.9992,0.9991,0.999,0.9989,0.9989,0.999
96.29729611516014,7.057512513848486,-65.05652418124883,-56.084149207391896,105.6464900851965,56.383643031551124,r.HARPN.2018-12-13T10-02-11.380_S1D_A.fits,S1D_spectra/sun_harpsN/2018-12-13/r.HARPN.2018-12-13T10-02-11.380_S1D_A.fits,Sun,2018-12-13T10:02:11.380,58465.4181828699,0.463140722626737,31.9999999957883,211524,0.9949,0.995,0.9951,0.9952,0.9952,0.9951,0.9949,0.9948,0.9947,0.9948,0.9949,0.995,0.9951,0.995,0.995,0.995,0.9949,0.995,0.9952,0.9953,0.9954,0.9954,0.9954,0.9954,0.9953,0.9952,0.9952,0.9952,0.9953,0.9953,0.9954,0.9954,0.9953,0.9952,0.9952,0.9952,0.9953,0.9952,0.9952,0.9952,0.995,0.9948,0.9947,0.9945,0.9944,0.9943,0.9942,0.994,0.9937,0.9935,0.9932,0.9929,0.9926,0.9922,0.9919,0.9916,0.9911,0.9906,0.9901,0.9895,0.9888,0.9881,0.9874,0.9865,0.9856,0.9846,0.9836,0.9824,0.9811,0.9798,0.9785,0.977,0.9754,0.9737,0.9718,0.9698,0.9676,0.9654,0.963,0.9605,0.9579,0.9551,0.9521,0.9489,0.9454,0.9418,0.938,0.9341,0.9299,0.9256,0.921,0.9162,0.9111,0.9057,0.9001,0.8943,0.8881,0.8819,0.8753,0.8685,0.8613,0.8538,0.8461,0.8382,0.8299,0.8215,0.8129,0.8041,0.795,0.7855,0.7759,0.766,0.7558,0.7455,0.7352,0.7247,0.7141,0.7032,0.6921,0.681,0.6697,0.6584,0.6475,0.6364,0.6255,0.6145,0.6034,0.5924,0.5816,0.5709,0.5607,0.5507,0.541,0.5314,0.5221,0.513,0.5044,0.496,0.4882,0.481,0.4742,0.4678,0.4619,0.4564,0.4514,0.447,0.4432,0.44,0.4375,0.4356,0.4343,0.4336,0.4335,0.4341,0.4353,0.4371,0.4396,0.4427,0.4464,0.4509,0.4559,0.4615,0.4677,0.4742,0.4813,0.4888,0.497,0.5058,0.5149,0.5245,0.5345,0.5445,0.5548,0.5652,0.5761,0.5874,0.5989,0.6106,0.6225,0.634,0.6455,0.6571,0.6687,0.6806,0.6923,0.7039,0.7156,0.7267,0.7376,0.7482,0.7589,0.7695,0.7798,0.7899,0.7998,0.8093,0.8182,0.8271,0.8357,0.8442,0.8524,0.8603,0.8678,0.875,0.8817,0.8883,0.8947,0.901,0.9069,0.9125,0.9177,0.9228,0.9274,0.932,0.9364,0.9408,0.9448,0.9486,0.952,0.9552,0.9582,0.9612,0.964,0.9669,0.9695,0.9719,0.9739,0.9759,0.9778,0.9796,0.9814,0.9832,0.9848,0.9862,0.9874,0.9885,0.9895,0.9905,0.9915,0.9925,0.9933,0.994,0.9946,0.9951,0.9956,0.9961,0.9966,0.9971,0.9975,0.9978,0.9981,0.9983,0.9986,0.9988,0.9991,0.9993,0.9995,0.9996,0.9996,0.9996,0.9997,0.9998,0.9999,1.0,1.0,0.9999,0.9998,0.9998,0.9999,0.9999,0.9999,0.9999,0.9999,0.9998,0.9997,0.9997,0.9998,0.9999,0.9998,0.9997,0.9996,0.9995,0.9994,0.9994,0.9995,0.9996,0.9996,0.9996,0.9996,0.9996,0.9996,0.9997,0.9998,0.9999,0.9999,0.9999,0.9998,0.9997,0.9996,0.9996,0.9997
99.20628103483851,7.0517125044931115,-63.99129818615508,-55.79966019624843,89.13930339838006,56.45851767742735,r.HARPN.2018-12-14T10-31-07.385_S1D_A.fits,S1D_spectra/sun_harpsN/2018-12-14/r.HARPN.2018-12-14T10-31-07.385_S1D_A.fits,Sun,2018-12-14T10:31:07.385,58466.4382754629,0.420405441830548,31.9999999968355,211524,0.9946,0.9948,0.9949,0.995,0.995,0.995,0.9949,0.9948,0.9948,0.9949,0.9951,0.9952,0.9952,0.9951,0.9951,0.9949,0.9949,0.9949,0.995,0.9951,0.9952,0.9952,0.9952,0.9952,0.9951,0.995,0.9951,0.9951,0.9952,0.9953,0.9954,0.9954,0.9953,0.9952,0.9952,0.9952,0.9952,0.9952,0.9952,0.9951,0.995,0.9948,0.9947,0.9946,0.9944,0.9943,0.9941,0.994,0.9937,0.9935,0.9932,0.9928,0.9925,0.9922,0.9919,0.9915,0.991,0.9905,0.9899,0.9893,0.9886,0.988,0.9873,0.9865,0.9856,0.9847,0.9837,0.9826,0.9813,0.9801,0.9787,0.9772,0.9756,0.9739,0.9721,0.9701,0.968,0.9657,0.9634,0.9609,0.9583,0.9555,0.9525,0.9493,0.9458,0.9423,0.9385,0.9346,0.9303,0.9261,0.9214,0.9166,0.9114,0.9061,0.9005,0.8947,0.8886,0.8823,0.8758,0.869,0.8618,0.8543,0.8466,0.8387,0.8303,0.8219,0.8133,0.8045,0.7953,0.7858,0.776,0.7661,0.7558,0.7455,0.7352,0.7248,0.7142,0.7033,0.6922,0.6811,0.6697,0.6584,0.6474,0.6363,0.6254,0.6143,0.6032,0.5922,0.5813,0.5706,0.5604,0.5503,0.5406,0.5311,0.5217,0.5126,0.504,0.4955,0.4878,0.4805,0.4737,0.4674,0.4614,0.456,0.451,0.4466,0.4428,0.4396,0.4371,0.4352,0.4339,0.4331,0.433,0.4336,0.4348,0.4366,0.439,0.442,0.4458,0.4502,0.4551,0.4607,0.4668,0.4733,0.4804,0.4879,0.496,0.5048,0.514,0.5236,0.5336,0.5435,0.5539,0.5643,0.5753,0.5867,0.5983,0.6099,0.6218,0.6334,0.645,0.6565,0.6682,0.68,0.6918,0.7035,0.7151,0.7263,0.7372,0.7479,0.7586,0.7691,0.7795,0.7895,0.7994,0.8089,0.8178,0.8267,0.8353,0.8438,0.8521,0.86,0.8676,0.8749,0.8816,0.8883,0.8947,0.901,0.907,0.9127,0.9179,0.923,0.9276,0.9322,0.9366,0.941,0.945,0.9488,0.9521,0.9554,0.9584,0.9613,0.9642,0.9671,0.9697,0.9721,0.9742,0.9761,0.9779,0.9796,0.9814,0.9831,0.9847,0.986,0.9872,0.9883,0.9893,0.9904,0.9914,0.9924,0.9933,0.994,0.9947,0.9952,0.9958,0.9963,0.9968,0.9973,0.9976,0.9979,0.998,0.9982,0.9984,0.9986,0.9989,0.9991,0.9993,0.9993,0.9994,0.9994,0.9996,0.9996,0.9998,0.9999,0.9999,0.9999,0.9999,0.9999,1.0,1.0,1.0,0.9999,0.9998,0.9997,0.9996,0.9995,0.9996,0.9996,0.9996,0.9996,0.9995,0.9995,0.9994,0.9994,0.9996,0.9997,0.9997,0.9997,0.9996,0.9996,0.9995,0.9995,0.9996,0.9997,0.9996,0.9996,0.9995,0.9994,0.9994,0.9995,0.9996
97.05800927102905,7.052170649356044,-63.798589321118286,-55.92031602073394,98.67560790956712,56.45036203235018,r.HARPN.2018-12-15T10-29-32.580_S1D_A.fits,S1D_spectra/sun_harpsN/2018-12-15/r.HARPN.2018-12-15T10-29-32.580_S1D_A.fits,Sun,2018-12-15T10:29:32.580,58467.4371759258,0.414675516374301,31.9999999970388,211524,0.9947,0.9948,0.995,0.995,0.995,0.9949,0.9948,0.9947,0.9947,0.9948,0.9949,0.9951,0.9951,0.9951,0.9951,0.995,0.9949,0.9949,0.9951,0.9952,0.9952,0.9952,0.9953,0.9952,0.9951,0.9951,0.9951,0.9951,0.9952,0.9952,0.9953,0.9953,0.9952,0.9951,0.995,0.995,0.995,0.995,0.9949,0.9948,0.9947,0.9945,0.9944,0.9943,0.9943,0.9942,0.9941,0.994,0.9938,0.9936,0.9933,0.9931,0.9928,0.9925,0.9922,0.9918,0.9914,0.9909,0.9903,0.9897,0.989,0.9883,0.9875,0.9867,0.9858,0.9848,0.9837,0.9825,0.9813,0.9801,0.9787,0.9773,0.9757,0.974,0.9721,0.9701,0.9679,0.9657,0.9633,0.9608,0.9581,0.9554,0.9524,0.9492,0.9457,0.9422,0.9384,0.9344,0.9302,0.9258,0.9212,0.9163,0.9111,0.9057,0.9001,0.8943,0.8882,0.8819,0.8754,0.8687,0.8615,0.854,0.8463,0.8384,0.8301,0.8217,0.8132,0.8044,0.7952,0.7857,0.7759,0.766,0.7557,0.7453,0.735,0.7244,0.7138,0.7029,0.6918,0.6807,0.6694,0.6581,0.6472,0.6362,0.6253,0.6142,0.6032,0.5922,0.5814,0.5706,0.5603,0.5503,0.5406,0.531,0.5216,0.5126,0.5039,0.4954,0.4876,0.4804,0.4736,0.4672,0.4613,0.4558,0.4509,0.4464,0.4426,0.4395,0.4369,0.435,0.4337,0.433,0.4329,0.4335,0.4347,0.4365,0.439,0.4421,0.4459,0.4503,0.4553,0.461,0.4671,0.4736,0.4807,0.4882,0.4964,0.5051,0.5143,0.5239,0.5339,0.5439,0.5542,0.5647,0.5757,0.5871,0.5987,0.6103,0.6222,0.6338,0.6453,0.6568,0.6685,0.6803,0.6921,0.7038,0.7154,0.7265,0.7374,0.7481,0.7587,0.7693,0.7797,0.7898,0.7997,0.8092,0.8182,0.827,0.8357,0.8441,0.8523,0.8601,0.8677,0.8749,0.8816,0.8882,0.8946,0.9009,0.9069,0.9125,0.9178,0.9228,0.9274,0.932,0.9364,0.9407,0.9448,0.9486,0.952,0.9553,0.9583,0.9613,0.9642,0.9671,0.9697,0.972,0.9741,0.9761,0.9779,0.9796,0.9813,0.983,0.9846,0.9859,0.9871,0.9882,0.9892,0.9902,0.9913,0.9923,0.9932,0.9938,0.9944,0.9949,0.9954,0.9959,0.9965,0.997,0.9974,0.9977,0.998,0.9982,0.9985,0.9987,0.999,0.9992,0.9994,0.9995,0.9995,0.9995,0.9996,0.9997,0.9998,0.9999,1.0,1.0,0.9999,0.9999,1.0,1.0,0.9999,0.9999,0.9998,0.9997,0.9996,0.9996,0.9997,0.9998,0.9998,0.9999,0.9998,0.9997,0.9995,0.9995,0.9995,0.9996,0.9995,0.9994,0.9993,0.9993,0.9992,0.9993,0.9993,0.9994,0.9994,0.9994,0.9993,0.9992,0.9992,0.9993,0.9994
99.12645100773543,7.057415173416352,-63.820243343350306,-55.47231436341389,104.76498699460959,56.37722888645402,r.HARPN.2018-12-16T10-00-38.899_S1D_A.fits,S1D_spectra/sun_harpsN/2018-12-16/r.HARPN.2018-12-16T10-00-38.899_S1D_A.fits,Sun,2018-12-16T10:00:38.899,58468.4171064813,0.441412019703571,31.9999999965655,211524,0.9949,0.9951,0.9952,0.9952,0.9952,0.9951,0.9949,0.9948,0.9947,0.9948,0.9949,0.995,0.995,0.995,0.995,0.9949,0.9948,0.9948,0.9949,0.995,0.9951,0.995,0.9951,0.995,0.9949,0.9949,0.995,0.995,0.9951,0.9951,0.9952,0.9952,0.9951,0.9951,0.9951,0.9952,0.9952,0.9952,0.9952,0.9951,0.9949,0.9947,0.9945,0.9944,0.9943,0.9941,0.994,0.9939,0.9936,0.9934,0.9931,0.9929,0.9926,0.9922,0.9919,0.9915,0.991,0.9904,0.9898,0.9892,0.9885,0.9878,0.9871,0.9863,0.9854,0.9844,0.9834,0.9822,0.9809,0.9796,0.9782,0.9767,0.975,0.9733,0.9715,0.9695,0.9673,0.9651,0.9628,0.9604,0.9577,0.955,0.952,0.9488,0.9454,0.9419,0.9381,0.9342,0.9301,0.9259,0.9213,0.9166,0.9114,0.9061,0.9004,0.8946,0.8884,0.8821,0.8756,0.8688,0.8616,0.8541,0.8464,0.8385,0.8301,0.8217,0.8131,0.8043,0.7951,0.7857,0.776,0.7661,0.7559,0.7456,0.7353,0.7248,0.7142,0.7033,0.6923,0.6812,0.6699,0.6587,0.6477,0.6367,0.6257,0.6146,0.6036,0.5926,0.5819,0.5711,0.561,0.5509,0.5413,0.5317,0.5223,0.5132,0.5045,0.496,0.4882,0.481,0.4742,0.4678,0.4619,0.4564,0.4515,0.447,0.4432,0.4401,0.4376,0.4357,0.4344,0.4337,0.4337,0.4342,0.4354,0.4372,0.4397,0.4427,0.4465,0.4509,0.4558,0.4614,0.4675,0.474,0.4811,0.4885,0.4967,0.5054,0.5146,0.5242,0.5342,0.5442,0.5545,0.5649,0.5759,0.5872,0.5987,0.6103,0.6222,0.6337,0.6452,0.6566,0.6683,0.6801,0.6919,0.7035,0.7152,0.7263,0.7372,0.7479,0.7585,0.7691,0.7795,0.7895,0.7994,0.8088,0.8178,0.8266,0.8353,0.8438,0.852,0.8599,0.8674,0.8746,0.8812,0.8879,0.8942,0.9005,0.9065,0.9121,0.9174,0.9225,0.9271,0.9317,0.9362,0.9405,0.9446,0.9484,0.9518,0.9551,0.9581,0.961,0.9639,0.9668,0.9695,0.9718,0.974,0.9759,0.9777,0.9795,0.9813,0.983,0.9846,0.986,0.9872,0.9883,0.9893,0.9902,0.9912,0.9922,0.993,0.9936,0.9942,0.9947,0.9952,0.9957,0.9963,0.9968,0.9973,0.9976,0.9978,0.998,0.9983,0.9985,0.9988,0.999,0.9992,0.9993,0.9993,0.9994,0.9995,0.9996,0.9998,0.9999,0.9999,0.9999,0.9999,0.9999,1.0,1.0,1.0,1.0,0.9999,0.9998,0.9997,0.9996,0.9997,0.9997,0.9997,0.9997,0.9997,0.9996,0.9995,0.9995,0.9996,0.9997,0.9996,0.9996,0.9995,0.9994,0.9994,0.9994,0.9995,0.9997,0.9997,0.9996,0.9995,0.9994,0.9994,0.9994,0.9995
96.43614810643841,7.05776537858208,-64.56372618234363,-55.69201549224305,110.28894921038467,56.374891220831394,r.HARPN.2018-12-17T09-59-31.923_S1D_A.fits,S1D_spectra/sun_harpsN/2018-12-17/r.HARPN.2018-12-17T09-59-31.923_S1D_A.fits,Sun,2018-12-17T09:59:31.923,58469.4163310183,0.433891050976945,31.999999996693,211524,0.995,0.9952,0.9953,0.9954,0.9954,0.9953,0.9952,0.995,0.995,0.9951,0.9952,0.9954,0.9954,0.9954,0.9953,0.9952,0.9951,0.9951,0.9952,0.9953,0.9954,0.9955,0.9956,0.9956,0.9955,0.9955,0.9955,0.9955,0.9956,0.9956,0.9955,0.9955,0.9953,0.9952,0.9951,0.9951,0.9951,0.9951,0.9951,0.995,0.9949,0.9947,0.9945,0.9944,0.9943,0.9942,0.9941,0.994,0.9938,0.9935,0.9933,0.993,0.9926,0.9922,0.9919,0.9914,0.9909,0.9904,0.9898,0.9892,0.9885,0.9877,0.987,0.9862,0.9852,0.9842,0.9832,0.982,0.9808,0.9795,0.9782,0.9767,0.9752,0.9735,0.9717,0.9697,0.9676,0.9654,0.963,0.9606,0.9579,0.9551,0.9521,0.9489,0.9454,0.9419,0.9381,0.9342,0.93,0.9257,0.921,0.9162,0.911,0.9056,0.9,0.8942,0.8881,0.8818,0.8753,0.8685,0.8614,0.8539,0.8462,0.8384,0.83,0.8216,0.813,0.8042,0.795,0.7855,0.7758,0.7659,0.7557,0.7454,0.7351,0.7247,0.714,0.7031,0.6921,0.681,0.6697,0.6584,0.6474,0.6364,0.6255,0.6145,0.6034,0.5925,0.5817,0.5709,0.5607,0.5507,0.541,0.5314,0.5221,0.513,0.5043,0.4959,0.4882,0.4809,0.4742,0.4678,0.4619,0.4564,0.4515,0.4471,0.4433,0.4402,0.4377,0.4357,0.4344,0.4337,0.4337,0.4342,0.4354,0.4372,0.4396,0.4427,0.4465,0.4509,0.4559,0.4616,0.4677,0.4742,0.4813,0.4888,0.497,0.5057,0.5149,0.5245,0.5345,0.5444,0.5547,0.5652,0.5762,0.5875,0.5991,0.6107,0.6226,0.6341,0.6456,0.6571,0.6687,0.6805,0.6922,0.7038,0.7155,0.7266,0.7375,0.7482,0.7589,0.7694,0.7798,0.7898,0.7997,0.8092,0.8182,0.8271,0.8357,0.8442,0.8524,0.8603,0.8678,0.875,0.8817,0.8883,0.8946,0.9009,0.9068,0.9124,0.9176,0.9227,0.9273,0.9319,0.9364,0.9408,0.9449,0.9486,0.952,0.9552,0.9582,0.9611,0.964,0.9668,0.9694,0.9717,0.9738,0.9757,0.9775,0.9793,0.9811,0.9829,0.9844,0.9858,0.987,0.9881,0.9891,0.9901,0.9911,0.9921,0.993,0.9936,0.9942,0.9947,0.9952,0.9957,0.9963,0.9968,0.9973,0.9976,0.9978,0.998,0.9983,0.9985,0.9988,0.999,0.9992,0.9992,0.9993,0.9994,0.9996,0.9997,0.9998,0.9999,1.0,0.9999,0.9999,0.9999,1.0,1.0,1.0,1.0,0.9999,0.9999,0.9997,0.9997,0.9998,0.9998,0.9998,0.9998,0.9998,0.9997,0.9996,0.9997,0.9997,0.9998,0.9997,0.9996,0.9995,0.9994,0.9994,0.9994,0.9995,0.9996,0.9996,0.9996,0.9995,0.9995,0.9995,0.9995,0.9996
95.82956678567135,7.0553189126045694,-63.97305135412082,-55.582963055246765,109.50516699094612,56.38660394337639,r.HARPN.2018-12-18T10-04-34.036_S1D_A.fits,S1D_spectra/sun_harpsN/2018-12-18/r.HARPN.2018-12-18T10-04-34.036_S1D_A.fits,Sun,2018-12-18T10:04:34.036,58470.4198379628,0.418902867460146,31.9999999969011,211524,0.9949,0.995,0.9951,0.9952,0.9952,0.9951,0.995,0.9949,0.9949,0.995,0.9952,0.9953,0.9953,0.9954,0.9953,0.9952,0.9951,0.9952,0.9953,0.9953,0.9954,0.9954,0.9954,0.9954,0.9953,0.9952,0.9953,0.9953,0.9953,0.9953,0.9953,0.9952,0.995,0.9949,0.9949,0.995,0.995,0.9951,0.9951,0.9951,0.995,0.9949,0.9947,0.9946,0.9945,0.9943,0.9942,0.994,0.9938,0.9935,0.9932,0.9929,0.9926,0.9922,0.9919,0.9915,0.991,0.9904,0.9898,0.9891,0.9884,0.9877,0.9869,0.9862,0.9853,0.9844,0.9834,0.9822,0.981,0.9797,0.9783,0.9768,0.9752,0.9735,0.9717,0.9697,0.9676,0.9654,0.963,0.9606,0.9579,0.9551,0.9521,0.9489,0.9455,0.9419,0.9382,0.9343,0.9301,0.9258,0.9212,0.9164,0.9113,0.9059,0.9003,0.8945,0.8884,0.8821,0.8756,0.8687,0.8615,0.854,0.8463,0.8384,0.83,0.8217,0.8131,0.8042,0.795,0.7855,0.7757,0.7658,0.7556,0.7452,0.735,0.7245,0.7139,0.703,0.692,0.681,0.6697,0.6584,0.6474,0.6364,0.6255,0.6144,0.6033,0.5923,0.5815,0.5708,0.5606,0.5506,0.5409,0.5314,0.5221,0.513,0.5044,0.4959,0.4882,0.4809,0.4741,0.4677,0.4617,0.4562,0.4513,0.4468,0.4431,0.4399,0.4375,0.4356,0.4343,0.4336,0.4335,0.4341,0.4353,0.4371,0.4395,0.4426,0.4464,0.4508,0.4558,0.4615,0.4677,0.4742,0.4813,0.4888,0.497,0.5057,0.5149,0.5245,0.5345,0.5444,0.5547,0.5652,0.5762,0.5875,0.5991,0.6108,0.6227,0.6343,0.6458,0.6573,0.669,0.6808,0.6925,0.7041,0.7157,0.7269,0.7378,0.7485,0.7591,0.7697,0.78,0.79,0.7999,0.8094,0.8183,0.8272,0.8358,0.8443,0.8525,0.8603,0.8678,0.8749,0.8816,0.8882,0.8945,0.9008,0.9068,0.9124,0.9176,0.9227,0.9273,0.9319,0.9364,0.9408,0.9448,0.9486,0.952,0.9552,0.9582,0.9612,0.964,0.9668,0.9694,0.9718,0.9738,0.9758,0.9777,0.9794,0.9812,0.983,0.9846,0.9859,0.9871,0.9881,0.9891,0.9901,0.9911,0.9921,0.993,0.9937,0.9943,0.9949,0.9954,0.9959,0.9965,0.997,0.9974,0.9977,0.998,0.9982,0.9984,0.9987,0.9989,0.9992,0.9994,0.9994,0.9995,0.9995,0.9997,0.9997,0.9999,0.9999,1.0,1.0,0.9999,0.9999,0.9999,0.9999,0.9999,0.9999,0.9999,0.9998,0.9997,0.9997,0.9998,0.9998,0.9997,0.9997,0.9996,0.9995,0.9994,0.9994,0.9996,0.9997,0.9996,0.9997,0.9996,0.9996,0.9995,0.9996,0.9997,0.9998,0.9998,0.9998,0.9997,0.9996,0.9995,0.9996,0.9996
98.03325288699533,7.0576986178227665,-64.52324327412414,-55.620261115465254,110.89382639834297,56.3774879551482,r.HARPN.2018-12-23T10-03-27.263_S1D_A.fits,S1D_spectra/sun_harpsN/2018-12-23/r.HARPN.2018-12-23T10-03-27.263_S1D_A.fits,Sun,2018-12-23T10:03:27.263,58475.4190624999,0.367689408803769,31.9999999964282,211524,0.995,0.9951,0.9953,0.9954,0.9953,0.9953,0.9951,0.995,0.9949,0.995,0.9952,0.9953,0.9954,0.9954,0.9954,0.9953,0.9952,0.9953,0.9954,0.9954,0.9955,0.9954,0.9954,0.9954,0.9952,0.9952,0.9953,0.9953,0.9954,0.9954,0.9954,0.9954,0.9953,0.9952,0.9952,0.9952,0.9952,0.9952,0.9952,0.9952,0.995,0.9949,0.9947,0.9945,0.9944,0.9942,0.994,0.9939,0.9937,0.9934,0.9931,0.9929,0.9926,0.9923,0.992,0.9917,0.9912,0.9907,0.9901,0.9894,0.9887,0.9879,0.9871,0.9862,0.9853,0.9843,0.9832,0.9821,0.9808,0.9796,0.9782,0.9768,0.9752,0.9736,0.9717,0.9697,0.9675,0.9653,0.963,0.9605,0.9578,0.955,0.952,0.9488,0.9453,0.9417,0.9379,0.934,0.9297,0.9255,0.9208,0.9161,0.9109,0.9056,0.9,0.8943,0.8881,0.8818,0.8753,0.8686,0.8614,0.854,0.8463,0.8385,0.8302,0.8219,0.8133,0.8045,0.7953,0.7858,0.7761,0.7663,0.756,0.7458,0.7355,0.7251,0.7145,0.7035,0.6924,0.6813,0.67,0.6587,0.6477,0.6366,0.6257,0.6146,0.6035,0.5925,0.5817,0.571,0.5608,0.5508,0.5411,0.5315,0.5222,0.5131,0.5045,0.496,0.4883,0.481,0.4742,0.4678,0.4618,0.4564,0.4514,0.447,0.4432,0.4401,0.4376,0.4357,0.4344,0.4337,0.4336,0.4342,0.4354,0.4372,0.4396,0.4427,0.4465,0.4509,0.4559,0.4615,0.4676,0.4741,0.4812,0.4887,0.4969,0.5056,0.5148,0.5244,0.5344,0.5443,0.5546,0.565,0.576,0.5873,0.5988,0.6104,0.6223,0.6338,0.6453,0.6568,0.6685,0.6803,0.692,0.7037,0.7153,0.7265,0.7374,0.7481,0.7587,0.7693,0.7797,0.7898,0.7997,0.8092,0.8181,0.827,0.8356,0.8441,0.8523,0.8601,0.8675,0.8747,0.8814,0.888,0.8944,0.9007,0.9066,0.9122,0.9174,0.9225,0.9271,0.9318,0.9362,0.9406,0.9447,0.9485,0.9519,0.9552,0.9582,0.9611,0.964,0.9669,0.9695,0.9719,0.9741,0.976,0.9779,0.9796,0.9814,0.9831,0.9847,0.986,0.9872,0.9882,0.9892,0.9902,0.9912,0.9922,0.9931,0.9937,0.9943,0.9948,0.9953,0.9958,0.9963,0.9969,0.9973,0.9976,0.9978,0.9981,0.9983,0.9985,0.9988,0.999,0.9992,0.9993,0.9993,0.9994,0.9996,0.9997,0.9998,0.9999,1.0,1.0,0.9999,0.9999,1.0,1.0,1.0,1.0,0.9999,0.9998,0.9997,0.9997,0.9998,0.9998,0.9997,0.9997,0.9996,0.9996,0.9995,0.9995,0.9996,0.9997,0.9996,0.9996,0.9995,0.9995,0.9994,0.9994,0.9995,0.9996,0.9996,0.9996,0.9995,0.9995,0.9995,0.9995,0.9996
97.07367344340653,7.046462540487713,-64.41564058078711,-56.06170762675282,82.92481863029504,56.55686151155377,r.HARPN.2018-12-24T13-06-01.819_S1D_A.fits,S1D_spectra/sun_harpsN/2018-12-24/r.HARPN.2018-12-24T13-06-01.819_S1D_A.fits,Sun,2018-12-24T13:06:01.819,58476.5458449074,0.0895194314195105,31.9999999980932,211524,0.9943,0.9944,0.9946,0.9947,0.9947,0.9946,0.9945,0.9944,0.9944,0.9946,0.9948,0.995,0.995,0.995,0.995,0.9949,0.9948,0.9948,0.9949,0.9949,0.995,0.995,0.995,0.995,0.9949,0.9949,0.995,0.9951,0.9952,0.9952,0.9953,0.9952,0.9951,0.9951,0.995,0.9951,0.995,0.995,0.995,0.995,0.9948,0.9947,0.9945,0.9944,0.9943,0.9942,0.9941,0.994,0.9937,0.9935,0.9933,0.993,0.9928,0.9925,0.9922,0.9918,0.9913,0.9908,0.9902,0.9896,0.9889,0.9882,0.9874,0.9866,0.9857,0.9848,0.9838,0.9826,0.9814,0.9801,0.9787,0.9772,0.9756,0.9739,0.9721,0.9701,0.968,0.9658,0.9635,0.9611,0.9584,0.9557,0.9527,0.9495,0.9461,0.9425,0.9386,0.9346,0.9303,0.926,0.9213,0.9165,0.9113,0.906,0.9004,0.8946,0.8884,0.8822,0.8757,0.8688,0.8616,0.8541,0.8463,0.8384,0.83,0.8215,0.8129,0.804,0.7948,0.7853,0.7756,0.7656,0.7553,0.745,0.7347,0.7242,0.7136,0.7027,0.6916,0.6804,0.6691,0.6577,0.6467,0.6357,0.6247,0.6136,0.6025,0.5915,0.5806,0.5698,0.5596,0.5495,0.5398,0.5302,0.5208,0.5117,0.503,0.4946,0.4868,0.4795,0.4727,0.4663,0.4604,0.4549,0.45,0.4455,0.4417,0.4386,0.4361,0.4341,0.4329,0.4321,0.4321,0.4326,0.4338,0.4356,0.438,0.4411,0.4449,0.4493,0.4543,0.46,0.4662,0.4728,0.4799,0.4874,0.4956,0.5043,0.5135,0.5231,0.5331,0.5431,0.5534,0.5639,0.5749,0.5863,0.5979,0.6096,0.6216,0.6332,0.6448,0.6563,0.668,0.6798,0.6916,0.7033,0.715,0.7262,0.7371,0.7478,0.7584,0.769,0.7794,0.7895,0.7995,0.8091,0.8181,0.827,0.8356,0.8442,0.8525,0.8604,0.868,0.8752,0.8819,0.8885,0.8949,0.9012,0.9071,0.9128,0.918,0.923,0.9276,0.9322,0.9367,0.9411,0.9451,0.9489,0.9524,0.9556,0.9587,0.9616,0.9645,0.9673,0.9699,0.9722,0.9743,0.9762,0.9781,0.9799,0.9816,0.9833,0.9849,0.9862,0.9874,0.9885,0.9895,0.9905,0.9915,0.9925,0.9933,0.994,0.9946,0.9951,0.9956,0.9962,0.9967,0.9971,0.9975,0.9978,0.998,0.9982,0.9985,0.9987,0.999,0.9993,0.9995,0.9995,0.9995,0.9996,0.9997,0.9997,0.9999,0.9999,1.0,1.0,0.9999,0.9998,0.9999,0.9999,0.9998,0.9998,0.9997,0.9996,0.9994,0.9994,0.9995,0.9995,0.9995,0.9995,0.9994,0.9994,0.9993,0.9993,0.9995,0.9996,0.9995,0.9995,0.9995,0.9994,0.9993,0.9993,0.9994,0.9995,0.9995,0.9994,0.9993,0.9992,0.9991,0.9991,0.9992
96.45664441944052,7.056561616852392,-64.13763978246007,-55.482464064245384,108.14110203291206,56.36594528690242,r.HARPN.2018-12-25T10-08-24.748_S1D_A.fits,S1D_spectra/sun_harpsN/2018-12-25/r.HARPN.2018-12-25T10-08-24.748_S1D_A.fits,Sun,2018-12-25T10:08:24.748,58477.4224999999,0.340320018507062,31.9999999961162,211524,0.9948,0.9949,0.9951,0.9952,0.9951,0.9951,0.995,0.9949,0.9949,0.995,0.9951,0.9952,0.9952,0.9952,0.9951,0.9949,0.9948,0.9948,0.9949,0.995,0.995,0.995,0.9951,0.995,0.9949,0.9949,0.995,0.9951,0.9952,0.9952,0.9953,0.9953,0.9951,0.9951,0.995,0.995,0.9951,0.9951,0.9951,0.995,0.9948,0.9947,0.9945,0.9944,0.9943,0.9942,0.9941,0.9939,0.9937,0.9934,0.9931,0.9928,0.9924,0.9921,0.9918,0.9914,0.991,0.9905,0.9899,0.9892,0.9885,0.9878,0.987,0.9862,0.9852,0.9843,0.9832,0.9821,0.9808,0.9796,0.9782,0.9767,0.9751,0.9734,0.9715,0.9695,0.9673,0.9651,0.9627,0.9602,0.9575,0.9548,0.9517,0.9486,0.9452,0.9416,0.9379,0.934,0.9298,0.9255,0.9209,0.9162,0.911,0.9056,0.9001,0.8943,0.8882,0.882,0.8755,0.8687,0.8615,0.854,0.8463,0.8384,0.8301,0.8216,0.813,0.8042,0.795,0.7855,0.7757,0.7659,0.7556,0.7454,0.7351,0.7247,0.7141,0.7032,0.6921,0.681,0.6697,0.6585,0.6475,0.6365,0.6256,0.6145,0.6034,0.5924,0.5816,0.5709,0.5607,0.5506,0.541,0.5314,0.5221,0.513,0.5044,0.496,0.4882,0.481,0.4742,0.4678,0.4619,0.4564,0.4515,0.4471,0.4433,0.4402,0.4377,0.4358,0.4345,0.4338,0.4337,0.4343,0.4354,0.4373,0.4397,0.4427,0.4465,0.4509,0.4559,0.4616,0.4677,0.4743,0.4814,0.4889,0.4971,0.5058,0.515,0.5245,0.5345,0.5444,0.5548,0.5652,0.5762,0.5875,0.5991,0.6107,0.6226,0.6341,0.6457,0.6571,0.6688,0.6806,0.6924,0.704,0.7156,0.7267,0.7376,0.7483,0.7589,0.7695,0.7798,0.7898,0.7997,0.8092,0.8181,0.8269,0.8356,0.844,0.8522,0.8601,0.8676,0.8748,0.8815,0.8881,0.8945,0.9008,0.9067,0.9124,0.9176,0.9226,0.9272,0.9318,0.9363,0.9407,0.9447,0.9485,0.9519,0.9551,0.9581,0.9611,0.964,0.9668,0.9694,0.9717,0.9738,0.9757,0.9775,0.9793,0.9811,0.9828,0.9844,0.9857,0.9869,0.988,0.989,0.99,0.9911,0.9921,0.9929,0.9936,0.9942,0.9947,0.9953,0.9958,0.9964,0.9969,0.9974,0.9976,0.9979,0.9981,0.9983,0.9985,0.9987,0.9989,0.9991,0.9992,0.9993,0.9994,0.9995,0.9997,0.9998,0.9999,1.0,0.9999,0.9999,0.9998,0.9999,0.9999,0.9999,0.9999,0.9998,0.9998,0.9997,0.9997,0.9998,0.9998,0.9998,0.9997,0.9996,0.9995,0.9994,0.9993,0.9994,0.9994,0.9993,0.9993,0.9992,0.9992,0.9991,0.9992,0.9993,0.9994,0.9995,0.9995,0.9994,0.9994,0.9994,0.9994,0.9995
96.28238882714882,7.056457596813851,-63.670283208645515,-55.04343689278024,110.84973238185873,56.3830553064223,r.HARPN.2018-12-26T10-01-30.343_S1D_A.fits,S1D_spectra/sun_harpsN/2018-12-26/r.HARPN.2018-12-26T10-01-30.343_S1D_A.fits,Sun,2018-12-26T10:01:30.343,58478.4177083331,0.337867431778819,31.9999999957639,211524,0.9949,0.995,0.9952,0.9953,0.9953,0.9953,0.9952,0.9951,0.9951,0.9952,0.9954,0.9955,0.9955,0.9955,0.9954,0.9953,0.9952,0.9952,0.9953,0.9954,0.9954,0.9954,0.9954,0.9953,0.9952,0.9952,0.9952,0.9953,0.9954,0.9954,0.9954,0.9954,0.9953,0.9952,0.9952,0.9952,0.9952,0.9952,0.9951,0.9951,0.9949,0.9948,0.9946,0.9945,0.9944,0.9942,0.9941,0.994,0.9937,0.9934,0.9931,0.9928,0.9924,0.992,0.9917,0.9913,0.9908,0.9903,0.9897,0.9891,0.9885,0.9878,0.9871,0.9864,0.9855,0.9846,0.9835,0.9823,0.981,0.9797,0.9783,0.9768,0.9752,0.9735,0.9717,0.9697,0.9676,0.9654,0.963,0.9605,0.9579,0.9551,0.9521,0.9489,0.9455,0.9419,0.9382,0.9343,0.93,0.9257,0.921,0.9161,0.911,0.9056,0.9,0.8943,0.8882,0.882,0.8755,0.8687,0.8615,0.8541,0.8463,0.8385,0.8301,0.8217,0.8132,0.8043,0.7952,0.7857,0.776,0.7661,0.7559,0.7455,0.7353,0.7248,0.7141,0.7032,0.6921,0.6809,0.6696,0.6582,0.6472,0.6362,0.6253,0.6143,0.6033,0.5923,0.5816,0.5708,0.5607,0.5506,0.541,0.5314,0.522,0.5129,0.5043,0.4958,0.4881,0.4808,0.474,0.4677,0.4617,0.4563,0.4514,0.4469,0.4432,0.4401,0.4375,0.4356,0.4343,0.4336,0.4335,0.4341,0.4354,0.4372,0.4397,0.4428,0.4465,0.451,0.456,0.4616,0.4677,0.4743,0.4813,0.4888,0.497,0.5057,0.5149,0.5244,0.5344,0.5443,0.5546,0.5651,0.5761,0.5874,0.599,0.6106,0.6225,0.6341,0.6456,0.6571,0.6688,0.6806,0.6924,0.704,0.7157,0.7269,0.7377,0.7484,0.7591,0.7697,0.7801,0.7901,0.8,0.8095,0.8184,0.8272,0.8358,0.8443,0.8524,0.8602,0.8677,0.8748,0.8815,0.8881,0.8945,0.9008,0.9068,0.9124,0.9176,0.9226,0.9272,0.9318,0.9362,0.9405,0.9445,0.9483,0.9517,0.9549,0.958,0.9609,0.9639,0.9668,0.9694,0.9718,0.9739,0.9759,0.9777,0.9794,0.9812,0.9829,0.9845,0.9858,0.9869,0.988,0.989,0.99,0.9911,0.9921,0.993,0.9937,0.9943,0.9948,0.9953,0.9959,0.9965,0.997,0.9974,0.9977,0.9979,0.9981,0.9983,0.9985,0.9989,0.9991,0.9993,0.9995,0.9995,0.9996,0.9998,0.9998,0.9999,1.0,1.0,0.9999,0.9998,0.9997,0.9998,0.9998,0.9998,0.9998,0.9998,0.9998,0.9997,0.9998,0.9999,1.0,1.0,1.0,1.0,0.9999,0.9998,0.9998,0.9999,0.9999,0.9998,0.9997,0.9996,0.9995,0.9993,0.9993,0.9994,0.9995,0.9995,0.9995,0.9994,0.9994,0.9994,0.9994,0.9995
95.76080897142074,7.057412879063659,-63.788146209422166,-55.22772805363116,107.86899864376026,56.382226631558595,r.HARPN.2018-12-27T10-05-45.760_S1D_A.fits,S1D_spectra/sun_harpsN/2018-12-27/r.HARPN.2018-12-27T10-05-45.760_S1D_A.fits,Sun,2018-12-27T10:05:45.760,58479.4206597218,0.323291382304715,31.9999999957146,211524,0.9949,0.995,0.9951,0.9952,0.9952,0.9951,0.995,0.9949,0.9948,0.9949,0.9951,0.9952,0.9952,0.9952,0.9952,0.9952,0.9951,0.9951,0.9952,0.9953,0.9954,0.9954,0.9954,0.9954,0.9953,0.9953,0.9954,0.9954,0.9954,0.9954,0.9954,0.9954,0.9953,0.9952,0.9952,0.9952,0.9953,0.9953,0.9953,0.9952,0.995,0.9948,0.9947,0.9946,0.9945,0.9944,0.9943,0.9941,0.9939,0.9936,0.9933,0.993,0.9927,0.9923,0.9919,0.9915,0.9911,0.9905,0.9899,0.9893,0.9886,0.9879,0.9872,0.9864,0.9855,0.9846,0.9835,0.9824,0.9811,0.9798,0.9785,0.977,0.9754,0.9737,0.9718,0.9698,0.9676,0.9653,0.9629,0.9604,0.9577,0.955,0.9519,0.9488,0.9454,0.9418,0.9381,0.9342,0.93,0.9257,0.9211,0.9163,0.9112,0.9058,0.9002,0.8944,0.8882,0.882,0.8754,0.8686,0.8614,0.8539,0.8462,0.8383,0.83,0.8216,0.813,0.8042,0.795,0.7855,0.7758,0.7659,0.7557,0.7453,0.7351,0.7246,0.714,0.7031,0.692,0.6809,0.6696,0.6582,0.6473,0.6363,0.6254,0.6143,0.6033,0.5923,0.5815,0.5708,0.5606,0.5506,0.5409,0.5313,0.522,0.5129,0.5043,0.4958,0.4881,0.4808,0.474,0.4676,0.4617,0.4562,0.4513,0.4469,0.4431,0.44,0.4376,0.4357,0.4344,0.4337,0.4337,0.4342,0.4355,0.4373,0.4397,0.4428,0.4466,0.451,0.456,0.4616,0.4678,0.4743,0.4813,0.4888,0.497,0.5057,0.5149,0.5245,0.5345,0.5445,0.5548,0.5652,0.5762,0.5875,0.5991,0.6107,0.6226,0.6342,0.6457,0.6572,0.6689,0.6807,0.6924,0.704,0.7157,0.7268,0.7376,0.7483,0.7589,0.7695,0.7799,0.79,0.7999,0.8094,0.8183,0.8271,0.8357,0.8442,0.8524,0.8602,0.8678,0.875,0.8817,0.8883,0.8947,0.901,0.9069,0.9125,0.9177,0.9227,0.9273,0.9319,0.9363,0.9407,0.9448,0.9485,0.9519,0.9552,0.9582,0.9611,0.9641,0.9669,0.9695,0.9719,0.974,0.9759,0.9777,0.9795,0.9812,0.9829,0.9845,0.9858,0.9869,0.9879,0.9889,0.9899,0.991,0.992,0.9929,0.9936,0.9942,0.9948,0.9953,0.9958,0.9964,0.9969,0.9973,0.9976,0.9979,0.9981,0.9984,0.9986,0.9989,0.9992,0.9994,0.9994,0.9995,0.9996,0.9997,0.9998,0.9999,1.0,1.0,0.9999,0.9998,0.9998,0.9999,0.9998,0.9998,0.9999,0.9998,0.9998,0.9998,0.9998,0.9999,1.0,1.0,1.0,0.9999,0.9998,0.9996,0.9996,0.9997,0.9998,0.9997,0.9997,0.9996,0.9996,0.9996,0.9996,0.9997,0.9999,0.9999,0.9999,0.9998,0.9998,0.9997,0.9998,0.9999
94.37893195825308,7.052062784682784,-63.34203872439306,-54.5314139886012,95.52049569244964,56.456293981747095,r.HARPN.2018-12-28T10-37-20.794_S1D_A.fits,S1D_spectra/sun_harpsN/2018-12-28/r.HARPN.2018-12-28T10-37-20.794_S1D_A.fits,Sun,2018-12-28T10:37:20.794,58480.4425925924,0.275752080954578,31.9999999962689,211524,0.9947,0.9948,0.9949,0.9949,0.9949,0.9948,0.9947,0.9945,0.9945,0.9946,0.9948,0.9949,0.995,0.995,0.995,0.9949,0.9948,0.9948,0.9949,0.995,0.995,0.995,0.995,0.9949,0.9948,0.9948,0.9949,0.9949,0.995,0.995,0.995,0.995,0.995,0.9949,0.9949,0.995,0.9951,0.9951,0.9951,0.995,0.9949,0.9947,0.9946,0.9944,0.9943,0.9942,0.9941,0.9939,0.9936,0.9933,0.993,0.9927,0.9924,0.992,0.9917,0.9913,0.9908,0.9903,0.9898,0.9892,0.9885,0.9878,0.9871,0.9863,0.9854,0.9845,0.9835,0.9823,0.9811,0.9799,0.9785,0.9771,0.9755,0.9738,0.972,0.97,0.9678,0.9656,0.9632,0.9607,0.958,0.9552,0.9521,0.9489,0.9454,0.9419,0.9381,0.9342,0.9299,0.9256,0.9209,0.9161,0.9109,0.9055,0.8999,0.8941,0.888,0.8817,0.8752,0.8685,0.8613,0.8539,0.8461,0.8382,0.8298,0.8214,0.8128,0.804,0.7947,0.7852,0.7755,0.7656,0.7553,0.745,0.7348,0.7243,0.7137,0.7028,0.6917,0.6805,0.6692,0.6579,0.6469,0.6358,0.6248,0.6137,0.6026,0.5916,0.5807,0.5699,0.5597,0.5497,0.5401,0.5305,0.5212,0.5121,0.5035,0.4951,0.4873,0.4801,0.4733,0.467,0.461,0.4556,0.4507,0.4462,0.4425,0.4394,0.4369,0.435,0.4337,0.433,0.433,0.4336,0.4348,0.4366,0.439,0.4421,0.4459,0.4503,0.4553,0.461,0.4671,0.4736,0.4807,0.4883,0.4965,0.5053,0.5145,0.5241,0.5341,0.5441,0.5545,0.565,0.576,0.5873,0.5989,0.6105,0.6224,0.634,0.6455,0.657,0.6687,0.6805,0.6922,0.7038,0.7155,0.7266,0.7375,0.7482,0.7588,0.7694,0.7798,0.7898,0.7998,0.8092,0.8182,0.827,0.8356,0.8441,0.8523,0.8602,0.8678,0.875,0.8818,0.8885,0.8949,0.9012,0.9071,0.9128,0.918,0.923,0.9276,0.9321,0.9366,0.9409,0.945,0.9488,0.9522,0.9554,0.9584,0.9614,0.9642,0.9671,0.9697,0.972,0.9741,0.976,0.9779,0.9797,0.9815,0.9832,0.9848,0.9861,0.9873,0.9884,0.9893,0.9903,0.9913,0.9922,0.9931,0.9938,0.9944,0.9949,0.9954,0.9959,0.9965,0.997,0.9975,0.9977,0.9979,0.9981,0.9983,0.9986,0.9989,0.9991,0.9993,0.9994,0.9995,0.9995,0.9996,0.9997,0.9998,0.9998,0.9999,0.9998,0.9998,0.9998,0.9999,1.0,1.0,1.0,0.9999,0.9999,0.9997,0.9997,0.9998,0.9998,0.9997,0.9997,0.9996,0.9996,0.9994,0.9994,0.9995,0.9996,0.9995,0.9995,0.9994,0.9993,0.9992,0.9993,0.9994,0.9995,0.9995,0.9994,0.9993,0.9993,0.9992,0.9992,0.9993
93.91865837054684,7.055088893841213,-64.40520309882596,-55.45847436109307,101.2209950320837,56.39186663980278,r.HARPN.2018-12-31T10-07-19.663_S1D_A.fits,S1D_spectra/sun_harpsN/2018-12-31/r.HARPN.2018-12-31T10-07-19.663_S1D_A.fits,Sun,2018-12-31T10:07:19.663,58483.4217476854,0.288037088323379,31.9999999959039,211524,0.9949,0.995,0.9951,0.9952,0.9951,0.995,0.9949,0.9947,0.9946,0.9947,0.9949,0.995,0.995,0.995,0.9951,0.995,0.995,0.995,0.9952,0.9953,0.9953,0.9953,0.9953,0.9952,0.9951,0.9951,0.9951,0.9951,0.9952,0.9952,0.9952,0.9952,0.9951,0.995,0.995,0.995,0.9949,0.9949,0.9949,0.9948,0.9947,0.9945,0.9944,0.9944,0.9943,0.9943,0.9942,0.994,0.9938,0.9935,0.9932,0.9928,0.9925,0.9921,0.9917,0.9913,0.9909,0.9904,0.9898,0.9892,0.9885,0.9878,0.987,0.9862,0.9853,0.9843,0.9832,0.9821,0.9808,0.9796,0.9783,0.9768,0.9753,0.9736,0.9718,0.9698,0.9676,0.9654,0.963,0.9605,0.9578,0.9551,0.952,0.9489,0.9454,0.9419,0.9381,0.9342,0.93,0.9257,0.921,0.9162,0.911,0.9056,0.8999,0.8941,0.8879,0.8816,0.8751,0.8683,0.8611,0.8537,0.846,0.8381,0.8298,0.8214,0.8128,0.804,0.7948,0.7853,0.7755,0.7656,0.7553,0.745,0.7348,0.7243,0.7137,0.7028,0.6917,0.6806,0.6693,0.6581,0.6471,0.6361,0.6252,0.6141,0.6031,0.5921,0.5813,0.5705,0.5603,0.5503,0.5407,0.5311,0.5217,0.5127,0.504,0.4956,0.4878,0.4805,0.4737,0.4674,0.4614,0.456,0.4511,0.4467,0.443,0.4399,0.4374,0.4355,0.4343,0.4336,0.4336,0.4342,0.4353,0.4372,0.4396,0.4427,0.4464,0.4509,0.4559,0.4616,0.4678,0.4743,0.4814,0.4889,0.4971,0.5059,0.5151,0.5247,0.5347,0.5446,0.555,0.5654,0.5764,0.5877,0.5992,0.6108,0.6226,0.6341,0.6456,0.6571,0.6688,0.6806,0.6924,0.704,0.7157,0.7269,0.7378,0.7485,0.7592,0.7698,0.7801,0.7902,0.8001,0.8096,0.8185,0.8274,0.836,0.8444,0.8526,0.8604,0.8679,0.875,0.8817,0.8883,0.8946,0.9009,0.9069,0.9125,0.9177,0.9228,0.9275,0.9321,0.9366,0.9409,0.945,0.9487,0.9521,0.9553,0.9583,0.9612,0.9641,0.9669,0.9695,0.9718,0.9739,0.9759,0.9777,0.9795,0.9813,0.983,0.9846,0.986,0.9872,0.9882,0.9892,0.9903,0.9913,0.9923,0.9932,0.9938,0.9945,0.995,0.9955,0.996,0.9966,0.997,0.9973,0.9975,0.9977,0.9979,0.9981,0.9983,0.9986,0.9989,0.9992,0.9993,0.9993,0.9994,0.9995,0.9996,0.9997,0.9998,0.9999,0.9999,0.9998,0.9999,1.0,1.0,1.0,1.0,0.9999,0.9998,0.9997,0.9997,0.9998,0.9999,0.9998,0.9998,0.9996,0.9995,0.9994,0.9993,0.9994,0.9994,0.9993,0.9993,0.9992,0.9992,0.9991,0.9992,0.9993,0.9994,0.9994,0.9994,0.9993,0.9992,0.9992,0.9993,0.9994
91.80385180635065,7.046490623813268,-64.13113837274557,-55.466860875543965,79.58780649078481,56.561776923236174,r.HARPN.2019-01-01T13-13-48.237_S1D_A.fits,S1D_spectra/sun_harpsN/2019-01-01/r.HARPN.2019-01-01T13-13-48.237_S1D_A.fits,Sun,2019-01-01T13:13:48.237,58484.5512499996,0.00710919283486966,31.9999999974217,211524,0.9944,0.9945,0.9947,0.9948,0.9948,0.9946,0.9945,0.9944,0.9943,0.9944,0.9945,0.9946,0.9946,0.9946,0.9946,0.9946,0.9945,0.9946,0.9948,0.9949,0.995,0.995,0.995,0.9949,0.9948,0.9948,0.9948,0.9949,0.995,0.995,0.9951,0.9951,0.995,0.9949,0.9949,0.9949,0.9949,0.9949,0.9949,0.9948,0.9947,0.9946,0.9944,0.9944,0.9943,0.9942,0.9941,0.994,0.9938,0.9936,0.9933,0.993,0.9928,0.9924,0.9921,0.9917,0.9913,0.9907,0.9901,0.9895,0.9888,0.9882,0.9874,0.9867,0.9858,0.9848,0.9838,0.9826,0.9814,0.9801,0.9788,0.9773,0.9757,0.974,0.9722,0.9702,0.9681,0.9659,0.9635,0.961,0.9582,0.9554,0.9523,0.9491,0.9456,0.942,0.9382,0.9343,0.93,0.9257,0.9211,0.9163,0.9111,0.9057,0.9,0.8943,0.888,0.8818,0.8752,0.8684,0.8612,0.8536,0.8459,0.8379,0.8295,0.821,0.8124,0.8035,0.7943,0.7847,0.775,0.765,0.7547,0.7443,0.734,0.7235,0.7128,0.7019,0.6908,0.6797,0.6684,0.657,0.646,0.635,0.624,0.6129,0.6018,0.5908,0.5799,0.5691,0.5589,0.5489,0.5393,0.5297,0.5204,0.5113,0.5026,0.4941,0.4863,0.479,0.4723,0.4659,0.46,0.4545,0.4496,0.4452,0.4414,0.4383,0.4359,0.434,0.4328,0.4321,0.4321,0.4327,0.4339,0.4357,0.4382,0.4413,0.4451,0.4495,0.4545,0.4602,0.4664,0.473,0.4801,0.4876,0.4959,0.5046,0.5139,0.5235,0.5336,0.5436,0.554,0.5645,0.5756,0.5869,0.5985,0.6102,0.6221,0.6337,0.6452,0.6567,0.6684,0.6802,0.692,0.7037,0.7154,0.7266,0.7375,0.7482,0.7589,0.7695,0.7799,0.7901,0.8,0.8095,0.8185,0.8274,0.836,0.8445,0.8527,0.8606,0.8682,0.8754,0.8821,0.8887,0.8951,0.9014,0.9074,0.913,0.9183,0.9234,0.9281,0.9327,0.9372,0.9415,0.9455,0.9492,0.9525,0.9557,0.9586,0.9615,0.9644,0.9672,0.9698,0.9721,0.9742,0.9762,0.978,0.9797,0.9815,0.9832,0.9848,0.9861,0.9873,0.9884,0.9895,0.9905,0.9915,0.9925,0.9933,0.9939,0.9945,0.995,0.9955,0.996,0.9966,0.9971,0.9975,0.9978,0.9981,0.9983,0.9985,0.9988,0.999,0.9993,0.9994,0.9995,0.9995,0.9996,0.9997,0.9998,0.9999,1.0,1.0,0.9999,0.9998,0.9998,0.9998,0.9998,0.9998,0.9998,0.9997,0.9997,0.9996,0.9996,0.9997,0.9997,0.9996,0.9996,0.9995,0.9994,0.9993,0.9993,0.9994,0.9994,0.9994,0.9994,0.9993,0.9992,0.9991,0.9991,0.9991,0.9991,0.999,0.9989,0.9988,0.9987,0.9987,0.9988,0.999
93.62049501114087,7.057747984843168,-63.61617175065318,-54.92438536771721,108.73181385943523,56.360344006840144,r.HARPN.2019-01-02T10-03-58.726_S1D_A.fits,S1D_spectra/sun_harpsN/2019-01-02/r.HARPN.2019-01-02T10-03-58.726_S1D_A.fits,Sun,2019-01-02T10:03:58.726,58485.4194212961,0.277904816897537,31.9999999963923,211524,0.9949,0.995,0.9951,0.9952,0.9951,0.995,0.9949,0.9948,0.9947,0.9948,0.9949,0.995,0.9951,0.995,0.995,0.9949,0.9948,0.9949,0.995,0.9951,0.9952,0.9952,0.9952,0.9952,0.9952,0.9951,0.9952,0.9953,0.9953,0.9953,0.9953,0.9952,0.9951,0.995,0.9949,0.9949,0.9949,0.995,0.995,0.9949,0.9947,0.9945,0.9943,0.9942,0.9941,0.9939,0.9938,0.9936,0.9933,0.9931,0.9927,0.9924,0.9921,0.9918,0.9915,0.9912,0.9907,0.9902,0.9897,0.989,0.9882,0.9875,0.9867,0.9859,0.985,0.9841,0.9831,0.9819,0.9807,0.9795,0.9781,0.9767,0.9751,0.9733,0.9715,0.9695,0.9673,0.9651,0.9628,0.9603,0.9577,0.9549,0.9519,0.9487,0.9453,0.9418,0.938,0.9341,0.9298,0.9255,0.9209,0.916,0.9109,0.9055,0.8998,0.8941,0.8879,0.8816,0.8751,0.8683,0.8612,0.8537,0.846,0.838,0.8297,0.8213,0.8127,0.8038,0.7946,0.7851,0.7754,0.7656,0.7554,0.7451,0.7348,0.7244,0.7137,0.7028,0.6917,0.6806,0.6693,0.658,0.6471,0.636,0.6251,0.6141,0.603,0.592,0.5813,0.5705,0.5603,0.5503,0.5407,0.5312,0.5218,0.5128,0.5042,0.4958,0.488,0.4808,0.474,0.4677,0.4618,0.4563,0.4514,0.447,0.4432,0.4401,0.4376,0.4357,0.4344,0.4338,0.4338,0.4344,0.4356,0.4375,0.4399,0.443,0.4467,0.4512,0.4562,0.4619,0.468,0.4746,0.4816,0.4891,0.4973,0.5061,0.5152,0.5248,0.5348,0.5447,0.555,0.5655,0.5765,0.5878,0.5994,0.611,0.6229,0.6344,0.646,0.6574,0.6691,0.6809,0.6926,0.7042,0.7158,0.7269,0.7377,0.7484,0.759,0.7696,0.7799,0.79,0.7999,0.8093,0.8183,0.8272,0.8358,0.8443,0.8524,0.8602,0.8677,0.8749,0.8816,0.8882,0.8947,0.901,0.907,0.9126,0.9179,0.9229,0.9275,0.932,0.9364,0.9407,0.9448,0.9485,0.9519,0.9551,0.9581,0.961,0.9639,0.9667,0.9693,0.9716,0.9737,0.9756,0.9774,0.9792,0.9809,0.9827,0.9842,0.9855,0.9867,0.9878,0.9888,0.9899,0.9909,0.992,0.9929,0.9936,0.9942,0.9948,0.9953,0.9958,0.9963,0.9968,0.9973,0.9975,0.9978,0.998,0.9982,0.9985,0.9988,0.999,0.9992,0.9992,0.9993,0.9993,0.9994,0.9995,0.9996,0.9997,0.9998,0.9998,0.9998,0.9998,0.9999,1.0,1.0,1.0,1.0,0.9999,0.9998,0.9998,0.9998,0.9999,0.9998,0.9997,0.9996,0.9996,0.9994,0.9994,0.9994,0.9995,0.9994,0.9994,0.9994,0.9994,0.9993,0.9994,0.9996,0.9997,0.9997,0.9997,0.9996,0.9995,0.9995,0.9996,0.9997
93.27743978712051,7.043422302192939,-62.97482555644201,-54.600923504825495,77.32275755138748,56.562501645782405,r.HARPN.2019-01-04T13-31-44.860_S1D_A.fits,S1D_spectra/sun_harpsN/2019-01-04/r.HARPN.2019-01-04T13-31-44.860_S1D_A.fits,Sun,2019-01-04T13:31:44.860,58487.5637037037,-0.0417437963412826,31.9999999979665,211524,0.9946,0.9948,0.9949,0.995,0.9949,0.9948,0.9947,0.9946,0.9945,0.9947,0.9948,0.9949,0.995,0.995,0.9949,0.9948,0.9947,0.9948,0.9949,0.995,0.995,0.995,0.995,0.9949,0.9948,0.9948,0.9948,0.9948,0.9949,0.9949,0.995,0.995,0.9949,0.9948,0.9949,0.9949,0.995,0.995,0.9951,0.9951,0.995,0.9949,0.9948,0.9947,0.9946,0.9944,0.9943,0.9941,0.9939,0.9936,0.9933,0.993,0.9927,0.9924,0.9921,0.9917,0.9913,0.9907,0.9902,0.9895,0.9889,0.9882,0.9875,0.9867,0.9858,0.9849,0.9839,0.9827,0.9815,0.9802,0.9788,0.9773,0.9757,0.974,0.9722,0.9702,0.9681,0.9659,0.9635,0.961,0.9583,0.9556,0.9525,0.9494,0.9459,0.9424,0.9386,0.9348,0.9306,0.9263,0.9216,0.9168,0.9116,0.9061,0.9005,0.8947,0.8885,0.8822,0.8756,0.8688,0.8615,0.8541,0.8463,0.8384,0.83,0.8215,0.8129,0.804,0.7947,0.7852,0.7754,0.7655,0.7551,0.7448,0.7345,0.724,0.7134,0.7024,0.6913,0.6801,0.6688,0.6574,0.6464,0.6353,0.6243,0.6132,0.6021,0.591,0.5802,0.5694,0.5592,0.5491,0.5394,0.5298,0.5205,0.5113,0.5026,0.4942,0.4864,0.4791,0.4724,0.466,0.4601,0.4547,0.4498,0.4454,0.4416,0.4385,0.436,0.4341,0.4328,0.4321,0.4321,0.4327,0.4339,0.4357,0.4382,0.4413,0.4451,0.4496,0.4547,0.4604,0.4666,0.4731,0.4802,0.4877,0.496,0.5047,0.514,0.5236,0.5336,0.5437,0.554,0.5645,0.5756,0.5869,0.5985,0.6102,0.6221,0.6337,0.6452,0.6567,0.6684,0.6803,0.6921,0.7038,0.7155,0.7267,0.7376,0.7483,0.759,0.7697,0.7801,0.7902,0.8002,0.8097,0.8187,0.8275,0.8362,0.8447,0.8529,0.8607,0.8683,0.8755,0.8822,0.8888,0.8952,0.9015,0.9074,0.913,0.9182,0.9233,0.928,0.9326,0.937,0.9414,0.9455,0.9493,0.9527,0.956,0.959,0.9619,0.9648,0.9676,0.9702,0.9725,0.9745,0.9764,0.9782,0.98,0.9818,0.9835,0.9851,0.9864,0.9876,0.9887,0.9897,0.9907,0.9917,0.9927,0.9936,0.9943,0.9949,0.9955,0.996,0.9965,0.9971,0.9975,0.9979,0.9982,0.9984,0.9985,0.9987,0.9989,0.9992,0.9994,0.9995,0.9996,0.9996,0.9996,0.9998,0.9998,0.9999,1.0,1.0,1.0,0.9999,0.9999,0.9999,0.9999,0.9999,0.9999,0.9999,0.9998,0.9996,0.9996,0.9997,0.9997,0.9996,0.9996,0.9995,0.9995,0.9993,0.9993,0.9994,0.9995,0.9994,0.9994,0.9993,0.9992,0.9992,0.9992,0.9992,0.9993,0.9993,0.9992,0.9991,0.999,0.999,0.999,0.9991
91.87891307396275,7.048889836425229,-64.87886083925964,-56.01193583233818,95.68733883272458,56.48201102776388,r.HARPN.2019-01-10T10-36-31.549_S1D_A.fits,S1D_spectra/sun_harpsN/2019-01-10/r.HARPN.2019-01-10T10-36-31.549_S1D_A.fits,Sun,2019-01-10T10:36:31.549,58493.4420254626,0.188418537402045,31.9999999993498,211524,0.9948,0.9949,0.9951,0.9952,0.9952,0.9951,0.995,0.9948,0.9947,0.9948,0.9949,0.995,0.995,0.9949,0.9948,0.9947,0.9946,0.9947,0.9948,0.9949,0.995,0.9951,0.9951,0.9951,0.995,0.995,0.9951,0.9951,0.9952,0.9953,0.9954,0.9953,0.9953,0.9952,0.9952,0.9952,0.9952,0.9951,0.9951,0.995,0.9949,0.9947,0.9945,0.9944,0.9943,0.9942,0.9941,0.9939,0.9937,0.9935,0.9932,0.9929,0.9926,0.9922,0.9919,0.9915,0.991,0.9905,0.9899,0.9893,0.9886,0.9879,0.9872,0.9864,0.9855,0.9846,0.9835,0.9824,0.9812,0.9799,0.9786,0.9771,0.9755,0.9739,0.972,0.97,0.9678,0.9656,0.9632,0.9607,0.958,0.9552,0.9522,0.949,0.9455,0.942,0.9382,0.9343,0.9301,0.9258,0.9211,0.9163,0.9111,0.9057,0.9001,0.8943,0.8881,0.8818,0.8752,0.8684,0.8611,0.8536,0.8459,0.838,0.8296,0.8212,0.8126,0.8038,0.7946,0.7851,0.7754,0.7655,0.7552,0.7448,0.7346,0.7241,0.7134,0.7025,0.6914,0.6802,0.6689,0.6576,0.6466,0.6356,0.6246,0.6135,0.6024,0.5914,0.5806,0.5699,0.5596,0.5496,0.5399,0.5304,0.521,0.512,0.5033,0.4949,0.4871,0.4799,0.4731,0.4667,0.4608,0.4553,0.4504,0.4459,0.4422,0.4391,0.4366,0.4347,0.4334,0.4327,0.4327,0.4333,0.4345,0.4363,0.4388,0.4419,0.4457,0.4502,0.4552,0.4609,0.4672,0.4737,0.4809,0.4884,0.4966,0.5054,0.5146,0.5242,0.5342,0.5442,0.5546,0.5651,0.5761,0.5875,0.5991,0.6108,0.6227,0.6343,0.6458,0.6573,0.669,0.6808,0.6926,0.7042,0.7159,0.7271,0.738,0.7487,0.7594,0.7699,0.7803,0.7903,0.8002,0.8097,0.8187,0.8275,0.8362,0.8447,0.8529,0.8608,0.8683,0.8754,0.8821,0.8887,0.8951,0.9014,0.9074,0.913,0.9182,0.9232,0.9279,0.9325,0.9369,0.9413,0.9454,0.9492,0.9526,0.9559,0.9589,0.9618,0.9647,0.9675,0.9701,0.9724,0.9744,0.9763,0.9781,0.9799,0.9816,0.9834,0.9849,0.9863,0.9875,0.9885,0.9895,0.9905,0.9915,0.9925,0.9934,0.9941,0.9947,0.9953,0.9958,0.9963,0.9968,0.9973,0.9976,0.9979,0.9981,0.9983,0.9985,0.9987,0.999,0.9992,0.9994,0.9994,0.9994,0.9995,0.9996,0.9997,0.9998,0.9999,0.9999,0.9999,0.9999,0.9999,1.0,1.0,1.0,1.0,0.9999,0.9999,0.9997,0.9997,0.9998,0.9998,0.9997,0.9997,0.9996,0.9995,0.9995,0.9995,0.9996,0.9997,0.9996,0.9996,0.9996,0.9995,0.9995,0.9995,0.9995,0.9996,0.9996,0.9995,0.9994,0.9993,0.9993,0.9994,0.9995
92.06980774760677,7.053173403137954,-65.17336625840187,-56.448543089977875,100.24774232328913,56.44597372566964,r.HARPN.2019-01-11T10-23-34.524_S1D_A.fits,S1D_spectra/sun_harpsN/2019-01-11/r.HARPN.2019-01-11T10-23-34.524_S1D_A.fits,Sun,2019-01-11T10:23:34.524,58494.4330324074,0.197508984543451,31.9999999994529,211524,0.995,0.9951,0.9952,0.9953,0.9953,0.9952,0.9951,0.9949,0.9949,0.9949,0.9951,0.9952,0.9952,0.9951,0.9951,0.9949,0.9948,0.9949,0.995,0.9951,0.9953,0.9953,0.9954,0.9955,0.9954,0.9954,0.9955,0.9956,0.9956,0.9956,0.9956,0.9955,0.9954,0.9953,0.9953,0.9953,0.9954,0.9954,0.9954,0.9954,0.9952,0.995,0.9948,0.9946,0.9945,0.9943,0.9942,0.9941,0.9938,0.9935,0.9932,0.9929,0.9926,0.9923,0.992,0.9916,0.9912,0.9907,0.9901,0.9895,0.9888,0.9881,0.9874,0.9866,0.9857,0.9847,0.9837,0.9825,0.9813,0.98,0.9787,0.9772,0.9756,0.9739,0.9721,0.9701,0.9679,0.9656,0.9632,0.9607,0.958,0.9552,0.9522,0.949,0.9455,0.9419,0.9382,0.9343,0.9301,0.9258,0.9212,0.9163,0.9111,0.9057,0.9,0.8943,0.888,0.8818,0.8752,0.8684,0.8612,0.8537,0.846,0.8381,0.8297,0.8212,0.8126,0.8037,0.7945,0.785,0.7753,0.7654,0.7552,0.7449,0.7346,0.7241,0.7135,0.7025,0.6914,0.6803,0.669,0.6577,0.6467,0.6357,0.6249,0.6138,0.6028,0.5918,0.581,0.5702,0.56,0.5499,0.5403,0.5307,0.5213,0.5123,0.5036,0.4952,0.4875,0.4802,0.4735,0.4671,0.4612,0.4557,0.4508,0.4463,0.4426,0.4395,0.4369,0.435,0.4338,0.4331,0.433,0.4336,0.4348,0.4367,0.4392,0.4423,0.4461,0.4506,0.4556,0.4613,0.4675,0.474,0.4811,0.4886,0.4968,0.5056,0.5148,0.5245,0.5345,0.5445,0.5549,0.5654,0.5764,0.5877,0.5993,0.6109,0.6228,0.6343,0.6459,0.6573,0.669,0.6809,0.6927,0.7043,0.716,0.7272,0.7381,0.7488,0.7594,0.77,0.7803,0.7903,0.8002,0.8097,0.8186,0.8275,0.8361,0.8446,0.8528,0.8607,0.8682,0.8754,0.8821,0.8887,0.8951,0.9014,0.9074,0.913,0.9183,0.9233,0.9279,0.9325,0.9369,0.9412,0.9453,0.949,0.9524,0.9557,0.9587,0.9616,0.9645,0.9673,0.97,0.9723,0.9745,0.9765,0.9783,0.9801,0.9819,0.9837,0.9852,0.9865,0.9876,0.9886,0.9896,0.9905,0.9915,0.9924,0.9933,0.9939,0.9945,0.9951,0.9956,0.9961,0.9967,0.9972,0.9976,0.9979,0.9981,0.9983,0.9986,0.9988,0.9991,0.9994,0.9996,0.9996,0.9997,0.9998,0.9999,0.9999,1.0,1.0,1.0,0.9999,0.9999,0.9998,0.9999,0.9999,1.0,1.0,1.0,0.9999,0.9998,0.9998,0.9999,0.9999,0.9999,0.9999,0.9998,0.9998,0.9997,0.9997,0.9998,0.9998,0.9997,0.9997,0.9996,0.9995,0.9994,0.9994,0.9995,0.9996,0.9996,0.9996,0.9995,0.9995,0.9994,0.9995,0.9996
92.50469412736919,7.042632724221532,-63.29676792625719,-55.041515365001416,76.56118487225812,56.57822731951659,r.HARPN.2019-01-12T13-21-33.829_S1D_A.fits,S1D_spectra/sun_harpsN/2019-01-12/r.HARPN.2019-01-12T13-21-33.829_S1D_A.fits,Sun,2019-01-12T13:21:33.829,58495.5566319441,-0.0777762221980096,31.9999999995794,211524,0.9945,0.9946,0.9948,0.9949,0.9949,0.9949,0.9948,0.9947,0.9946,0.9947,0.9949,0.995,0.9951,0.9951,0.9951,0.995,0.9949,0.9949,0.995,0.9951,0.9951,0.9951,0.9951,0.9951,0.995,0.995,0.9951,0.9952,0.9952,0.9952,0.9953,0.9952,0.9951,0.995,0.995,0.995,0.995,0.9951,0.9951,0.9951,0.995,0.9949,0.9947,0.9946,0.9944,0.9943,0.9942,0.994,0.9938,0.9936,0.9933,0.9931,0.9928,0.9925,0.9921,0.9918,0.9913,0.9908,0.9902,0.9896,0.989,0.9883,0.9876,0.9868,0.986,0.985,0.984,0.9829,0.9817,0.9804,0.9791,0.9776,0.976,0.9744,0.9725,0.9705,0.9684,0.9661,0.9638,0.9612,0.9585,0.9557,0.9527,0.9495,0.946,0.9425,0.9387,0.9348,0.9306,0.9263,0.9217,0.9169,0.9117,0.9063,0.9006,0.8948,0.8886,0.8822,0.8756,0.8688,0.8615,0.854,0.8462,0.8382,0.8298,0.8214,0.8128,0.8039,0.7946,0.7851,0.7753,0.7653,0.755,0.7446,0.7344,0.7239,0.7133,0.7024,0.6913,0.6801,0.6688,0.6574,0.6464,0.6353,0.6243,0.6131,0.602,0.591,0.5801,0.5692,0.559,0.5489,0.5392,0.5296,0.5203,0.5112,0.5025,0.4941,0.4863,0.4791,0.4723,0.4659,0.46,0.4545,0.4496,0.4451,0.4414,0.4383,0.4359,0.434,0.4327,0.4321,0.432,0.4326,0.4338,0.4357,0.4382,0.4412,0.4451,0.4495,0.4546,0.4603,0.4664,0.473,0.4801,0.4876,0.4959,0.5047,0.5139,0.5236,0.5336,0.5437,0.554,0.5645,0.5755,0.5869,0.5985,0.6102,0.6222,0.6338,0.6454,0.6569,0.6686,0.6804,0.6923,0.7039,0.7157,0.7269,0.7378,0.7485,0.7593,0.7699,0.7803,0.7904,0.8004,0.8099,0.8188,0.8277,0.8363,0.8448,0.853,0.8608,0.8683,0.8755,0.8822,0.8888,0.8952,0.9014,0.9074,0.9131,0.9183,0.9234,0.928,0.9326,0.9371,0.9414,0.9455,0.9493,0.9528,0.956,0.9591,0.9621,0.965,0.9678,0.9704,0.9727,0.9748,0.9767,0.9785,0.9803,0.982,0.9837,0.9853,0.9866,0.9877,0.9888,0.9898,0.9908,0.9918,0.9928,0.9937,0.9943,0.9949,0.9954,0.9959,0.9964,0.997,0.9975,0.998,0.9983,0.9985,0.9987,0.999,0.9991,0.9994,0.9996,0.9997,0.9997,0.9997,0.9997,0.9998,0.9999,0.9999,1.0,1.0,0.9999,0.9998,0.9998,0.9998,0.9998,0.9998,0.9999,0.9998,0.9998,0.9997,0.9997,0.9998,0.9998,0.9997,0.9997,0.9995,0.9995,0.9994,0.9994,0.9995,0.9995,0.9994,0.9994,0.9993,0.9992,0.9991,0.9991,0.9992,0.9993,0.9993,0.9993,0.9993,0.9993,0.9993,0.9993,0.9994
93.12142037760746,7.053359142279704,-63.87640645854865,-55.02278524735085,103.81107732216387,56.42567950208205,r.HARPN.2019-01-13T10-13-02.571_S1D_A.fits,S1D_spectra/sun_harpsN/2019-01-13/r.HARPN.2019-01-13T10-13-02.571_S1D_A.fits,Sun,2019-01-13T10:13:02.571,58496.4257175922,0.195088622742501,31.9999999996425,211524,0.9948,0.995,0.9951,0.9952,0.9951,0.995,0.9949,0.9947,0.9947,0.9948,0.995,0.9951,0.9951,0.9951,0.995,0.9949,0.9947,0.9947,0.9948,0.9948,0.9949,0.9949,0.995,0.995,0.995,0.995,0.9951,0.9951,0.9952,0.9952,0.9952,0.9951,0.995,0.9949,0.9949,0.9949,0.9949,0.9949,0.995,0.9949,0.9948,0.9946,0.9945,0.9944,0.9943,0.9941,0.994,0.9939,0.9936,0.9934,0.9931,0.9928,0.9924,0.992,0.9917,0.9913,0.9908,0.9903,0.9897,0.9891,0.9885,0.9878,0.987,0.9863,0.9854,0.9844,0.9833,0.9821,0.9809,0.9796,0.9782,0.9767,0.9751,0.9735,0.9716,0.9697,0.9676,0.9654,0.963,0.9606,0.9579,0.9551,0.952,0.9488,0.9454,0.9418,0.938,0.9341,0.9299,0.9256,0.921,0.9162,0.911,0.9056,0.8999,0.8941,0.888,0.8817,0.8752,0.8683,0.8611,0.8537,0.8459,0.838,0.8296,0.8212,0.8126,0.8037,0.7945,0.7851,0.7753,0.7655,0.7553,0.7449,0.7347,0.7242,0.7136,0.7027,0.6916,0.6805,0.6692,0.6579,0.6469,0.6359,0.625,0.6139,0.6028,0.5918,0.5809,0.5701,0.5599,0.5499,0.5402,0.5307,0.5214,0.5123,0.5037,0.4953,0.4875,0.4802,0.4734,0.467,0.4611,0.4556,0.4508,0.4464,0.4427,0.4396,0.4371,0.4352,0.434,0.4333,0.4332,0.4337,0.4349,0.4367,0.4391,0.4422,0.4461,0.4506,0.4556,0.4613,0.4675,0.4741,0.4812,0.4887,0.4969,0.5056,0.5148,0.5244,0.5345,0.5445,0.5549,0.5654,0.5764,0.5877,0.5992,0.6108,0.6227,0.6343,0.6458,0.6572,0.6689,0.6807,0.6925,0.7041,0.7157,0.7268,0.7377,0.7484,0.759,0.7696,0.78,0.7901,0.8,0.8094,0.8184,0.8272,0.8359,0.8444,0.8526,0.8604,0.8679,0.8752,0.8819,0.8885,0.8949,0.9012,0.9071,0.9127,0.9179,0.9229,0.9275,0.932,0.9365,0.9408,0.9449,0.9486,0.9521,0.9553,0.9583,0.9612,0.9641,0.9669,0.9695,0.9719,0.974,0.9759,0.9777,0.9796,0.9813,0.9831,0.9847,0.986,0.9872,0.9883,0.9893,0.9903,0.9913,0.9923,0.9931,0.9938,0.9943,0.9948,0.9953,0.9958,0.9964,0.9969,0.9973,0.9976,0.9978,0.998,0.9983,0.9985,0.9988,0.999,0.9992,0.9992,0.9993,0.9994,0.9995,0.9996,0.9997,0.9998,0.9998,0.9998,0.9997,0.9998,0.9999,0.9999,1.0,1.0,1.0,0.9999,0.9998,0.9998,0.9999,0.9999,0.9998,0.9998,0.9997,0.9997,0.9996,0.9995,0.9996,0.9996,0.9995,0.9995,0.9993,0.9992,0.9991,0.9991,0.9992,0.9993,0.9993,0.9993,0.9992,0.9992,0.9992,0.9993,0.9994
93.249914389942,7.054585565593034,-64.2349026482747,-55.39167798182304,109.6101702421481,56.39811583402585,r.HARPN.2019-01-15T10-01-10.066_S1D_A.fits,S1D_spectra/sun_harpsN/2019-01-15/r.HARPN.2019-01-15T10-01-10.066_S1D_A.fits,Sun,2019-01-15T10:01:10.066,58498.4174768515,0.191977547664544,31.9999999997237,211524,0.9949,0.995,0.9951,0.9952,0.9951,0.995,0.995,0.9949,0.9949,0.995,0.9952,0.9953,0.9954,0.9953,0.9953,0.9952,0.9952,0.9953,0.9955,0.9956,0.9957,0.9957,0.9957,0.9955,0.9954,0.9953,0.9953,0.9953,0.9953,0.9953,0.9954,0.9953,0.9952,0.9951,0.9951,0.9951,0.9951,0.9951,0.9951,0.995,0.9948,0.9947,0.9945,0.9944,0.9943,0.9942,0.994,0.9939,0.9936,0.9934,0.993,0.9927,0.9924,0.992,0.9917,0.9913,0.9908,0.9903,0.9898,0.9892,0.9885,0.9878,0.9871,0.9863,0.9854,0.9845,0.9834,0.9822,0.9809,0.9796,0.9782,0.9767,0.9751,0.9735,0.9716,0.9697,0.9676,0.9654,0.9631,0.9606,0.958,0.9552,0.9522,0.9491,0.9456,0.942,0.9382,0.9342,0.9299,0.9256,0.9209,0.916,0.9108,0.9054,0.8998,0.8941,0.8879,0.8817,0.8751,0.8684,0.8612,0.8538,0.8461,0.8382,0.8299,0.8215,0.8129,0.804,0.7948,0.7852,0.7755,0.7656,0.7553,0.745,0.7347,0.7243,0.7137,0.7028,0.6918,0.6807,0.6694,0.6581,0.6472,0.6362,0.6252,0.6142,0.6031,0.5921,0.5813,0.5705,0.5603,0.5503,0.5406,0.531,0.5217,0.5126,0.504,0.4955,0.4878,0.4805,0.4737,0.4673,0.4614,0.4559,0.451,0.4465,0.4428,0.4397,0.4372,0.4354,0.4341,0.4335,0.4334,0.434,0.4352,0.4371,0.4396,0.4426,0.4465,0.4509,0.4559,0.4616,0.4678,0.4743,0.4814,0.4889,0.4971,0.5059,0.5151,0.5247,0.5347,0.5447,0.555,0.5655,0.5765,0.5879,0.5994,0.611,0.6229,0.6345,0.646,0.6574,0.6691,0.6809,0.6926,0.7042,0.7159,0.727,0.7379,0.7486,0.7593,0.7698,0.7802,0.7902,0.8001,0.8096,0.8185,0.8274,0.836,0.8445,0.8526,0.8604,0.8679,0.8751,0.8817,0.8883,0.8947,0.9011,0.907,0.9127,0.918,0.9231,0.9277,0.9323,0.9367,0.941,0.9451,0.9489,0.9523,0.9555,0.9585,0.9614,0.9643,0.9671,0.9696,0.9719,0.9739,0.9758,0.9776,0.9794,0.9812,0.983,0.9846,0.986,0.9872,0.9883,0.9893,0.9902,0.9912,0.9922,0.993,0.9937,0.9943,0.9949,0.9954,0.9959,0.9965,0.997,0.9974,0.9977,0.9979,0.9981,0.9983,0.9985,0.9988,0.9991,0.9993,0.9993,0.9994,0.9995,0.9996,0.9997,0.9999,1.0,1.0,0.9999,0.9999,0.9998,0.9999,0.9999,0.9999,1.0,0.9999,0.9998,0.9997,0.9997,0.9998,0.9998,0.9998,0.9997,0.9996,0.9995,0.9994,0.9994,0.9995,0.9996,0.9995,0.9994,0.9993,0.9993,0.9992,0.9993,0.9994,0.9995,0.9995,0.9995,0.9995,0.9994,0.9994,0.9995,0.9996
92.27301885912655,7.0461802605816715,-63.54196773168372,-55.26972084278581,84.93549236172414,56.51957365327921,r.HARPN.2019-01-18T10-54-03.684_S1D_A.fits,S1D_spectra/sun_harpsN/2019-01-18/r.HARPN.2019-01-18T10-54-03.684_S1D_A.fits,Sun,2019-01-18T10:54:03.684,58501.4542013886,0.0993017891879977,31.9999999998618,211524,0.9948,0.9949,0.995,0.9951,0.9951,0.995,0.9949,0.9948,0.9948,0.9949,0.995,0.9951,0.9951,0.9951,0.995,0.9949,0.9949,0.9949,0.9951,0.9952,0.9953,0.9954,0.9954,0.9954,0.9954,0.9954,0.9955,0.9956,0.9957,0.9957,0.9958,0.9957,0.9956,0.9955,0.9954,0.9953,0.9953,0.9952,0.9952,0.9951,0.9949,0.9948,0.9946,0.9946,0.9945,0.9944,0.9944,0.9942,0.994,0.9937,0.9934,0.9931,0.9928,0.9925,0.9922,0.9918,0.9913,0.9908,0.9903,0.9896,0.9889,0.9882,0.9875,0.9867,0.9858,0.9848,0.9838,0.9826,0.9814,0.9801,0.9788,0.9774,0.9758,0.9742,0.9723,0.9704,0.9682,0.966,0.9636,0.9611,0.9584,0.9557,0.9526,0.9495,0.946,0.9425,0.9387,0.9348,0.9306,0.9263,0.9216,0.9168,0.9116,0.9062,0.9005,0.8948,0.8885,0.8822,0.8757,0.8688,0.8616,0.854,0.8462,0.8383,0.8299,0.8214,0.8128,0.804,0.7948,0.7853,0.7755,0.7656,0.7553,0.7449,0.7346,0.7241,0.7134,0.7025,0.6914,0.6802,0.6689,0.6575,0.6465,0.6354,0.6245,0.6134,0.6023,0.5913,0.5804,0.5696,0.5594,0.5494,0.5397,0.5301,0.5208,0.5117,0.5031,0.4946,0.4869,0.4796,0.4728,0.4665,0.4605,0.4551,0.4502,0.4457,0.442,0.4389,0.4364,0.4345,0.4332,0.4326,0.4325,0.4331,0.4343,0.4362,0.4387,0.4418,0.4456,0.4501,0.4552,0.4609,0.467,0.4736,0.4806,0.4881,0.4964,0.5052,0.5144,0.5241,0.5341,0.5441,0.5545,0.565,0.576,0.5873,0.5989,0.6105,0.6225,0.6341,0.6456,0.6572,0.6689,0.6807,0.6925,0.7041,0.7158,0.7269,0.7378,0.7486,0.7592,0.7699,0.7803,0.7904,0.8004,0.8099,0.8189,0.8278,0.8365,0.845,0.8532,0.861,0.8686,0.8758,0.8825,0.8891,0.8955,0.9018,0.9078,0.9134,0.9186,0.9236,0.9282,0.9327,0.937,0.9413,0.9454,0.9491,0.9525,0.9558,0.9588,0.9618,0.9647,0.9675,0.9701,0.9725,0.9746,0.9765,0.9784,0.9802,0.9819,0.9837,0.9852,0.9865,0.9876,0.9886,0.9896,0.9906,0.9916,0.9926,0.9935,0.9942,0.9949,0.9954,0.9959,0.9964,0.9969,0.9973,0.9977,0.998,0.9982,0.9984,0.9987,0.9989,0.9993,0.9995,0.9997,0.9997,0.9997,0.9997,0.9998,0.9998,0.9999,0.9999,1.0,1.0,0.9999,0.9999,1.0,1.0,1.0,1.0,0.9999,0.9999,0.9998,0.9998,0.9999,0.9999,0.9999,0.9999,0.9998,0.9997,0.9996,0.9996,0.9996,0.9997,0.9996,0.9996,0.9995,0.9995,0.9994,0.9995,0.9996,0.9997,0.9997,0.9997,0.9996,0.9995,0.9995,0.9995,0.9996
93.23880227455079,7.056285073086825,-64.65119649663482,-55.88706478668425,112.86377839482269,56.39710632593326,r.HARPN.2019-01-19T09-56-28.480_S1D_A.fits,S1D_spectra/sun_harpsN/2019-01-19/r.HARPN.2019-01-19T09-56-28.480_S1D_A.fits,Sun,2019-01-19T09:56:28.480,58502.4142129631,0.158675470395708,31.9999999997372,211524,0.995,0.9951,0.9953,0.9953,0.9953,0.9952,0.9951,0.995,0.9949,0.995,0.9951,0.9952,0.9952,0.9951,0.995,0.9949,0.9948,0.9949,0.995,0.9951,0.9952,0.9952,0.9952,0.9951,0.995,0.9949,0.995,0.9951,0.9951,0.9952,0.9952,0.9952,0.9952,0.9951,0.9951,0.9951,0.9952,0.9952,0.9952,0.9952,0.995,0.9948,0.9946,0.9945,0.9943,0.9942,0.9941,0.9939,0.9936,0.9933,0.993,0.9926,0.9922,0.9919,0.9915,0.991,0.9905,0.99,0.9894,0.9888,0.9881,0.9874,0.9867,0.9859,0.985,0.9841,0.9831,0.982,0.9807,0.9794,0.978,0.9766,0.975,0.9733,0.9714,0.9694,0.9673,0.9651,0.9628,0.9603,0.9576,0.9549,0.9518,0.9486,0.9452,0.9416,0.9379,0.934,0.9297,0.9254,0.9208,0.916,0.9108,0.9054,0.8998,0.8941,0.888,0.8817,0.8752,0.8684,0.8613,0.8538,0.846,0.8382,0.8298,0.8214,0.8128,0.8039,0.7947,0.7852,0.7754,0.7656,0.7553,0.745,0.7347,0.7242,0.7136,0.7027,0.6917,0.6806,0.6693,0.658,0.647,0.636,0.6251,0.614,0.603,0.592,0.5811,0.5704,0.5601,0.5501,0.5405,0.5309,0.5216,0.5126,0.504,0.4956,0.4878,0.4806,0.4738,0.4674,0.4615,0.456,0.4511,0.4467,0.4429,0.4398,0.4373,0.4353,0.4341,0.4334,0.4333,0.4339,0.4351,0.437,0.4395,0.4426,0.4464,0.4508,0.4559,0.4615,0.4677,0.4743,0.4814,0.4889,0.4971,0.5059,0.515,0.5246,0.5346,0.5446,0.5549,0.5654,0.5764,0.5877,0.5993,0.6109,0.6228,0.6343,0.6459,0.6573,0.669,0.6809,0.6927,0.7043,0.716,0.7271,0.7379,0.7486,0.7592,0.7698,0.7801,0.7902,0.8001,0.8096,0.8185,0.8274,0.836,0.8444,0.8526,0.8604,0.8678,0.875,0.8817,0.8883,0.8947,0.9009,0.9069,0.9126,0.9178,0.9228,0.9274,0.932,0.9364,0.9407,0.9447,0.9485,0.9518,0.9551,0.9581,0.9611,0.9641,0.967,0.9696,0.972,0.9742,0.9761,0.9779,0.9797,0.9814,0.9831,0.9847,0.986,0.9871,0.9882,0.9891,0.9902,0.9912,0.9922,0.9931,0.9938,0.9945,0.995,0.9955,0.996,0.9966,0.9971,0.9975,0.9978,0.9981,0.9983,0.9986,0.9988,0.9992,0.9994,0.9996,0.9996,0.9996,0.9997,0.9997,0.9998,0.9998,0.9999,0.9999,0.9998,0.9998,0.9997,0.9998,0.9998,0.9998,0.9998,0.9998,0.9998,0.9997,0.9998,0.9999,1.0,1.0,1.0,0.9999,0.9998,0.9997,0.9997,0.9998,0.9999,0.9998,0.9998,0.9997,0.9996,0.9996,0.9996,0.9996,0.9997,0.9997,0.9996,0.9995,0.9995,0.9994,0.9995,0.9996
91.726701819878,7.051303924738551,-64.18233362507118,-55.58835116400181,96.84000606843792,56.45516490979533,r.HARPN.2019-01-20T10-11-54.257_S1D_A.fits,S1D_spectra/sun_harpsN/2019-01-20/r.HARPN.2019-01-20T10-11-54.257_S1D_A.fits,Sun,2019-01-20T10:11:54.257,58503.4249305553,0.131114942837394,31.9999999997573,211524,0.9952,0.9953,0.9954,0.9954,0.9953,0.9952,0.995,0.9948,0.9947,0.9948,0.9949,0.995,0.995,0.995,0.995,0.9949,0.9948,0.9949,0.995,0.9951,0.9952,0.9952,0.9952,0.9951,0.995,0.995,0.9951,0.9952,0.9952,0.9953,0.9953,0.9953,0.9952,0.9951,0.9951,0.9951,0.9951,0.9951,0.9951,0.9951,0.995,0.9949,0.9947,0.9946,0.9945,0.9944,0.9943,0.9941,0.9938,0.9936,0.9933,0.9929,0.9926,0.9923,0.9919,0.9915,0.9911,0.9906,0.99,0.9894,0.9887,0.988,0.9872,0.9864,0.9854,0.9844,0.9834,0.9822,0.981,0.9797,0.9784,0.977,0.9755,0.9739,0.972,0.97,0.9678,0.9655,0.9631,0.9606,0.9579,0.9551,0.952,0.9489,0.9455,0.9419,0.9382,0.9343,0.9301,0.9258,0.9211,0.9163,0.9111,0.9057,0.9001,0.8944,0.8882,0.8819,0.8754,0.8686,0.8613,0.8538,0.846,0.8381,0.8297,0.8212,0.8126,0.8038,0.7946,0.785,0.7753,0.7654,0.7551,0.7448,0.7346,0.7241,0.7135,0.7026,0.6915,0.6804,0.6691,0.6577,0.6467,0.6357,0.6247,0.6136,0.6026,0.5916,0.5807,0.5699,0.5597,0.5497,0.54,0.5304,0.5211,0.512,0.5034,0.495,0.4873,0.48,0.4733,0.4669,0.461,0.4556,0.4507,0.4462,0.4425,0.4394,0.4369,0.435,0.4338,0.4331,0.4331,0.4336,0.4348,0.4367,0.4391,0.4422,0.446,0.4505,0.4555,0.4612,0.4674,0.4739,0.481,0.4886,0.4968,0.5056,0.5148,0.5244,0.5344,0.5444,0.5548,0.5653,0.5763,0.5877,0.5993,0.611,0.6229,0.6345,0.646,0.6575,0.6692,0.681,0.6928,0.7045,0.7161,0.7273,0.7381,0.7488,0.7594,0.7699,0.7803,0.7903,0.8002,0.8096,0.8186,0.8275,0.8361,0.8447,0.8529,0.8607,0.8682,0.8754,0.8821,0.8887,0.895,0.9013,0.9072,0.9129,0.9181,0.9232,0.9278,0.9324,0.9368,0.9412,0.9453,0.949,0.9525,0.9558,0.9588,0.9618,0.9647,0.9675,0.9701,0.9725,0.9745,0.9764,0.9782,0.9799,0.9816,0.9834,0.985,0.9863,0.9874,0.9885,0.9895,0.9905,0.9915,0.9925,0.9934,0.9941,0.9947,0.9952,0.9957,0.9962,0.9968,0.9973,0.9977,0.9979,0.9981,0.9983,0.9985,0.9987,0.999,0.9992,0.9994,0.9995,0.9996,0.9996,0.9998,0.9998,0.9999,1.0,1.0,0.9999,0.9999,0.9999,1.0,1.0,1.0,1.0,1.0,0.9999,0.9998,0.9998,0.9998,0.9999,0.9998,0.9998,0.9997,0.9997,0.9996,0.9996,0.9997,0.9998,0.9997,0.9997,0.9996,0.9996,0.9995,0.9995,0.9996,0.9997,0.9997,0.9996,0.9995,0.9995,0.9994,0.9995,0.9996
91.23202808463994,7.052596589577861,-64.16059811307115,-55.784916662726765,113.58410707154374,56.415765820459725,r.HARPN.2019-01-21T10-01-57.825_S1D_A.fits,S1D_spectra/sun_harpsN/2019-01-21/r.HARPN.2019-01-21T10-01-57.825_S1D_A.fits,Sun,2019-01-21T10:01:57.825,58504.4180208333,0.131506189514018,31.9999999997057,211524,0.9952,0.9953,0.9954,0.9955,0.9954,0.9953,0.9951,0.995,0.9949,0.995,0.9951,0.9952,0.9953,0.9953,0.9952,0.9951,0.9951,0.9951,0.9952,0.9953,0.9954,0.9954,0.9954,0.9954,0.9953,0.9953,0.9954,0.9955,0.9955,0.9955,0.9956,0.9955,0.9954,0.9953,0.9953,0.9953,0.9953,0.9954,0.9954,0.9954,0.9952,0.9951,0.9949,0.9947,0.9946,0.9944,0.9943,0.9941,0.9938,0.9936,0.9933,0.993,0.9927,0.9923,0.992,0.9916,0.9911,0.9906,0.9899,0.9892,0.9885,0.9877,0.987,0.9862,0.9853,0.9844,0.9834,0.9822,0.981,0.9797,0.9783,0.9768,0.9752,0.9735,0.9716,0.9697,0.9676,0.9654,0.963,0.9606,0.9579,0.9552,0.9521,0.949,0.9455,0.9419,0.9381,0.9341,0.9299,0.9256,0.9209,0.916,0.9109,0.9055,0.8999,0.8941,0.888,0.8817,0.8752,0.8684,0.8612,0.8537,0.8461,0.8382,0.8299,0.8215,0.8129,0.8041,0.7948,0.7853,0.7755,0.7656,0.7553,0.7449,0.7347,0.7242,0.7135,0.7026,0.6915,0.6804,0.6691,0.6578,0.6468,0.6358,0.6249,0.6139,0.6028,0.5919,0.5811,0.5703,0.5601,0.5501,0.5404,0.5308,0.5215,0.5124,0.5037,0.4953,0.4875,0.4802,0.4735,0.4671,0.4612,0.4557,0.4508,0.4464,0.4426,0.4396,0.4371,0.4352,0.4339,0.4333,0.4333,0.4339,0.4351,0.437,0.4395,0.4426,0.4463,0.4508,0.4558,0.4614,0.4676,0.4742,0.4813,0.4889,0.4971,0.506,0.5152,0.5249,0.5349,0.5449,0.5552,0.5657,0.5766,0.588,0.5996,0.6112,0.6232,0.6348,0.6464,0.6579,0.6696,0.6814,0.6931,0.7047,0.7164,0.7275,0.7384,0.7491,0.7597,0.7702,0.7806,0.7906,0.8004,0.8099,0.8188,0.8276,0.8362,0.8447,0.8529,0.8608,0.8683,0.8755,0.8821,0.8887,0.8951,0.9014,0.9073,0.913,0.9181,0.9231,0.9277,0.9323,0.9367,0.941,0.9451,0.9489,0.9522,0.9555,0.9585,0.9614,0.9642,0.967,0.9696,0.9719,0.9739,0.9758,0.9776,0.9794,0.9811,0.9829,0.9844,0.9858,0.987,0.9881,0.9891,0.9902,0.9912,0.9922,0.9931,0.9938,0.9944,0.9949,0.9954,0.9959,0.9965,0.9971,0.9975,0.9979,0.9981,0.9984,0.9986,0.9988,0.999,0.9992,0.9994,0.9994,0.9995,0.9995,0.9996,0.9997,0.9999,0.9999,1.0,1.0,0.9999,0.9999,0.9999,0.9999,1.0,1.0,0.9999,0.9999,0.9998,0.9998,0.9999,1.0,0.9999,0.9999,0.9998,0.9997,0.9996,0.9996,0.9997,0.9997,0.9997,0.9997,0.9996,0.9995,0.9995,0.9995,0.9996,0.9998,0.9997,0.9997,0.9996,0.9995,0.9994,0.9994,0.9995
92.64473756621184,7.053944047449056,-64.25355896431999,-56.06391802014109,104.90122024707446,56.4298485257009,r.HARPN.2019-01-22T10-07-02.850_S1D_A.fits,S1D_spectra/sun_harpsN/2019-01-22/r.HARPN.2019-01-22T10-07-02.850_S1D_A.fits,Sun,2019-01-22T10:07:02.850,58505.4215509258,0.11525329621226,31.9999999996965,211524,0.9948,0.9949,0.9951,0.9952,0.9951,0.995,0.9949,0.9948,0.9947,0.9948,0.995,0.9951,0.9952,0.9952,0.9952,0.9952,0.9951,0.9952,0.9953,0.9954,0.9954,0.9954,0.9954,0.9953,0.9952,0.9952,0.9952,0.9953,0.9954,0.9954,0.9955,0.9955,0.9954,0.9953,0.9952,0.9952,0.9951,0.9951,0.995,0.995,0.9948,0.9947,0.9946,0.9945,0.9944,0.9943,0.9941,0.9939,0.9936,0.9933,0.9929,0.9926,0.9923,0.9919,0.9916,0.9913,0.9908,0.9903,0.9898,0.9891,0.9884,0.9876,0.9869,0.9861,0.9851,0.9842,0.9832,0.9821,0.9809,0.9797,0.9784,0.977,0.9754,0.9738,0.972,0.9701,0.9679,0.9657,0.9633,0.9608,0.9581,0.9553,0.9523,0.9491,0.9457,0.9421,0.9384,0.9345,0.9302,0.9259,0.9212,0.9163,0.9111,0.9056,0.9,0.8942,0.8879,0.8817,0.8751,0.8683,0.8611,0.8536,0.8459,0.838,0.8297,0.8212,0.8126,0.8038,0.7946,0.785,0.7753,0.7653,0.755,0.7446,0.7344,0.7239,0.7133,0.7024,0.6914,0.6803,0.6691,0.6578,0.6469,0.6359,0.6249,0.6139,0.6028,0.5919,0.5811,0.5703,0.5602,0.5501,0.5405,0.5309,0.5215,0.5125,0.5038,0.4953,0.4875,0.4802,0.4734,0.467,0.4611,0.4556,0.4508,0.4463,0.4426,0.4395,0.437,0.4352,0.4339,0.4332,0.4332,0.4338,0.435,0.4368,0.4393,0.4423,0.4461,0.4506,0.4556,0.4613,0.4674,0.474,0.4811,0.4886,0.4968,0.5056,0.5149,0.5245,0.5345,0.5445,0.5549,0.5654,0.5764,0.5878,0.5993,0.611,0.6229,0.6344,0.6459,0.6575,0.6692,0.681,0.6927,0.7043,0.716,0.7271,0.7379,0.7486,0.7592,0.7698,0.7802,0.7903,0.8002,0.8097,0.8186,0.8274,0.836,0.8445,0.8526,0.8604,0.8679,0.8751,0.8818,0.8884,0.8948,0.9011,0.907,0.9126,0.9178,0.9228,0.9274,0.932,0.9364,0.9408,0.9449,0.9487,0.9521,0.9554,0.9584,0.9614,0.9643,0.9671,0.9697,0.9721,0.9742,0.9762,0.978,0.9798,0.9815,0.9833,0.9848,0.9861,0.9872,0.9883,0.9893,0.9903,0.9914,0.9924,0.9933,0.994,0.9946,0.9951,0.9956,0.9961,0.9967,0.9972,0.9976,0.9979,0.9982,0.9984,0.9986,0.9988,0.9991,0.9993,0.9995,0.9995,0.9995,0.9996,0.9997,0.9997,0.9998,0.9999,0.9999,0.9999,0.9998,0.9998,0.9999,1.0,1.0,1.0,1.0,0.9999,0.9998,0.9997,0.9997,0.9997,0.9996,0.9996,0.9994,0.9994,0.9993,0.9994,0.9995,0.9996,0.9996,0.9996,0.9996,0.9995,0.9994,0.9995,0.9995,0.9996,0.9996,0.9996,0.9995,0.9995,0.9995,0.9995,0.9996
91.2830347424641,7.04993934819201,-65.18138686442514,-56.49597757949254,99.12515738161561,56.470841670736995,r.HARPN.2019-01-23T10-14-08.384_S1D_A.fits,S1D_spectra/sun_harpsN/2019-01-23/r.HARPN.2019-01-23T10-14-08.384_S1D_A.fits,Sun,2019-01-23T10:14:08.384,58506.4264814812,0.0968481326676707,31.9999999996997,211524,0.9947,0.9949,0.995,0.9951,0.995,0.9949,0.9948,0.9947,0.9946,0.9946,0.9947,0.9948,0.9948,0.9948,0.9948,0.9947,0.9947,0.9947,0.9949,0.995,0.9951,0.9951,0.9952,0.9951,0.995,0.995,0.9951,0.9952,0.9953,0.9954,0.9955,0.9954,0.9953,0.9952,0.9952,0.9952,0.9951,0.9951,0.9951,0.995,0.9949,0.9947,0.9946,0.9945,0.9944,0.9942,0.9941,0.9939,0.9937,0.9934,0.9931,0.9928,0.9925,0.9921,0.9918,0.9914,0.9909,0.9904,0.9898,0.9892,0.9885,0.9878,0.9871,0.9863,0.9854,0.9844,0.9834,0.9822,0.9809,0.9796,0.9783,0.9768,0.9752,0.9735,0.9717,0.9698,0.9677,0.9655,0.9632,0.9607,0.958,0.9552,0.9521,0.9489,0.9454,0.9418,0.938,0.9341,0.9299,0.9257,0.9211,0.9163,0.9111,0.9057,0.9001,0.8943,0.8881,0.8818,0.8752,0.8684,0.8612,0.8536,0.8459,0.8379,0.8295,0.821,0.8124,0.8035,0.7943,0.7848,0.7751,0.7652,0.7549,0.7447,0.7344,0.7239,0.7133,0.7024,0.6912,0.6801,0.6688,0.6575,0.6465,0.6355,0.6246,0.6135,0.6025,0.5915,0.5807,0.5699,0.5596,0.5496,0.5398,0.5302,0.5209,0.5118,0.5032,0.4948,0.4871,0.4799,0.4731,0.4668,0.4609,0.4554,0.4505,0.446,0.4423,0.4391,0.4366,0.4347,0.4335,0.4328,0.4327,0.4333,0.4346,0.4364,0.4389,0.442,0.4458,0.4503,0.4553,0.461,0.4672,0.4738,0.4809,0.4884,0.4967,0.5055,0.5147,0.5243,0.5343,0.5443,0.5547,0.5652,0.5762,0.5875,0.5991,0.6107,0.6226,0.6342,0.6457,0.6573,0.669,0.6809,0.6927,0.7043,0.716,0.7272,0.7381,0.7488,0.7594,0.77,0.7804,0.7905,0.8004,0.8098,0.8188,0.8277,0.8363,0.8448,0.8529,0.8608,0.8683,0.8754,0.8821,0.8887,0.895,0.9013,0.9072,0.9129,0.9181,0.9231,0.9278,0.9323,0.9367,0.9411,0.9451,0.9489,0.9523,0.9555,0.9585,0.9615,0.9643,0.9671,0.9697,0.9721,0.9741,0.9761,0.9779,0.9797,0.9814,0.9832,0.9847,0.9861,0.9872,0.9883,0.9893,0.9903,0.9913,0.9923,0.9932,0.9939,0.9944,0.995,0.9955,0.996,0.9965,0.997,0.9974,0.9977,0.9979,0.9981,0.9983,0.9985,0.9988,0.999,0.9992,0.9993,0.9994,0.9995,0.9996,0.9997,0.9999,0.9999,1.0,1.0,0.9999,0.9998,0.9999,0.9999,0.9999,0.9999,0.9999,0.9998,0.9997,0.9997,0.9998,0.9999,0.9998,0.9998,0.9998,0.9997,0.9996,0.9996,0.9997,0.9997,0.9996,0.9996,0.9994,0.9993,0.9992,0.9992,0.9993,0.9994,0.9994,0.9994,0.9993,0.9993,0.9993,0.9994,0.9994
92.0151832296102,7.049804013710737,-64.64680021149097,-55.643321017251616,99.4403798882106,56.453784972186824,r.HARPN.2019-01-24T10-07-25.585_S1D_A.fits,S1D_spectra/sun_harpsN/2019-01-24/r.HARPN.2019-01-24T10-07-25.585_S1D_A.fits,Sun,2019-01-24T10:07:25.585,58507.4218171295,0.0945740878120866,31.9999999996876,211524,0.9946,0.9947,0.9948,0.9949,0.9949,0.9948,0.9948,0.9947,0.9947,0.9949,0.995,0.9952,0.9952,0.9952,0.9952,0.9951,0.995,0.995,0.9951,0.9952,0.9953,0.9952,0.9952,0.9951,0.995,0.9949,0.9949,0.9949,0.995,0.995,0.995,0.995,0.995,0.9949,0.9949,0.9949,0.995,0.995,0.995,0.995,0.9948,0.9946,0.9945,0.9943,0.9942,0.9941,0.9939,0.9937,0.9935,0.9932,0.9929,0.9926,0.9923,0.9919,0.9916,0.9912,0.9907,0.9903,0.9897,0.9891,0.9885,0.9878,0.9871,0.9864,0.9855,0.9846,0.9835,0.9823,0.981,0.9797,0.9784,0.9769,0.9753,0.9737,0.9718,0.9698,0.9677,0.9655,0.9631,0.9606,0.9579,0.9551,0.952,0.9488,0.9454,0.9418,0.938,0.9341,0.9299,0.9256,0.921,0.9162,0.9111,0.9057,0.9,0.8942,0.888,0.8817,0.8751,0.8683,0.8611,0.8536,0.8459,0.8381,0.8297,0.8213,0.8127,0.8039,0.7947,0.7852,0.7755,0.7656,0.7553,0.745,0.7348,0.7243,0.7137,0.7027,0.6916,0.6805,0.6692,0.6578,0.6468,0.6357,0.6248,0.6137,0.6026,0.5916,0.5808,0.57,0.5598,0.5498,0.5401,0.5305,0.5212,0.5121,0.5034,0.495,0.4872,0.4799,0.4732,0.4668,0.4608,0.4554,0.4505,0.446,0.4423,0.4392,0.4368,0.4349,0.4337,0.4331,0.4331,0.4337,0.4349,0.4368,0.4392,0.4423,0.4461,0.4505,0.4555,0.4612,0.4673,0.4738,0.4809,0.4884,0.4967,0.5055,0.5147,0.5244,0.5345,0.5445,0.5548,0.5653,0.5763,0.5876,0.5992,0.6108,0.6228,0.6343,0.6459,0.6574,0.6691,0.681,0.6927,0.7043,0.716,0.7271,0.738,0.7487,0.7594,0.77,0.7803,0.7904,0.8003,0.8098,0.8187,0.8275,0.8361,0.8446,0.8528,0.8606,0.8681,0.8754,0.882,0.8887,0.8951,0.9014,0.9073,0.913,0.9182,0.9232,0.9279,0.9324,0.9368,0.9411,0.9452,0.9489,0.9524,0.9556,0.9587,0.9617,0.9646,0.9675,0.9701,0.9724,0.9745,0.9764,0.9781,0.9798,0.9815,0.9833,0.9848,0.9861,0.9873,0.9884,0.9894,0.9904,0.9915,0.9925,0.9934,0.994,0.9946,0.9951,0.9956,0.9961,0.9967,0.9972,0.9976,0.9978,0.998,0.9982,0.9984,0.9986,0.9989,0.9991,0.9992,0.9993,0.9993,0.9994,0.9995,0.9996,0.9998,0.9998,0.9999,0.9999,0.9998,0.9999,1.0,1.0,1.0,1.0,0.9999,0.9999,0.9997,0.9997,0.9998,0.9998,0.9998,0.9998,0.9998,0.9998,0.9998,0.9998,0.9999,0.9999,0.9999,0.9998,0.9997,0.9996,0.9994,0.9995,0.9995,0.9997,0.9997,0.9996,0.9996,0.9995,0.9995,0.9995,0.9996
91.4503241608858,7.054120910081205,-62.81626861784023,-54.37232579732436,97.96689983151033,56.42398759748607,r.HARPN.2019-01-25T10-05-31.217_S1D_A.fits,S1D_spectra/sun_harpsN/2019-01-25/r.HARPN.2019-01-25T10-05-31.217_S1D_A.fits,Sun,2019-01-25T10:05:31.217,58508.4204976847,0.087332937921623,31.9999999997066,211524,0.995,0.9951,0.9952,0.9952,0.9952,0.9951,0.995,0.9949,0.9948,0.995,0.9951,0.9953,0.9953,0.9953,0.9953,0.9952,0.9951,0.9952,0.9953,0.9954,0.9954,0.9954,0.9954,0.9953,0.9952,0.9951,0.9952,0.9952,0.9953,0.9953,0.9954,0.9954,0.9953,0.9952,0.9951,0.9951,0.9951,0.995,0.995,0.995,0.9948,0.9947,0.9945,0.9944,0.9943,0.9942,0.994,0.9939,0.9937,0.9934,0.9931,0.9929,0.9926,0.9923,0.9919,0.9916,0.9911,0.9906,0.9901,0.9895,0.9888,0.9881,0.9875,0.9867,0.9858,0.9849,0.9839,0.9827,0.9815,0.9801,0.9787,0.9772,0.9755,0.9737,0.9718,0.9698,0.9676,0.9654,0.963,0.9606,0.9579,0.9552,0.9522,0.9491,0.9456,0.9421,0.9383,0.9343,0.9301,0.9258,0.9211,0.9163,0.9111,0.9057,0.9001,0.8943,0.8881,0.8818,0.8752,0.8684,0.8612,0.8537,0.8459,0.838,0.8297,0.8213,0.8127,0.8038,0.7946,0.7851,0.7753,0.7655,0.7552,0.7448,0.7345,0.724,0.7134,0.7025,0.6914,0.6803,0.669,0.6577,0.6467,0.6357,0.6248,0.6137,0.6026,0.5916,0.5808,0.57,0.5598,0.5498,0.5401,0.5306,0.5213,0.5122,0.5035,0.4951,0.4874,0.4801,0.4734,0.467,0.4611,0.4557,0.4508,0.4464,0.4427,0.4396,0.4372,0.4353,0.4341,0.4334,0.4334,0.434,0.4352,0.4371,0.4396,0.4427,0.4465,0.4509,0.4559,0.4616,0.4677,0.4743,0.4814,0.4889,0.4971,0.5059,0.5151,0.5247,0.5348,0.5448,0.5551,0.5656,0.5766,0.5879,0.5995,0.6111,0.623,0.6346,0.6461,0.6576,0.6693,0.681,0.6928,0.7044,0.716,0.7272,0.738,0.7487,0.7593,0.7698,0.7802,0.7902,0.8001,0.8095,0.8185,0.8274,0.836,0.8445,0.8527,0.8606,0.8681,0.8753,0.882,0.8887,0.8951,0.9014,0.9074,0.913,0.9183,0.9233,0.928,0.9325,0.9369,0.9413,0.9453,0.949,0.9523,0.9555,0.9585,0.9614,0.9643,0.9671,0.9698,0.9721,0.9742,0.9762,0.978,0.9798,0.9816,0.9833,0.9848,0.9861,0.9872,0.9882,0.9892,0.9903,0.9913,0.9923,0.9931,0.9938,0.9944,0.9949,0.9954,0.9959,0.9965,0.997,0.9975,0.9978,0.9981,0.9984,0.9986,0.9988,0.9991,0.9993,0.9995,0.9995,0.9995,0.9995,0.9995,0.9996,0.9997,0.9997,0.9998,0.9997,0.9997,0.9998,0.9999,1.0,1.0,1.0,1.0,0.9999,0.9998,0.9998,0.9998,0.9998,0.9998,0.9997,0.9996,0.9996,0.9995,0.9996,0.9997,0.9998,0.9998,0.9998,0.9998,0.9997,0.9996,0.9996,0.9997,0.9997,0.9997,0.9996,0.9995,0.9994,0.9994,0.9994,0.9995
91.71766272755892,7.052900569146055,-62.23722911904709,-53.87964372985894,93.83282243757965,56.45973384800651,r.HARPN.2019-01-26T10-15-26.585_S1D_A.fits,S1D_spectra/sun_harpsN/2019-01-26/r.HARPN.2019-01-26T10-15-26.585_S1D_A.fits,Sun,2019-01-26T10:15:26.585,58509.4273842592,0.0673447070716531,31.9999999997664,211524,0.995,0.9952,0.9953,0.9954,0.9954,0.9953,0.9951,0.995,0.995,0.9951,0.9952,0.9953,0.9953,0.9953,0.9953,0.9953,0.9952,0.9952,0.9954,0.9955,0.9955,0.9956,0.9956,0.9955,0.9954,0.9953,0.9953,0.9953,0.9953,0.9953,0.9953,0.9952,0.9951,0.995,0.995,0.995,0.9951,0.9951,0.9952,0.9952,0.995,0.9949,0.9948,0.9947,0.9947,0.9946,0.9945,0.9944,0.9941,0.9938,0.9935,0.9932,0.9929,0.9925,0.9922,0.9918,0.9914,0.9909,0.9903,0.9897,0.989,0.9883,0.9875,0.9867,0.9857,0.9848,0.9837,0.9825,0.9813,0.98,0.9787,0.9772,0.9756,0.9739,0.972,0.97,0.9679,0.9657,0.9633,0.9609,0.9582,0.9555,0.9525,0.9493,0.9459,0.9423,0.9385,0.9345,0.9303,0.926,0.9213,0.9165,0.9113,0.9059,0.9003,0.8946,0.8883,0.882,0.8754,0.8686,0.8613,0.8538,0.8461,0.8382,0.8298,0.8214,0.8128,0.8039,0.7947,0.7851,0.7753,0.7654,0.7551,0.7448,0.7345,0.724,0.7134,0.7025,0.6914,0.6803,0.669,0.6576,0.6466,0.6355,0.6246,0.6135,0.6024,0.5914,0.5806,0.5698,0.5596,0.5496,0.5399,0.5303,0.5209,0.5119,0.5032,0.4948,0.4871,0.4799,0.4732,0.4668,0.4609,0.4555,0.4506,0.4462,0.4425,0.4394,0.4369,0.4351,0.4338,0.4332,0.4331,0.4337,0.4349,0.4368,0.4392,0.4423,0.4461,0.4506,0.4557,0.4613,0.4675,0.4741,0.4812,0.4887,0.4969,0.5057,0.5149,0.5245,0.5345,0.5445,0.5548,0.5653,0.5763,0.5877,0.5993,0.6109,0.6228,0.6344,0.6459,0.6574,0.6691,0.6809,0.6927,0.7043,0.716,0.7271,0.738,0.7487,0.7593,0.7699,0.7803,0.7903,0.8002,0.8097,0.8187,0.8275,0.8361,0.8446,0.8528,0.8606,0.8681,0.8753,0.882,0.8887,0.8951,0.9013,0.9073,0.913,0.9182,0.9233,0.9279,0.9324,0.9369,0.9412,0.9453,0.949,0.9524,0.9556,0.9586,0.9615,0.9644,0.9672,0.9698,0.9722,0.9742,0.9762,0.978,0.9798,0.9816,0.9834,0.985,0.9863,0.9875,0.9886,0.9896,0.9906,0.9916,0.9926,0.9935,0.9941,0.9946,0.9951,0.9956,0.9961,0.9967,0.9972,0.9976,0.9979,0.9982,0.9984,0.9987,0.9989,0.9992,0.9995,0.9996,0.9997,0.9997,0.9997,0.9998,0.9998,0.9999,1.0,1.0,0.9999,0.9999,0.9999,1.0,1.0,1.0,0.9999,0.9999,0.9998,0.9997,0.9997,0.9998,0.9998,0.9997,0.9997,0.9997,0.9996,0.9995,0.9995,0.9996,0.9997,0.9997,0.9997,0.9997,0.9996,0.9996,0.9997,0.9998,0.9999,0.9999,0.9998,0.9997,0.9997,0.9996,0.9996,0.9997
89.9573417313017,7.048244045611014,-63.37198130843177,-55.18784410676897,94.46021748962552,56.505338700823835,r.HARPN.2019-01-27T10-30-08.424_S1D_A.fits,S1D_spectra/sun_harpsN/2019-01-27/r.HARPN.2019-01-27T10-30-08.424_S1D_A.fits,Sun,2019-01-27T10:30:08.424,58510.4375925926,0.04159189046797,31.9999999998356,211524,0.9946,0.9948,0.9949,0.995,0.995,0.9949,0.9948,0.9948,0.9947,0.9948,0.995,0.9952,0.9952,0.9953,0.9953,0.9952,0.9951,0.9952,0.9953,0.9954,0.9954,0.9954,0.9954,0.9953,0.9952,0.9952,0.9952,0.9953,0.9954,0.9954,0.9954,0.9954,0.9953,0.9952,0.9951,0.9951,0.9951,0.9951,0.9951,0.9951,0.995,0.9949,0.9948,0.9947,0.9946,0.9945,0.9944,0.9943,0.994,0.9937,0.9934,0.9931,0.9927,0.9923,0.992,0.9916,0.9911,0.9906,0.99,0.9893,0.9887,0.988,0.9872,0.9865,0.9856,0.9846,0.9836,0.9825,0.9812,0.98,0.9787,0.9772,0.9757,0.974,0.9721,0.9701,0.968,0.9657,0.9634,0.9608,0.9581,0.9554,0.9523,0.9491,0.9457,0.9421,0.9383,0.9344,0.9301,0.9258,0.9212,0.9164,0.9112,0.9058,0.9002,0.8944,0.8882,0.8819,0.8753,0.8685,0.8612,0.8537,0.8459,0.838,0.8296,0.8211,0.8125,0.8036,0.7944,0.7849,0.7751,0.7652,0.7549,0.7446,0.7342,0.7237,0.7131,0.7021,0.691,0.6799,0.6686,0.6573,0.6463,0.6353,0.6244,0.6133,0.6022,0.5912,0.5803,0.5695,0.5593,0.5493,0.5396,0.53,0.5206,0.5115,0.5028,0.4944,0.4866,0.4794,0.4726,0.4662,0.4603,0.4549,0.45,0.4456,0.4419,0.4388,0.4364,0.4345,0.4332,0.4326,0.4326,0.4332,0.4344,0.4363,0.4388,0.4419,0.4457,0.4502,0.4553,0.461,0.4671,0.4737,0.4809,0.4884,0.4967,0.5054,0.5147,0.5243,0.5344,0.5444,0.5547,0.5652,0.5762,0.5876,0.5992,0.6109,0.6228,0.6345,0.6461,0.6576,0.6693,0.6812,0.6929,0.7045,0.7162,0.7273,0.7381,0.7488,0.7594,0.77,0.7803,0.7904,0.8003,0.8098,0.8188,0.8277,0.8363,0.8448,0.853,0.8609,0.8684,0.8756,0.8823,0.8889,0.8953,0.9015,0.9075,0.9131,0.9183,0.9233,0.9279,0.9325,0.9369,0.9413,0.9454,0.9492,0.9526,0.9559,0.959,0.9619,0.9648,0.9676,0.9702,0.9725,0.9745,0.9764,0.9782,0.98,0.9818,0.9835,0.9851,0.9864,0.9876,0.9886,0.9896,0.9906,0.9916,0.9926,0.9934,0.9941,0.9946,0.9951,0.9956,0.9961,0.9967,0.9971,0.9976,0.9978,0.9981,0.9983,0.9986,0.9988,0.999,0.9992,0.9994,0.9994,0.9994,0.9995,0.9996,0.9997,0.9998,0.9999,1.0,0.9999,0.9999,0.9998,0.9999,1.0,1.0,1.0,1.0,0.9999,0.9998,0.9998,0.9998,0.9998,0.9997,0.9997,0.9996,0.9995,0.9994,0.9995,0.9996,0.9996,0.9996,0.9995,0.9994,0.9994,0.9993,0.9994,0.9995,0.9996,0.9996,0.9995,0.9994,0.9993,0.9993,0.9993,0.9994
89.26422655062413,7.0443867988705104,-63.00960116433979,-54.61978086644183,78.36847357499205,56.578435379054014,r.HARPN.2019-01-28T11-20-41.365_S1D_A.fits,S1D_spectra/sun_harpsN/2019-01-28/r.HARPN.2019-01-28T11-20-41.365_S1D_A.fits,Sun,2019-01-28T11:20:41.365,58511.4726967597,-0.0344667496669882,31.999999999887,211524,0.9946,0.9947,0.9948,0.9949,0.9948,0.9947,0.9945,0.9944,0.9943,0.9944,0.9945,0.9946,0.9947,0.9946,0.9946,0.9945,0.9945,0.9946,0.9947,0.9949,0.995,0.995,0.9951,0.995,0.995,0.995,0.9951,0.9951,0.9952,0.9953,0.9954,0.9954,0.9953,0.9952,0.9952,0.9952,0.9952,0.9951,0.9951,0.9951,0.9949,0.9948,0.9946,0.9945,0.9943,0.9942,0.9941,0.9939,0.9936,0.9934,0.9931,0.9929,0.9926,0.9924,0.9921,0.9918,0.9913,0.9909,0.9904,0.9898,0.9891,0.9885,0.9877,0.9869,0.986,0.985,0.9839,0.9827,0.9814,0.9801,0.9788,0.9773,0.9758,0.9741,0.9723,0.9703,0.9682,0.9659,0.9636,0.961,0.9584,0.9556,0.9525,0.9493,0.9459,0.9423,0.9385,0.9345,0.9303,0.926,0.9213,0.9165,0.9113,0.9059,0.9002,0.8944,0.8881,0.8818,0.8752,0.8683,0.8611,0.8536,0.8458,0.8379,0.8295,0.8211,0.8124,0.8035,0.7942,0.7847,0.7748,0.7649,0.7545,0.7442,0.7339,0.7234,0.7128,0.7019,0.6908,0.6796,0.6682,0.6568,0.6457,0.6346,0.6236,0.6125,0.6014,0.5904,0.5795,0.5687,0.5585,0.5485,0.5388,0.5293,0.52,0.5109,0.5023,0.4938,0.4861,0.4788,0.472,0.4657,0.4598,0.4543,0.4495,0.4451,0.4413,0.4383,0.4358,0.4339,0.4327,0.432,0.432,0.4326,0.4338,0.4357,0.4381,0.4412,0.4451,0.4495,0.4546,0.4603,0.4666,0.4731,0.4803,0.4878,0.4961,0.5049,0.5142,0.5238,0.5339,0.5439,0.5543,0.5648,0.5758,0.5872,0.5988,0.6105,0.6224,0.634,0.6456,0.6572,0.6689,0.6808,0.6926,0.7043,0.716,0.7272,0.738,0.7488,0.7594,0.77,0.7804,0.7905,0.8004,0.8099,0.8188,0.8277,0.8363,0.8448,0.853,0.8609,0.8684,0.8756,0.8824,0.889,0.8953,0.9016,0.9075,0.9132,0.9184,0.9235,0.9281,0.9327,0.9372,0.9416,0.9457,0.9495,0.9529,0.9561,0.9591,0.962,0.9648,0.9676,0.9701,0.9724,0.9745,0.9764,0.9782,0.98,0.9818,0.9836,0.9851,0.9865,0.9877,0.9888,0.9898,0.9908,0.9918,0.9928,0.9936,0.9942,0.9947,0.9952,0.9956,0.9961,0.9967,0.9972,0.9976,0.9979,0.9982,0.9984,0.9986,0.9988,0.9991,0.9993,0.9995,0.9996,0.9996,0.9997,0.9998,0.9999,1.0,1.0,1.0,0.9999,0.9998,0.9997,0.9998,0.9999,0.9999,0.9999,0.9999,0.9999,0.9998,0.9997,0.9998,0.9998,0.9997,0.9996,0.9995,0.9994,0.9993,0.9993,0.9994,0.9995,0.9994,0.9994,0.9993,0.9993,0.9992,0.9992,0.9993,0.9994,0.9994,0.9994,0.9993,0.9992,0.9992,0.9992,0.9992
88.53266946530387,7.044294870288185,-64.65227795706797,-56.108803208309894,81.13850867488597,56.56362811241197,r.HARPN.2019-01-29T11-09-42.038_S1D_A.fits,S1D_spectra/sun_harpsN/2019-01-29/r.HARPN.2019-01-29T11-09-42.038_S1D_A.fits,Sun,2019-01-29T11:09:42.038,58512.4650694449,-0.025585204897514,31.9999999999467,211524,0.9942,0.9944,0.9946,0.9947,0.9947,0.9946,0.9945,0.9944,0.9944,0.9945,0.9947,0.9948,0.9948,0.9948,0.9947,0.9946,0.9945,0.9946,0.9947,0.9948,0.9949,0.9949,0.9949,0.9948,0.9948,0.9947,0.9948,0.9949,0.995,0.995,0.9951,0.9951,0.995,0.9949,0.9949,0.9948,0.9949,0.9949,0.9949,0.9948,0.9947,0.9945,0.9944,0.9943,0.9942,0.9941,0.994,0.9938,0.9936,0.9934,0.9931,0.9928,0.9925,0.9922,0.9919,0.9915,0.9911,0.9906,0.99,0.9893,0.9886,0.9879,0.9872,0.9864,0.9855,0.9846,0.9835,0.9824,0.9811,0.9798,0.9784,0.9769,0.9753,0.9736,0.9718,0.9698,0.9677,0.9656,0.9633,0.9608,0.9581,0.9554,0.9524,0.9492,0.9457,0.9421,0.9383,0.9343,0.9301,0.9257,0.921,0.9162,0.911,0.9055,0.8999,0.8941,0.8879,0.8816,0.8751,0.8683,0.861,0.8535,0.8457,0.8377,0.8293,0.8208,0.8122,0.8033,0.7941,0.7846,0.7748,0.7649,0.7546,0.7442,0.7339,0.7234,0.7128,0.7018,0.6907,0.6795,0.6681,0.6568,0.6458,0.6347,0.6238,0.6127,0.6016,0.5906,0.5798,0.5689,0.5587,0.5486,0.5389,0.5293,0.52,0.5109,0.5022,0.4938,0.4861,0.4788,0.4721,0.4657,0.4598,0.4543,0.4495,0.445,0.4413,0.4383,0.4358,0.4339,0.4327,0.4321,0.4321,0.4327,0.434,0.4358,0.4383,0.4414,0.4452,0.4497,0.4547,0.4604,0.4666,0.4732,0.4803,0.4879,0.4961,0.5049,0.5142,0.5238,0.5338,0.5439,0.5542,0.5648,0.5758,0.5873,0.5989,0.6106,0.6226,0.6342,0.6458,0.6573,0.6691,0.6809,0.6928,0.7045,0.7162,0.7274,0.7382,0.7489,0.7595,0.7701,0.7804,0.7905,0.8004,0.8099,0.8189,0.8278,0.8364,0.8449,0.8531,0.8609,0.8684,0.8756,0.8823,0.8889,0.8953,0.9016,0.9076,0.9133,0.9185,0.9235,0.9282,0.9327,0.9371,0.9415,0.9455,0.9493,0.9527,0.956,0.959,0.9619,0.9648,0.9676,0.9702,0.9726,0.9747,0.9766,0.9784,0.9802,0.9819,0.9836,0.9851,0.9864,0.9876,0.9886,0.9897,0.9908,0.9918,0.9929,0.9938,0.9945,0.9951,0.9956,0.9961,0.9965,0.997,0.9974,0.9978,0.998,0.9982,0.9983,0.9985,0.9987,0.999,0.9992,0.9994,0.9994,0.9995,0.9995,0.9997,0.9997,0.9999,1.0,1.0,0.9999,0.9998,0.9998,0.9999,0.9999,0.9999,0.9998,0.9997,0.9997,0.9995,0.9995,0.9996,0.9996,0.9995,0.9995,0.9994,0.9993,0.9993,0.9993,0.9994,0.9995,0.9994,0.9994,0.9993,0.9993,0.9992,0.9993,0.9994,0.9995,0.9995,0.9995,0.9994,0.9993,0.9993,0.9993,0.9994
88.65904903849959,7.053679794140143,-65.90339789466712,-57.06557710482109,102.44726921036663,56.43303389140589,r.HARPN.2019-01-31T09-56-15.040_S1D_A.fits,S1D_spectra/sun_harpsN/2019-01-31/r.HARPN.2019-01-31T09-56-15.040_S1D_A.fits,Sun,2019-01-31T09:56:15.040,58514.4140625,0.0537042229713571,31.9999999999999,211524,0.9949,0.995,0.9951,0.9952,0.9952,0.9951,0.995,0.9949,0.9948,0.995,0.9951,0.9952,0.9953,0.9952,0.9952,0.9951,0.995,0.9951,0.9952,0.9953,0.9954,0.9954,0.9954,0.9953,0.9952,0.9951,0.9951,0.9951,0.9952,0.9952,0.9952,0.9951,0.995,0.9949,0.9949,0.9949,0.995,0.995,0.995,0.995,0.9948,0.9947,0.9946,0.9944,0.9943,0.9942,0.9941,0.994,0.9938,0.9935,0.9932,0.9928,0.9925,0.9921,0.9917,0.9913,0.9908,0.9902,0.9896,0.989,0.9883,0.9876,0.9868,0.986,0.9851,0.9842,0.9831,0.982,0.9807,0.9795,0.9781,0.9767,0.9751,0.9735,0.9717,0.9697,0.9676,0.9654,0.9631,0.9606,0.9579,0.9552,0.9521,0.9489,0.9455,0.9419,0.938,0.9341,0.9298,0.9255,0.9208,0.916,0.9108,0.9054,0.8997,0.8939,0.8877,0.8814,0.8748,0.868,0.8607,0.8532,0.8455,0.8376,0.8292,0.8208,0.8122,0.8034,0.7941,0.7846,0.7748,0.7649,0.7546,0.7443,0.734,0.7236,0.713,0.7021,0.6911,0.68,0.6688,0.6575,0.6465,0.6355,0.6245,0.6134,0.6024,0.5914,0.5805,0.5698,0.5596,0.5496,0.5399,0.5303,0.521,0.5119,0.5033,0.4949,0.4872,0.48,0.4732,0.4669,0.461,0.4556,0.4507,0.4463,0.4425,0.4395,0.437,0.4351,0.4338,0.4332,0.4331,0.4337,0.435,0.4369,0.4393,0.4424,0.4463,0.4507,0.4558,0.4615,0.4677,0.4743,0.4814,0.4889,0.4971,0.5059,0.5151,0.5248,0.5348,0.5447,0.5551,0.5656,0.5766,0.588,0.5995,0.6112,0.6231,0.6347,0.6463,0.6578,0.6695,0.6813,0.693,0.7046,0.7163,0.7275,0.7383,0.749,0.7597,0.7703,0.7807,0.7907,0.8006,0.8101,0.819,0.8279,0.8365,0.845,0.8531,0.8609,0.8684,0.8756,0.8822,0.8888,0.8952,0.9015,0.9074,0.913,0.9182,0.9232,0.9278,0.9324,0.9368,0.9412,0.9452,0.9489,0.9523,0.9556,0.9585,0.9614,0.9643,0.9671,0.9697,0.972,0.9741,0.976,0.9778,0.9796,0.9814,0.9832,0.9848,0.9861,0.9873,0.9884,0.9894,0.9905,0.9915,0.9925,0.9934,0.994,0.9946,0.9951,0.9956,0.9961,0.9966,0.997,0.9975,0.9977,0.998,0.9982,0.9985,0.9987,0.999,0.9992,0.9994,0.9994,0.9994,0.9994,0.9995,0.9996,0.9997,0.9998,0.9999,0.9999,0.9998,0.9998,0.9999,1.0,1.0,1.0,1.0,0.9999,0.9998,0.9999,1.0,1.0,0.9999,0.9999,0.9998,0.9997,0.9996,0.9996,0.9996,0.9996,0.9996,0.9995,0.9994,0.9994,0.9993,0.9994,0.9994,0.9996,0.9995,0.9995,0.9994,0.9994,0.9994,0.9995,0.9996
