loss,mae,val_loss,val_mae,learning_rate
0.01803196221590042,0.07400581985712051,0.008918053470551968,0.060734353959560394,0.0010000000474974513
0.006393399089574814,0.04606570675969124,0.0022491931449621916,0.03205600753426552,0.0010000000474974513
0.00499257817864418,0.03772427886724472,0.003102375427260995,0.037881866097450256,0.0010000000474974513
0.002531852340325713,0.03210601583123207,0.0025634977500885725,0.03264230862259865,0.0010000000474974513
0.002051317598670721,0.02884717285633087,0.0017721879994496703,0.030275071039795876,0.0010000000474974513
0.0018411889905110002,0.027125105261802673,0.0017006822163239121,0.026904208585619926,0.0010000000474974513
0.0016567723359912634,0.025182226672768593,0.0012370493495836854,0.02318263053894043,0.0010000000474974513
0.0013535987818613648,0.023365488275885582,0.0010987912537530065,0.02364579774439335,0.0010000000474974513
0.001383364899083972,0.023294655606150627,0.0008698488236404955,0.020671188831329346,0.0010000000474974513
0.0011537432437762618,0.021618792787194252,0.0007039823685772717,0.018307629972696304,0.0010000000474974513
0.001102335867471993,0.020846910774707794,0.0006699669756926596,0.01812996156513691,0.0010000000474974513
0.0009835719829425216,0.02015107497572899,0.0007419637404382229,0.019331680610775948,0.0010000000474974513
0.0011607451597228646,0.02048809453845024,0.0009068360086530447,0.02113528549671173,0.0010000000474974513
0.0009220960782840848,0.019007259979844093,0.0008181899902410805,0.01803533174097538,0.0010000000474974513
0.0009146889206022024,0.0189436674118042,0.00045141272130422294,0.01421435922384262,0.0010000000474974513
0.0008655524579808116,0.018560009077191353,0.000560860033147037,0.01561902929097414,0.0010000000474974513
0.000749995990190655,0.017476528882980347,0.0006849103956483305,0.017682502046227455,0.0010000000474974513
0.0008011186146177351,0.017694449052214622,0.0006235981127247214,0.016982149332761765,0.0010000000474974513
0.0007735742838121951,0.017573686316609383,0.0005692450213246047,0.016173075884580612,0.0010000000474974513
0.0007352848770096898,0.01715223304927349,0.0004137488722335547,0.013675905764102936,0.0010000000474974513
0.0007011335110291839,0.016748789697885513,0.0014535030350089073,0.02621329203248024,0.0010000000474974513
0.0006474361871369183,0.01630992442369461,0.00043353691580705345,0.013667182065546513,0.0010000000474974513
0.0006276114727370441,0.015985431149601936,0.0007330249063670635,0.019444648176431656,0.0010000000474974513
0.00034227801370434463,0.012015421874821186,0.00027826454606838524,0.01124269887804985,0.0005000000237487257
0.00033661711495369673,0.011919321492314339,0.00023548280296381563,0.010090882889926434,0.0005000000237487257
0.0003207822737749666,0.011601652018725872,0.0002662906190380454,0.010858633555471897,0.0005000000237487257
0.0003132058191113174,0.01146373525261879,0.0002594669349491596,0.01072304043918848,0.0005000000237487257
0.000311845273245126,0.011368578299880028,0.0004609060997609049,0.014757038094103336,0.0005000000237487257
0.00031864127959124744,0.011446419171988964,0.00030940797296352684,0.011767267249524593,0.0005000000237487257
0.0003089972888119519,0.011281945742666721,0.0002149514912161976,0.009573574177920818,0.0005000000237487257
0.00031005090568214655,0.011199665255844593,0.000243360162130557,0.010533677414059639,0.0005000000237487257
0.0003085124189965427,0.011114045046269894,0.00021324043336790055,0.009665370918810368,0.0005000000237487257
0.00020383944502100348,0.00910680741071701,0.00019502866780385375,0.009127438068389893,0.0002500000118743628
0.0001990802848013118,0.00893587339669466,0.00020964253053534776,0.009194471873342991,0.0002500000118743628
0.00019778091518674046,0.0089110117405653,0.00017552093777339906,0.008332842029631138,0.0002500000118743628
0.00019192379841115326,0.008769381791353226,0.00021447277686093003,0.009272639639675617,0.0002500000118743628
0.0001883074000943452,0.008675660938024521,0.00018036790424957871,0.008565349504351616,0.0002500000118743628
0.00018733648175839335,0.008641044609248638,0.00019595687626861036,0.008838823065161705,0.0002500000118743628
0.0001926984405145049,0.008703882806003094,0.0001654517836868763,0.008074142970144749,0.0002500000118743628
0.00017929145542439073,0.00847309734672308,0.0001985158014576882,0.008916057646274567,0.0002500000118743628
0.00018704254762269557,0.008583269082009792,0.00016447369125671685,0.008025672286748886,0.0002500000118743628
0.00018337112851440907,0.008495579473674297,0.00019634778436738998,0.008524357341229916,0.0002500000118743628
0.00018046538752969354,0.008428248576819897,0.00016393946134485304,0.00794354546815157,0.0002500000118743628
0.00014108668256085366,0.007426662370562553,0.00014674582052975893,0.007473763078451157,0.0001250000059371814
0.00014158198609948158,0.007408822420984507,0.00013951338769402355,0.007283598650246859,0.0001250000059371814
0.00013878598110750318,0.007331189699470997,0.00014193556853570044,0.007437112275511026,0.0001250000059371814
0.00013967200357001275,0.007345664780586958,0.00014766724780201912,0.007736217696219683,0.0001250000059371814
0.00013684753503184766,0.007259143516421318,0.00014900523819960654,0.0076555716805160046,0.0001250000059371814
0.00013530929572880268,0.00723952567204833,0.0001375005958834663,0.007408833596855402,0.0001250000059371814
0.0001360252790618688,0.0072369263507425785,0.00014259168528951705,0.00726713752374053,0.0001250000059371814
0.00013503617083188146,0.00720665417611599,0.00013548927381634712,0.007338948547840118,0.0001250000059371814
0.00011821650696219876,0.006713296752423048,0.00012159325706306845,0.0067756944335997105,6.25000029685907e-05
0.00011694142449414358,0.0066831414587795734,0.00012194730516057462,0.0068553416058421135,6.25000029685907e-05
0.00011710268154274672,0.006680373568087816,0.0001196233497466892,0.006719904951751232,6.25000029685907e-05
0.00011613847891567275,0.006651567295193672,0.00012072276149410754,0.006751782726496458,6.25000029685907e-05
0.00011555259698070586,0.006630963180214167,0.0001187177695101127,0.006708767265081406,6.25000029685907e-05
0.00011433898180257529,0.006601424887776375,0.00012132369738537818,0.006803983356803656,6.25000029685907e-05
0.00011357167386449873,0.006582914385944605,0.00011811978038167581,0.006673355121165514,6.25000029685907e-05
0.00011318539327476174,0.006567323114722967,0.00011998651461908594,0.006766847800463438,6.25000029685907e-05
0.00010640612890711054,0.006342913955450058,0.00011221470049349591,0.006456523668020964,3.125000148429535e-05
0.00010554758773650974,0.006318161729723215,0.00011112057109130546,0.006443597376346588,3.125000148429535e-05
0.00010558990470599383,0.0063170078210532665,0.00011114281369373202,0.006470260210335255,3.125000148429535e-05
0.00010483113874215633,0.006297811400145292,0.00011223077308386564,0.006475349888205528,3.125000148429535e-05
0.00010494497837498784,0.0062953936867415905,0.0001116326020564884,0.006437534466385841,3.125000148429535e-05
0.00010435040894662961,0.006280313711613417,0.00011105158773716539,0.006434641778469086,3.125000148429535e-05
0.00010402074985904619,0.006273759063333273,0.00011060046381317079,0.00640002079308033,3.125000148429535e-05
0.0001035975365084596,0.006263233721256256,0.00011019005614798516,0.0064008524641394615,3.125000148429535e-05
0.00010054552694782615,0.00615478353574872,0.0001068346100510098,0.006298289634287357,1.5625000742147677e-05
0.00010021356138167903,0.006146569736301899,0.00010709637717809528,0.0063238670118153095,1.5625000742147677e-05
0.00010000871407100931,0.0061401985585689545,0.00010674618533812463,0.00631966395303607,1.5625000742147677e-05
9.991507249651477e-05,0.006136307027190924,0.00010649679461494088,0.006297731772065163,1.5625000742147677e-05
9.953318658517674e-05,0.006126337684690952,0.00010652237688191235,0.006293967831879854,1.5625000742147677e-05
9.944584598997608e-05,0.006122358608990908,0.00010620676766848192,0.0062879957258701324,1.5625000742147677e-05
9.922118624672294e-05,0.006114010699093342,0.00010630364704411477,0.006279619410634041,1.5625000742147677e-05
9.902462625177577e-05,0.006107492838054895,0.00010561971430433914,0.006269061006605625,1.5625000742147677e-05
9.72466659732163e-05,0.006047564558684826,0.00010438313620397821,0.00622447207570076,7.812500371073838e-06
9.707837307360023e-05,0.006043874658644199,0.00010412903066026047,0.006224721670150757,7.812500371073838e-06
9.700260852696374e-05,0.006041699554771185,0.00010405903594801202,0.006219630129635334,7.812500371073838e-06
9.6908763225656e-05,0.006037640850991011,0.00010398303857073188,0.00621976749971509,7.812500371073838e-06
9.679757931735367e-05,0.006034279707819223,0.00010389392991783097,0.0062066675163805485,7.812500371073838e-06
9.670395229477435e-05,0.006031123921275139,0.00010379472223576158,0.006199921015650034,7.812500371073838e-06
9.661291551310569e-05,0.006028030067682266,0.00010380511957919225,0.006200047209858894,7.812500371073838e-06
9.651851723901927e-05,0.006025654263794422,0.00010338521678932011,0.006191863212734461,7.812500371073838e-06
9.570382098900154e-05,0.005998896434903145,0.00010283845040248707,0.0061691273003816605,3.906250185536919e-06
9.56041767494753e-05,0.005996957886964083,0.00010283922892995179,0.006170096807181835,3.906250185536919e-06
9.556353325024247e-05,0.0059958817437291145,0.00010284448944730684,0.006171580404043198,3.906250185536919e-06
9.551288530929014e-05,0.005993988364934921,0.00010275366366840899,0.006166488863527775,3.906250185536919e-06
9.545766079099849e-05,0.005992695223540068,0.0001027136022457853,0.006163422949612141,3.906250185536919e-06
9.542276529828086e-05,0.005991603713482618,0.00010271235805703327,0.006165544502437115,3.906250185536919e-06
9.53600974753499e-05,0.005989938974380493,0.00010271559585817158,0.006165321916341782,3.906250185536919e-06
9.531436080578715e-05,0.005988607183098793,0.00010268285404890776,0.00616398686543107,3.906250185536919e-06
9.491694072494283e-05,0.005975418258458376,0.00010249365004710853,0.006158508360385895,1.9531250927684596e-06
9.485402551945299e-05,0.00597391277551651,0.00010246268357150257,0.006158917676657438,1.9531250927684596e-06
9.482324821874499e-05,0.0059729572385549545,0.00010239181574434042,0.006156161893159151,1.9531250927684596e-06
9.482042514719069e-05,0.005972427316009998,0.00010240962728857994,0.006157120689749718,1.9531250927684596e-06
9.478801803197712e-05,0.005971755366772413,0.00010241372365271673,0.006157468073070049,1.9531250927684596e-06
9.476045670453459e-05,0.005971013568341732,0.00010239204857498407,0.006157508119940758,1.9531250927684596e-06
9.473903628531843e-05,0.005970330908894539,0.00010237475362373516,0.006156919524073601,1.9531250927684596e-06
9.471467637922615e-05,0.005969655700027943,0.00010234003275400028,0.006155356299132109,1.9531250927684596e-06
9.450189099879935e-05,0.005962923634797335,0.00010224046127405018,0.006150661967694759,9.999999974752427e-07
9.447276534046978e-05,0.00596189359202981,0.00010217608360107988,0.006148365326225758,9.999999974752427e-07
9.445291652809829e-05,0.005961662158370018,0.00010218039096798748,0.006148209795355797,9.999999974752427e-07
9.444570605410263e-05,0.005961233284324408,0.00010217601811746135,0.006148260086774826,9.999999974752427e-07
9.44363564485684e-05,0.005961074028164148,0.00010220390686299652,0.006150228902697563,9.999999974752427e-07
9.442272130399942e-05,0.005960701033473015,0.0001022043579723686,0.006149155553430319,9.999999974752427e-07
9.442160808248445e-05,0.005960707552731037,0.00010218715760856867,0.006149330176413059,9.999999974752427e-07
9.439648420084268e-05,0.005959701724350452,0.00010217889939667657,0.0061482032760977745,9.999999974752427e-07
9.436736581847072e-05,0.005959261674433947,0.0001021941498038359,0.006149068474769592,9.999999974752427e-07
9.435864194529131e-05,0.005959121976047754,0.00010216005466645584,0.006148847285658121,9.999999974752427e-07
9.435569518245757e-05,0.005959453526884317,0.0001021476200548932,0.006147974636405706,9.999999974752427e-07
9.434279490960762e-05,0.005959388334304094,0.00010214757639914751,0.006148319225758314,9.999999974752427e-07
9.433516243007034e-05,0.005959449801594019,0.00010218718671239913,0.0061498405411839485,9.999999974752427e-07
9.433562081540003e-05,0.005959038157016039,0.00010215333168162033,0.006149273365736008,9.999999974752427e-07
9.433022205485031e-05,0.005958829540759325,0.00010211668268311769,0.006147746462374926,9.999999974752427e-07
9.43102131714113e-05,0.005958267021924257,0.00010210250184172764,0.006145881488919258,9.999999974752427e-07
9.430146747035906e-05,0.005958230700343847,0.00010208533058175817,0.006146004889160395,9.999999974752427e-07
9.429283818462864e-05,0.0059582083486020565,0.0001021109419525601,0.006147142034024,9.999999974752427e-07
9.428787598153576e-05,0.005958234425634146,0.00010206863225903362,0.0061463862657547,9.999999974752427e-07
9.427621262148023e-05,0.005957910791039467,0.00010208645835518837,0.006146778352558613,9.999999974752427e-07
9.426525502931327e-05,0.0059578632935881615,0.00010207401646766812,0.006145617458969355,9.999999974752427e-07
9.42673214012757e-05,0.005958035122603178,0.00010203607234871015,0.006145814899355173,9.999999974752427e-07
9.425723692402244e-05,0.005958152003586292,0.00010204425052506849,0.00614595552906394,9.999999974752427e-07
9.424582094652578e-05,0.0059577701613307,0.00010203285637544468,0.0061445641331374645,9.999999974752427e-07
9.423409937880933e-05,0.0059574139304459095,0.0001020759082166478,0.006147410254925489,9.999999974752427e-07
9.423369192518294e-05,0.005957786459475756,0.00010204580757999793,0.006146250758320093,9.999999974752427e-07
9.421609138371423e-05,0.005957622546702623,0.00010205632861470804,0.006146331783384085,9.999999974752427e-07
9.420113929081708e-05,0.005957208573818207,0.00010201485565630719,0.00614567007869482,9.999999974752427e-07
9.419289563084021e-05,0.005957025568932295,0.00010200987162534148,0.0061461906880140305,9.999999974752427e-07
9.418802801519632e-05,0.005956912413239479,0.0001020168128889054,0.006146978586912155,9.999999974752427e-07
9.417027467861772e-05,0.005956223234534264,0.0001019960836856626,0.006147143896669149,9.999999974752427e-07
9.417239198228344e-05,0.0059566800482571125,0.0001020069103105925,0.006146732717752457,9.999999974752427e-07
9.41515390877612e-05,0.005956172477453947,0.00010202181147178635,0.0061472817324101925,9.999999974752427e-07
9.41420512390323e-05,0.0059559959918260574,0.00010199837561231107,0.006146829109638929,9.999999974752427e-07
9.414190571988001e-05,0.005956255365163088,0.00010197688243351877,0.00614649523049593,9.999999974752427e-07
9.412495273863897e-05,0.0059555708430707455,0.00010195172944804654,0.0061432793736457825,9.999999974752427e-07
9.412106010131538e-05,0.0059556192718446255,0.00010192899935645983,0.00614245655015111,9.999999974752427e-07
9.411085193278268e-05,0.0059555512852966785,0.00010192969784839079,0.006143129896372557,9.999999974752427e-07
9.409979975316674e-05,0.005954814609140158,0.00010190536704612896,0.006143886595964432,9.999999974752427e-07
9.409277117811143e-05,0.005954761523753405,0.00010192707122769207,0.00614422932267189,9.999999974752427e-07
9.406771278008819e-05,0.005953547079116106,0.00010188118903897703,0.006141541060060263,9.999999974752427e-07
9.405997843714431e-05,0.0059533556923270226,0.00010185833525611088,0.006141314283013344,9.999999974752427e-07
9.404717275174335e-05,0.005952554754912853,0.00010185073188040406,0.006140557117760181,9.999999974752427e-07
9.405783930560574e-05,0.005952833220362663,0.00010183211998082697,0.0061392770148813725,9.999999974752427e-07
9.403071453562006e-05,0.0059517803601920605,0.00010184530401602387,0.006139891687780619,9.999999974752427e-07
9.400891576660797e-05,0.005950612481683493,0.00010184159327764064,0.00613919785246253,9.999999974752427e-07
9.400318958796561e-05,0.005950129125267267,0.00010183634731220081,0.006138626951724291,9.999999974752427e-07
9.398879774380475e-05,0.005949837155640125,0.00010183364793192595,0.006138762459158897,9.999999974752427e-07
9.397318353876472e-05,0.005949110258370638,0.00010181553807342425,0.006137647666037083,9.999999974752427e-07
9.397855319548398e-05,0.005949025508016348,0.00010184120037592947,0.0061404467560350895,9.999999974752427e-07
9.394974040333182e-05,0.005948544945567846,0.00010179385571973398,0.006138542201370001,9.999999974752427e-07
9.394688095198944e-05,0.0059480126947164536,0.0001017624672385864,0.006137963850051165,9.999999974752427e-07
9.39322417252697e-05,0.0059480611234903336,0.00010174814815400168,0.006136699113994837,9.999999974752427e-07
9.392714855493978e-05,0.005947671364992857,0.00010177194781135768,0.006137315183877945,9.999999974752427e-07
9.391119965584949e-05,0.005947404075413942,0.00010176081559620798,0.006138243246823549,9.999999974752427e-07
9.390308696310967e-05,0.0059473286382853985,0.000101753648777958,0.0061378092505037785,9.999999974752427e-07
9.390830382471904e-05,0.005947855766862631,0.00010188775195274502,0.006147764623165131,9.999999974752427e-07
9.389665501657873e-05,0.005947441328316927,0.00010175206989515573,0.006138532422482967,9.999999974752427e-07
9.388024045620114e-05,0.00594702223315835,0.00010177670628763735,0.006138619966804981,9.999999974752427e-07
9.3862421636004e-05,0.005946385208517313,0.00010174926865147427,0.0061371345072984695,9.999999974752427e-07
9.386191959492862e-05,0.005946245510131121,0.00010178958473261446,0.006140585523098707,9.999999974752427e-07
9.384784061694518e-05,0.005945384502410889,0.00010178400407312438,0.006140024866908789,9.999999974752427e-07
9.383151336805895e-05,0.005944859702140093,0.00010177161311730742,0.006139349192380905,9.999999974752427e-07
9.381687414133921e-05,0.005944300442934036,0.0001017745744320564,0.006140407640486956,9.999999974752427e-07
9.380740084452555e-05,0.00594376539811492,0.00010176333307754248,0.006140177138149738,9.999999974752427e-07
9.379616676596925e-05,0.005943309050053358,0.00010174797353101894,0.006140132434666157,9.999999974752427e-07
9.377717651659623e-05,0.0059427483938634396,0.00010173472401220351,0.006138721946626902,9.999999974752427e-07
9.376684465678409e-05,0.005942371673882008,0.00010171407484449446,0.0061377547681331635,9.999999974752427e-07
9.375339141115546e-05,0.005942129530012608,0.00010168789594899863,0.006136802025139332,9.999999974752427e-07
9.373236389365047e-05,0.005940974224358797,0.0001016895766952075,0.00613796291872859,9.999999974752427e-07
9.372270869789645e-05,0.005941065493971109,0.00010165331332245842,0.006136048585176468,9.999999974752427e-07
9.371656778967008e-05,0.005940565839409828,0.00010166683932766318,0.006134058348834515,9.999999974752427e-07
9.370745829073712e-05,0.0059404438361525536,0.00010163522529182956,0.006134935654699802,9.999999974752427e-07
9.369116014568135e-05,0.005939946044236422,0.00010162419494008645,0.006134482100605965,9.999999974752427e-07
9.368114842800424e-05,0.005939371418207884,0.00010161822865484282,0.006133191287517548,9.999999974752427e-07
9.367326856590807e-05,0.005939165595918894,0.00010164389095734805,0.006134828552603722,9.999999974752427e-07
9.365382720716298e-05,0.0059387278743088245,0.00010164197738049552,0.006133414339274168,9.999999974752427e-07
9.365435835206881e-05,0.005938584450632334,0.0001016068272292614,0.006132039241492748,9.999999974752427e-07
9.364736615680158e-05,0.005938345100730658,0.00010160688543692231,0.006132626440376043,9.999999974752427e-07
9.362987475469708e-05,0.0059375097043812275,0.00010158129589399323,0.006131984293460846,9.999999974752427e-07
9.361625416204333e-05,0.005937463138252497,0.00010159542580367997,0.0061328960582613945,9.999999974752427e-07
9.360699186800048e-05,0.005937042646110058,0.00010157012002309784,0.006132249254733324,9.999999974752427e-07
9.359732212033123e-05,0.005936872214078903,0.00010159098019357771,0.006133321672677994,9.999999974752427e-07
9.358555689686909e-05,0.005936771165579557,0.00010156372445635498,0.006132054142653942,9.999999974752427e-07
9.358580427942798e-05,0.005936554633080959,0.00010156714415643364,0.0061325933784246445,9.999999974752427e-07
9.357043745694682e-05,0.0059364852495491505,0.00010157468932447955,0.006132880225777626,9.999999974752427e-07
9.355444490211084e-05,0.005936220288276672,0.00010156013740925118,0.006132042966783047,9.999999974752427e-07
9.355513611808419e-05,0.0059358770959079266,0.00010159543307963759,0.0061338115483522415,9.999999974752427e-07
9.353589848615229e-05,0.005935767199844122,0.00010158166696783155,0.006133168935775757,9.999999974752427e-07
9.352852794108912e-05,0.005935337860137224,0.00010154951451113448,0.006132409442216158,9.999999974752427e-07
9.351531480206177e-05,0.0059353685937821865,0.0001015403468045406,0.006131939589977264,9.999999974752427e-07
9.351282642455772e-05,0.005935180466622114,0.00010152490722248331,0.006131345871835947,9.999999974752427e-07
9.34978379518725e-05,0.005935109220445156,0.00010153320909012109,0.0061319186352193356,9.999999974752427e-07
9.349299944005907e-05,0.005934684071689844,0.00010150537127628922,0.006131425965577364,9.999999974752427e-07
9.348669118480757e-05,0.0059347981587052345,0.00010149047011509538,0.00613028509542346,9.999999974752427e-07
9.347884042654186e-05,0.005934752989560366,0.00010143441613763571,0.006126347929239273,9.999999974752427e-07
9.346105071017519e-05,0.005934048909693956,0.00010141210077563301,0.006125777494162321,9.999999974752427e-07
9.345906437374651e-05,0.005933638662099838,0.00010137884237337857,0.006125620100647211,9.999999974752427e-07
9.344692080048844e-05,0.005933141335844994,0.00010138770448975265,0.006125433836132288,9.999999974752427e-07
9.343863348476589e-05,0.005932714324444532,0.00010139607184100896,0.0061253816820681095,9.999999974752427e-07
9.342103294329718e-05,0.005931943189352751,0.00010135563934454694,0.006124583538621664,9.999999974752427e-07
9.340204996988177e-05,0.005931176710873842,0.00010138043580809608,0.006124521605670452,9.999999974752427e-07
9.340167889604345e-05,0.005931478925049305,0.0001013481814879924,0.006124545354396105,9.999999974752427e-07
9.339486859971657e-05,0.005931159481406212,0.00010134375042980537,0.006123698316514492,9.999999974752427e-07
9.337920346297324e-05,0.00593100069090724,0.00010137101344298571,0.006123472470790148,9.999999974752427e-07
9.336914081359282e-05,0.005930474493652582,0.00010134563490282744,0.006123381666839123,9.999999974752427e-07
9.336180664831772e-05,0.00593041954562068,0.00010131938324775547,0.006123572587966919,9.999999974752427e-07
9.335136564914137e-05,0.005930038169026375,0.0001013288929243572,0.006123112048953772,9.999999974752427e-07
9.334407513961196e-05,0.0059297471307218075,0.00010130887676496059,0.006122863385826349,9.999999974752427e-07
9.33351693674922e-05,0.005929685663431883,0.00010130277223652229,0.006122984923422337,9.999999974752427e-07
9.332429908681661e-05,0.005929051898419857,0.000101367877505254,0.006125700660049915,9.999999974752427e-07
9.331831824965775e-05,0.005929109174758196,0.00010134867625311017,0.006126388441771269,9.999999974752427e-07
9.330738248536363e-05,0.005929041653871536,0.00010134237527381629,0.006126003805547953,9.999999974752427e-07
9.329953172709793e-05,0.005928565748035908,0.00010134605690836906,0.006125962361693382,9.999999974752427e-07
9.329272870672867e-05,0.005928361788392067,0.00010132230818271637,0.006125141400843859,9.999999974752427e-07
9.327629231847823e-05,0.005927754566073418,0.00010134414333151653,0.006126655265688896,9.999999974752427e-07
9.326374856755137e-05,0.005927730817347765,0.00010133633622899652,0.006125131156295538,9.999999974752427e-07
9.324690472567454e-05,0.005926990881562233,0.00010132188617717475,0.006125563755631447,9.999999974752427e-07
9.32373950490728e-05,0.005926941987127066,0.00010129629663424566,0.0061246552504599094,9.999999974752427e-07
9.323290578322485e-05,0.005926945712417364,0.00010130779264727607,0.00612459983676672,9.999999974752427e-07
9.322600089944899e-05,0.005926818121224642,0.00010126770939677954,0.006122989114373922,9.999999974752427e-07
9.321440302301198e-05,0.005926314275711775,0.00010128632857231423,0.006124199368059635,9.999999974752427e-07
9.321363904746249e-05,0.005926441866904497,0.00010126611596206203,0.0061236838810145855,9.999999974752427e-07
9.320819663116708e-05,0.005926377139985561,0.0001012849243124947,0.006124910898506641,9.999999974752427e-07
9.320557728642598e-05,0.005926167592406273,0.00010126736015081406,0.006123553961515427,9.999999974752427e-07
9.319566015619785e-05,0.005926057230681181,0.0001012380380416289,0.006122620310634375,9.999999974752427e-07
9.319523815065622e-05,0.005926370620727539,0.00010122686217073351,0.006122252903878689,9.999999974752427e-07
9.318775119027123e-05,0.0059258039109408855,0.00010123653191840276,0.006123564671725035,9.999999974752427e-07
9.317349758930504e-05,0.005925143137574196,0.00010120030492544174,0.0061225853860378265,9.999999974752427e-07
9.31619360926561e-05,0.005925180856138468,0.00010120427759829909,0.006122028920799494,9.999999974752427e-07
9.315578790847212e-05,0.005924902856349945,0.00010118674981640652,0.00612130481749773,9.999999974752427e-07
9.313615737482905e-05,0.005924458149820566,0.00010121123341377825,0.006123018451035023,9.999999974752427e-07
9.311946632806212e-05,0.0059239924885332584,0.00010116604971699417,0.00612233392894268,9.999999974752427e-07
9.311745088780299e-05,0.0059236930683255196,0.00010111984011018649,0.006117574404925108,9.999999974752427e-07
9.310305176768452e-05,0.005923180840909481,0.00010115103214047849,0.006118291523307562,9.999999974752427e-07
9.309087181463838e-05,0.005922938697040081,0.00010111719166161492,0.006118173245340586,9.999999974752427e-07
9.308179141953588e-05,0.005922782234847546,0.00010108876449521631,0.006118187680840492,9.999999974752427e-07
9.307874279329553e-05,0.005922046024352312,0.00010109207505593076,0.006116811186075211,9.999999974752427e-07
9.307627624366432e-05,0.005921710282564163,0.00010107892740052193,0.006116608157753944,9.999999974752427e-07
9.307256550528109e-05,0.005921944975852966,0.0001010799896903336,0.006116763222962618,9.999999974752427e-07
9.306259016739205e-05,0.0059217591769993305,0.000101053825346753,0.006115509197115898,9.999999974752427e-07
9.304273407906294e-05,0.0059210690669715405,0.00010105195542564616,0.006115177180618048,9.999999974752427e-07
9.303433762397617e-05,0.005920919589698315,0.00010104238026542589,0.006115099880844355,9.999999974752427e-07
9.301387763116509e-05,0.0059203156270086765,0.00010100650251843035,0.006114047486335039,9.999999974752427e-07
9.301010868512094e-05,0.005919741932302713,0.00010100231156684458,0.006114356219768524,9.999999974752427e-07
9.300985402660444e-05,0.005919691640883684,0.00010093647870235145,0.006111992057412863,9.999999974752427e-07
9.298580698668957e-05,0.005918953567743301,0.00010101663792738691,0.006114541552960873,9.999999974752427e-07
9.297921496909112e-05,0.005919015500694513,0.00010097923222929239,0.006113101728260517,9.999999974752427e-07
9.297265933128074e-05,0.005918834358453751,0.00010102443775394931,0.006114430725574493,9.999999974752427e-07
9.296107600675896e-05,0.0059180958196520805,0.00010095759353134781,0.006112582050263882,9.999999974752427e-07
9.295461495639756e-05,0.00591834494844079,0.00010098524944623932,0.006114539690315723,9.999999974752427e-07
9.29355519474484e-05,0.0059175146743655205,0.00010097434278577566,0.00611408706754446,9.999999974752427e-07
9.292906179325655e-05,0.005917417351156473,0.00010096636833623052,0.006112928036600351,9.999999974752427e-07
9.292193863075227e-05,0.0059171863831579685,0.00010095140169141814,0.006112009286880493,9.999999974752427e-07
9.292040340369567e-05,0.00591698382049799,0.0001009755942504853,0.006113188341259956,9.999999974752427e-07
9.291283640777692e-05,0.005917010363191366,0.00010093792661791667,0.006111364345997572,9.999999974752427e-07
9.290393063565716e-05,0.00591694749891758,0.00010094419121742249,0.006111106835305691,9.999999974752427e-07
9.289476292906329e-05,0.005917045287787914,0.0001009240877465345,0.006110888905823231,9.999999974752427e-07
9.290451998822391e-05,0.005917398724704981,0.00010091944568557665,0.006110976450145245,9.999999974752427e-07
9.288792352890596e-05,0.005917258560657501,0.00010089880379382521,0.006110656540840864,9.999999974752427e-07
9.287246939493343e-05,0.005916636437177658,0.00010092867159983143,0.006111586466431618,9.999999974752427e-07
9.287595457863063e-05,0.00591638358309865,0.00010088777344208211,0.006108263041824102,9.999999974752427e-07
9.28648078115657e-05,0.005915965884923935,0.00010090378054883331,0.006111975759267807,9.999999974752427e-07
9.285645501222461e-05,0.0059160757809877396,0.00010086508700624108,0.006110025104135275,9.999999974752427e-07
9.28348526940681e-05,0.005915135610848665,0.00010082715016324073,0.006109679117798805,9.999999974752427e-07
9.282765677198768e-05,0.00591503968462348,0.00010081547225126997,0.006108352914452553,9.999999974752427e-07
9.281637176172808e-05,0.005914175882935524,0.0001008314939099364,0.006108398549258709,9.999999974752427e-07
9.281271923100576e-05,0.005914224777370691,0.00010079572530230507,0.006108037196099758,9.999999974752427e-07
9.280282392865047e-05,0.005913895554840565,0.000100788711279165,0.006105742882937193,9.999999974752427e-07
9.27895525819622e-05,0.005913363769650459,0.00010080567881232128,0.006108198314905167,9.999999974752427e-07
9.277428034693003e-05,0.005912852007895708,0.00010078823106596246,0.006107788998633623,9.999999974752427e-07
9.276608034269884e-05,0.005912228021770716,0.00010077997285407037,0.006107164081186056,9.999999974752427e-07
9.274808689951897e-05,0.00591174466535449,0.0001007949686027132,0.006108126137405634,9.999999974752427e-07
9.272999159293249e-05,0.0059113893657922745,0.00010077743354486302,0.00610815454274416,9.999999974752427e-07
9.272042370866984e-05,0.005910896696150303,0.00010075847967527807,0.006108132191002369,9.999999974752427e-07
9.272345050703734e-05,0.005910748150199652,0.00010073235171148553,0.006105833686888218,9.999999974752427e-07
9.271612361771986e-05,0.005910767242312431,0.00010072352597489953,0.006106163375079632,9.999999974752427e-07
9.270237933378667e-05,0.005910398904234171,0.00010073016164824367,0.00610571913421154,9.999999974752427e-07
9.270107693737373e-05,0.005910049192607403,0.00010072983423015103,0.006105577107518911,9.999999974752427e-07
9.267224959330633e-05,0.005909353028982878,0.0001007532628136687,0.00610532658174634,9.999999974752427e-07
9.266281267628074e-05,0.005908772349357605,0.00010072855366161093,0.006103995256125927,9.999999974752427e-07
9.265819244319573e-05,0.005908849649131298,0.00010071977885672823,0.006105353590101004,9.999999974752427e-07
9.263870742870495e-05,0.005907724145799875,0.00010069987183669582,0.006105685606598854,9.999999974752427e-07
9.263371612178162e-05,0.005907532759010792,0.0001007255632430315,0.006104473490267992,9.999999974752427e-07
9.262764797313139e-05,0.005907364189624786,0.00010066264803754166,0.006104303523898125,9.999999974752427e-07
9.262877574656159e-05,0.005907566752284765,0.0001006975508062169,0.00610415730625391,9.999999974752427e-07
9.261998638976365e-05,0.005907287821173668,0.00010066558752441779,0.006103465333580971,9.999999974752427e-07
9.260751539841294e-05,0.0059065124951303005,0.00010066782124340534,0.0061023603193461895,9.999999974752427e-07
9.258961654268205e-05,0.005905710626393557,0.00010063163790619001,0.006102137267589569,9.999999974752427e-07
9.259296348318458e-05,0.005905851721763611,0.00010062577348435298,0.006102518178522587,9.999999974752427e-07
9.25772255868651e-05,0.0059051429852843285,0.00010063688387162983,0.006101405713707209,9.999999974752427e-07
9.256997873308137e-05,0.0059052761644124985,0.00010060802014777437,0.006101660430431366,9.999999974752427e-07
9.255632176063955e-05,0.005904747638851404,0.00010061601642519236,0.006100507918745279,9.999999974752427e-07
9.254623728338629e-05,0.005904545076191425,0.00010059629858005792,0.006100139115005732,9.999999974752427e-07
9.25313142943196e-05,0.005904068239033222,0.00010056503379018977,0.00609919847920537,9.999999974752427e-07
9.252306335838512e-05,0.005903446581214666,0.00010056979226646945,0.006099457386881113,9.999999974752427e-07
9.251328447135165e-05,0.005902851466089487,0.00010053572623291984,0.006098710931837559,9.999999974752427e-07
9.250693256035447e-05,0.005902665201574564,0.00010056061728391796,0.0060984003357589245,9.999999974752427e-07
9.249721915693954e-05,0.005902174394577742,0.00010055494931293651,0.006099628284573555,9.999999974752427e-07
9.249067079508677e-05,0.005901945289224386,0.0001005790545605123,0.006099141202867031,9.999999974752427e-07
9.247902198694646e-05,0.005901417229324579,0.00010051366552943364,0.006097334902733564,9.999999974752427e-07
9.246650006389245e-05,0.005901148542761803,0.00010054754966404289,0.006098663900047541,9.999999974752427e-07
9.246275294572115e-05,0.0059010847471654415,0.0001005143640213646,0.006097397301346064,9.999999974752427e-07
9.244631655747071e-05,0.005900921765714884,0.00010050106357084587,0.00609734607860446,9.999999974752427e-07
9.244789544027299e-05,0.00590099161490798,0.0001005244703264907,0.006096187978982925,9.999999974752427e-07
9.244577086064965e-05,0.005900847725570202,0.00010045433737104759,0.006095086690038443,9.999999974752427e-07
9.243249951396137e-05,0.005900647025555372,0.00010046904935734347,0.006095529533922672,9.999999974752427e-07
9.242351370630786e-05,0.00590020464733243,0.000100462551927194,0.006095030345022678,9.999999974752427e-07
9.241077350452542e-05,0.005899742245674133,0.00010044372174888849,0.006095129065215588,9.999999974752427e-07
9.239931387128308e-05,0.005899370182305574,0.00010041836503660306,0.006094102282077074,9.999999974752427e-07
9.238210623152554e-05,0.00589889008551836,0.00010042574285762385,0.006094514392316341,9.999999974752427e-07
9.238828351953998e-05,0.005898669827729464,0.00010039834887720644,0.006093696225434542,9.999999974752427e-07
9.236686310032383e-05,0.005898278206586838,0.00010039147309726104,0.006094300653785467,9.999999974752427e-07
9.235726611223072e-05,0.005897984839975834,0.00010039942571893334,0.006094055715948343,9.999999974752427e-07
9.234028402715921e-05,0.005897501949220896,0.00010042100620921701,0.00609560264274478,9.999999974752427e-07
9.23252446227707e-05,0.005896744318306446,0.00010039649350801483,0.006094807293266058,9.999999974752427e-07
9.23113475437276e-05,0.0058964830823242664,0.00010037978063337505,0.006094576790928841,9.999999974752427e-07
9.230322757503018e-05,0.005896147806197405,0.00010037681931862608,0.006094524171203375,9.999999974752427e-07
9.228628186974674e-05,0.005895837210118771,0.00010037659376394004,0.006095260381698608,9.999999974752427e-07
9.227595728589222e-05,0.005895168986171484,0.00010036520689027384,0.006095457822084427,9.999999974752427e-07
9.22786639421247e-05,0.005895229522138834,0.00010034519800683483,0.006094077136367559,9.999999974752427e-07
9.22648177947849e-05,0.005894803907722235,0.00010031677811639383,0.006091827992349863,9.999999974752427e-07
9.22561448533088e-05,0.005894424859434366,0.00010028651740867645,0.0060915532521903515,9.999999974752427e-07
9.224504174198955e-05,0.0058943601325154305,0.00010034391743829474,0.006093908101320267,9.999999974752427e-07
9.223684173775837e-05,0.005893876310437918,0.00010028800170402974,0.00609074579551816,9.999999974752427e-07
9.222982043866068e-05,0.005893636029213667,0.00010031650890596211,0.006092402618378401,9.999999974752427e-07
9.222207881975919e-05,0.0058932676911354065,0.00010028317046817392,0.006093084346503019,9.999999974752427e-07
9.220681386068463e-05,0.005892517510801554,0.0001002891585812904,0.006092327181249857,9.999999974752427e-07
9.22059261938557e-05,0.005892523098737001,0.00010027620737673715,0.006092152092605829,9.999999974752427e-07
9.219114144798368e-05,0.005892113316804171,0.00010025716619566083,0.0060914247296750546,9.999999974752427e-07
9.218626655638218e-05,0.00589178828522563,0.00010026688687503338,0.006091773044317961,9.999999974752427e-07
9.217856859322637e-05,0.005891948938369751,0.00010024102084571496,0.006089943926781416,9.999999974752427e-07
9.216882608598098e-05,0.005891754757612944,0.00010023906361311674,0.006091041024774313,9.999999974752427e-07
9.216150647262111e-05,0.005891351029276848,0.00010026357631431893,0.006091101095080376,9.999999974752427e-07
9.215345926349983e-05,0.005891013890504837,0.00010020432091550902,0.006088803522288799,9.999999974752427e-07
9.214666351908818e-05,0.0058904290199279785,0.00010022444621426985,0.006090020295232534,9.999999974752427e-07
9.213818702846766e-05,0.005890532396733761,0.00010022184869740158,0.006090408191084862,9.999999974752427e-07
9.21242026379332e-05,0.005890179425477982,0.00010022226342698559,0.006090136710554361,9.999999974752427e-07
9.21160462894477e-05,0.005889962427318096,0.00010020004265243188,0.00608949875459075,9.999999974752427e-07
9.21061000553891e-05,0.005889917723834515,0.00010017027670983225,0.006088505499064922,9.999999974752427e-07
9.211341966874897e-05,0.005890187807381153,0.00010019789624493569,0.006088581867516041,9.999999974752427e-07
9.209619020111859e-05,0.005889596417546272,0.00010018534521805122,0.006087985355407,9.999999974752427e-07
9.208108531311154e-05,0.005889181979000568,0.00010019453475251794,0.006089146714657545,9.999999974752427e-07
9.207611583406106e-05,0.005889291875064373,0.00010012958227889612,0.0060865129344165325,9.999999974752427e-07
9.206614049617201e-05,0.005889246240258217,0.0001001300333882682,0.006085837259888649,9.999999974752427e-07
9.204962407238781e-05,0.005888508167117834,0.00010015266889240593,0.006087181158363819,9.999999974752427e-07
9.204911475535482e-05,0.005888866260647774,0.00010015814041253179,0.006088173948228359,9.999999974752427e-07
9.204461821354926e-05,0.005889003165066242,0.00010017218301072717,0.0060880607925355434,9.999999974752427e-07
9.203163790516555e-05,0.005888916552066803,0.00010016026499215513,0.006088199559599161,9.999999974752427e-07
9.203052468365058e-05,0.005889230873435736,0.00010013595601776615,0.006087906192988157,9.999999974752427e-07
9.203534136759117e-05,0.005889883264899254,0.00010013097198680043,0.006088952999562025,9.999999974752427e-07
9.203405352309346e-05,0.0058898162096738815,0.0001001040218397975,0.006088293623179197,9.999999974752427e-07
9.202139335684478e-05,0.005889551714062691,0.00010011465928982943,0.006088405381888151,9.999999974752427e-07
9.202134242514148e-05,0.005889669992029667,0.00010009669495048001,0.006086648907512426,9.999999974752427e-07
9.20205275178887e-05,0.00588976452127099,0.00010007231321651489,0.006087278947234154,9.999999974752427e-07
9.201153443427756e-05,0.005889374762773514,0.00010007229866459966,0.006086823996156454,9.999999974752427e-07
9.20043676160276e-05,0.005889043211936951,0.00010008423123508692,0.006085781380534172,9.999999974752427e-07
9.198859333992004e-05,0.00588886858895421,0.00010006713273469359,0.0060870228335261345,9.999999974752427e-07
9.200066415360197e-05,0.005889147520065308,0.00010007737728301436,0.006086193956434727,9.999999974752427e-07
9.198859333992004e-05,0.00588897755369544,0.00010005154035752639,0.006087048910558224,9.999999974752427e-07
9.197816689265892e-05,0.005888582207262516,0.00010004248179029673,0.00608621584251523,9.999999974752427e-07
9.197647887049243e-05,0.005888985935598612,0.00010004927753470838,0.006087798625230789,9.999999974752427e-07
9.19676385819912e-05,0.00588942738249898,0.0001000650372589007,0.00608757883310318,9.999999974752427e-07
9.195927123073488e-05,0.00588923878967762,0.00010004091745940968,0.006086688954383135,9.999999974752427e-07
9.194744052365422e-05,0.005888826679438353,0.00010002869385061786,0.006087504327297211,9.999999974752427e-07
9.194043377647176e-05,0.005888382438570261,0.00010003638453781605,0.006086417008191347,9.999999974752427e-07
9.193021105602384e-05,0.005888526327908039,9.998695168178529e-05,0.0060853189788758755,9.999999974752427e-07
9.192519064527005e-05,0.005888223182410002,9.998395398724824e-05,0.006083605345338583,9.999999974752427e-07
9.191479330183938e-05,0.005887964274734259,9.995137224905193e-05,0.006082926411181688,9.999999974752427e-07
9.191144636133686e-05,0.005888065323233604,9.992495324695483e-05,0.006083134561777115,9.999999974752427e-07
9.190221317112446e-05,0.005887953564524651,9.994273568736389e-05,0.00608423538506031,9.999999974752427e-07
9.189046249957755e-05,0.005887656006962061,9.995351865654811e-05,0.006082894746214151,9.999999974752427e-07
9.188697731588036e-05,0.005887449253350496,9.998621681006625e-05,0.006085062399506569,9.999999974752427e-07
9.188483818434179e-05,0.005887394770979881,9.995425352826715e-05,0.006086856592446566,9.999999974752427e-07
9.188291005557403e-05,0.005887308157980442,9.994647552957758e-05,0.0060864901170134544,9.999999974752427e-07
9.187790419673547e-05,0.005887089297175407,9.993456478696316e-05,0.006080879829823971,9.999999974752427e-07
9.186429815599695e-05,0.00588624831289053,9.992390550905839e-05,0.006080217659473419,9.999999974752427e-07
9.186085662804544e-05,0.005886254832148552,9.993542334996164e-05,0.006079962942749262,9.999999974752427e-07
9.185128146782517e-05,0.005885864142328501,9.987180237658322e-05,0.006078432314097881,9.999999974752427e-07
9.1836009232793e-05,0.005885805934667587,9.987215889850631e-05,0.00607726676389575,9.999999974752427e-07
9.182737994706258e-05,0.005885216407477856,9.986903751268983e-05,0.006078906357288361,9.999999974752427e-07
9.181881614495069e-05,0.005884484853595495,9.98782052192837e-05,0.006077434867620468,9.999999974752427e-07
9.180985944112763e-05,0.00588407926261425,9.982512710848823e-05,0.006077222991734743,9.999999974752427e-07
9.180082997772843e-05,0.005882951430976391,9.983135532820597e-05,0.006077004596590996,9.999999974752427e-07
9.178854088531807e-05,0.00588294118642807,9.982640040107071e-05,0.006075938697904348,9.999999974752427e-07
9.17724464670755e-05,0.005882727913558483,9.98825635178946e-05,0.006077549885958433,9.999999974752427e-07
9.177925676340237e-05,0.005882385652512312,9.988978126784787e-05,0.0060786111280322075,9.999999974752427e-07
9.176665480481461e-05,0.0058821141719818115,9.987167868530378e-05,0.0060773272998631,9.999999974752427e-07
9.175884770229459e-05,0.005881761200726032,9.982284973375499e-05,0.006074859295040369,9.999999974752427e-07
9.175076411338523e-05,0.005881721619516611,9.981805487768725e-05,0.006075549405068159,9.999999974752427e-07
9.174708975479007e-05,0.005881654564291239,9.981609036913142e-05,0.006074685603380203,9.999999974752427e-07
9.174718434223905e-05,0.005881590768694878,9.981799667002633e-05,0.006074469070881605,9.999999974752427e-07
9.173470607493073e-05,0.0058810412883758545,9.975706052500755e-05,0.006073436234146357,9.999999974752427e-07
9.171992860501632e-05,0.005880309268832207,9.976182627724484e-05,0.006073287688195705,9.999999974752427e-07
9.171127021545544e-05,0.005879594944417477,9.974269050871953e-05,0.006073273718357086,9.999999974752427e-07
9.169942495645955e-05,0.00587897002696991,9.970951941795647e-05,0.006072070449590683,9.999999974752427e-07
9.168864198727533e-05,0.005878974683582783,9.973518899641931e-05,0.006071969401091337,9.999999974752427e-07
9.167834650725126e-05,0.0058785490691661835,9.969761595129967e-05,0.006071679759770632,9.999999974752427e-07
9.166366362478584e-05,0.0058776638470590115,9.968857921194285e-05,0.006072208750993013,9.999999974752427e-07
9.164177754428238e-05,0.005876947194337845,9.968955419026315e-05,0.006069557275623083,9.999999974752427e-07
9.163956565316767e-05,0.005877058487385511,9.96644957922399e-05,0.0060705989599227905,9.999999974752427e-07
9.163592767436057e-05,0.005877336021512747,9.9653159850277e-05,0.0060691130347549915,9.999999974752427e-07
9.16350691113621e-05,0.005877206567674875,9.966101060854271e-05,0.006069116294384003,9.999999974752427e-07
9.162720380118117e-05,0.005877004936337471,9.965057688532397e-05,0.0060683866031467915,9.999999974752427e-07
9.162030619336292e-05,0.005876927170902491,9.961431351257488e-05,0.006068498361855745,9.999999974752427e-07
9.161497291643173e-05,0.005876907613128424,9.964974742615595e-05,0.00606791116297245,9.999999974752427e-07
9.160860645351931e-05,0.00587699469178915,9.965638309950009e-05,0.006070765201002359,9.999999974752427e-07
9.161437628790736e-05,0.005877366289496422,9.967308142222464e-05,0.006070147268474102,9.999999974752427e-07
9.15999262360856e-05,0.005877271294593811,9.960726310964674e-05,0.006068125832825899,9.999999974752427e-07
9.159477485809475e-05,0.005876882001757622,9.960104944184422e-05,0.00606763269752264,9.999999974752427e-07
9.158625471172854e-05,0.005875925067812204,9.961053729057312e-05,0.006067972630262375,9.999999974752427e-07
9.15835626074113e-05,0.0058760386891663074,9.957684960681945e-05,0.0060677905566990376,9.999999974752427e-07
9.155812585959211e-05,0.005875018425285816,9.957534348359331e-05,0.0060681747272610664,9.999999974752427e-07
9.155263978755102e-05,0.005874989554286003,9.956441499525681e-05,0.006068797782063484,9.999999974752427e-07
9.153670544037595e-05,0.005874127149581909,9.957788279280066e-05,0.006067811045795679,9.999999974752427e-07
9.151978156296536e-05,0.005873213522136211,9.955604036804289e-05,0.006066986825317144,9.999999974752427e-07
9.150119876721874e-05,0.005872401874512434,9.955291170626879e-05,0.0060667116194963455,9.999999974752427e-07
9.149371908279136e-05,0.005872165784239769,9.953974949894473e-05,0.006066577043384314,9.999999974752427e-07
9.147499804385006e-05,0.005871068220585585,9.953610424418002e-05,0.00606665201485157,9.999999974752427e-07
9.146446973318234e-05,0.00587090477347374,9.951076935976744e-05,0.00606531510129571,9.999999974752427e-07
9.146363299805671e-05,0.0058706384152174,9.950274397851899e-05,0.006065151654183865,9.999999974752427e-07
9.14457268663682e-05,0.0058693839237093925,9.94722795439884e-05,0.006063284818083048,9.999999974752427e-07
9.144160139840096e-05,0.005869382061064243,9.949949890142307e-05,0.006064035929739475,9.999999974752427e-07
9.144026262219995e-05,0.0058692144230008125,9.948803199222311e-05,0.0060646263882517815,9.999999974752427e-07
9.141615737462416e-05,0.005868569016456604,9.945990314008668e-05,0.006063283886760473,9.999999974752427e-07
9.140883048530668e-05,0.00586785888299346,9.946013597073033e-05,0.006064100656658411,9.999999974752427e-07
9.139862231677398e-05,0.005867352243512869,9.948168735718355e-05,0.00606558145955205,9.999999974752427e-07
9.13909389055334e-05,0.005867218133062124,9.942935867002234e-05,0.006063944660127163,9.999999974752427e-07
9.137502638623118e-05,0.005866422783583403,9.942799806594849e-05,0.006064978428184986,9.999999974752427e-07
9.135903383139521e-05,0.005866043735295534,9.939710434991866e-05,0.00606329133734107,9.999999974752427e-07
9.134484571404755e-05,0.005865511484444141,9.942557517206296e-05,0.006063816603273153,9.999999974752427e-07
9.134074207395315e-05,0.0058652497828006744,9.944251360138878e-05,0.006064651999622583,9.999999974752427e-07
9.133735147770494e-05,0.005864645354449749,9.943942131940275e-05,0.006063764449208975,9.999999974752427e-07
9.132724517257884e-05,0.005864436738193035,9.937791764969006e-05,0.006062268279492855,9.999999974752427e-07
9.131815022556111e-05,0.005864304956048727,9.940007294062525e-05,0.0060624717734754086,9.999999974752427e-07
9.131190017797053e-05,0.005863935686647892,9.941360622178763e-05,0.006063286680728197,9.999999974752427e-07
9.130300168180838e-05,0.005863628350198269,9.939521260093898e-05,0.006063321139663458,9.999999974752427e-07
9.128905367106199e-05,0.005863295868039131,9.938677249010652e-05,0.006063684821128845,9.999999974752427e-07
9.12791074370034e-05,0.005862747319042683,9.934414993040264e-05,0.006062634289264679,9.999999974752427e-07
9.127491648541763e-05,0.005862502846866846,9.93219728115946e-05,0.0060611749067902565,9.999999974752427e-07
9.126374061452225e-05,0.005862365011125803,9.931879321811721e-05,0.00606205128133297,9.999999974752427e-07
9.12567411432974e-05,0.005861956160515547,9.930490341503173e-05,0.006061422172933817,9.999999974752427e-07
9.124867210630327e-05,0.005861824844032526,9.932028478942811e-05,0.006061372347176075,9.999999974752427e-07
9.123363270191476e-05,0.005861510988324881,9.928676445269957e-05,0.006060821004211903,9.999999974752427e-07
9.122325718635693e-05,0.005861139856278896,9.93273570202291e-05,0.006061360705643892,9.999999974752427e-07
9.121700713876635e-05,0.00586114265024662,9.92858040262945e-05,0.0060619087889790535,9.999999974752427e-07
9.120538015849888e-05,0.0058610644191503525,9.928709187079221e-05,0.0060611325316131115,9.999999974752427e-07
9.120847244048491e-05,0.0058607179671525955,9.929449879564345e-05,0.006061629392206669,9.999999974752427e-07
9.119373862631619e-05,0.005860703065991402,9.926312486641109e-05,0.00606039771810174,9.999999974752427e-07
9.118705202126876e-05,0.005861006211489439,9.923324978444725e-05,0.006059740204364061,9.999999974752427e-07
9.117293666349724e-05,0.005861156154423952,9.926992061082274e-05,0.006060792598873377,9.999999974752427e-07
9.11748138605617e-05,0.005860977806150913,9.922749450197443e-05,0.006060199346393347,9.999999974752427e-07
9.116865112446249e-05,0.005861207842826843,9.927069186232984e-05,0.00606260122731328,9.999999974752427e-07
9.116309229284525e-05,0.005860842298716307,9.92708228295669e-05,0.006062942091375589,9.999999974752427e-07
9.115329157793894e-05,0.005860501434653997,9.928762301569805e-05,0.006062768865376711,9.999999974752427e-07
9.114861313719302e-05,0.0058603957295417786,9.924387268256396e-05,0.006062434054911137,9.999999974752427e-07
9.113363921642303e-05,0.005859756376594305,9.92319401120767e-05,0.006061461288481951,9.999999974752427e-07
9.112906991504133e-05,0.005859558470547199,9.923913603415713e-05,0.006061199586838484,9.999999974752427e-07
9.112984116654843e-05,0.005860119592398405,9.920456795953214e-05,0.006061255466192961,9.999999974752427e-07
9.11204406293109e-05,0.005859603174030781,9.924237383529544e-05,0.0060616242699325085,9.999999974752427e-07
9.111020335694775e-05,0.005859229248017073,9.920778393279761e-05,0.006060109473764896,9.999999974752427e-07
9.111011604545638e-05,0.005859132390469313,9.921477612806484e-05,0.0060608889907598495,9.999999974752427e-07
9.109968232223764e-05,0.005858703516423702,9.921979653881863e-05,0.006061171647161245,9.999999974752427e-07
9.109769598580897e-05,0.0058586993254721165,9.922513709170744e-05,0.006061799358576536,9.999999974752427e-07
9.108844824368134e-05,0.005858026444911957,9.921617311192676e-05,0.00606150459498167,9.999999974752427e-07
9.107250662054867e-05,0.0058576082810759544,9.921887249220163e-05,0.006061731372028589,9.999999974752427e-07
9.105838398681954e-05,0.005856932606548071,9.920609591063112e-05,0.006060568615794182,9.999999974752427e-07
9.104626951739192e-05,0.005856689065694809,9.920405136654153e-05,0.006060466635972261,9.999999974752427e-07
9.103474440053105e-05,0.005856406409293413,9.919506555888802e-05,0.006061164196580648,9.999999974752427e-07
9.10329181351699e-05,0.005856597796082497,9.919610602082685e-05,0.006061529740691185,9.999999974752427e-07
9.101669274969026e-05,0.005855510476976633,9.912176028592512e-05,0.00605399627238512,9.999999974752427e-07
9.10028102225624e-05,0.005855250637978315,9.916930866893381e-05,0.006061565596610308,9.999999974752427e-07
9.09961381694302e-05,0.005855070427060127,9.907715138979256e-05,0.0060522169806063175,9.999999974752427e-07
9.099022281588987e-05,0.00585477938875556,9.907161438604817e-05,0.006052942480891943,9.999999974752427e-07
9.098612645175308e-05,0.0058542112819850445,9.906171180773526e-05,0.0060529084876179695,9.999999974752427e-07
9.097340807784349e-05,0.005853818263858557,9.90638363873586e-05,0.00605270080268383,9.999999974752427e-07
9.09642840269953e-05,0.00585330231115222,9.906848572427407e-05,0.006054270081222057,9.999999974752427e-07
9.096066060010344e-05,0.005853385664522648,9.905937622534111e-05,0.006052817218005657,9.999999974752427e-07
9.095243876799941e-05,0.005853098817169666,9.904147736961022e-05,0.006053417921066284,9.999999974752427e-07
9.0944224211853e-05,0.0058530354872345924,9.904395119519904e-05,0.006053430028259754,9.999999974752427e-07
9.09367881831713e-05,0.005852499511092901,9.903941099764779e-05,0.006052106153219938,9.999999974752427e-07
9.093096741707996e-05,0.005852572154253721,9.903606405714527e-05,0.006052164826542139,9.999999974752427e-07
9.093047265196219e-05,0.005852708127349615,9.902209421852604e-05,0.0060511683113873005,9.999999974752427e-07
9.092389518627897e-05,0.005852192640304565,9.902413876261562e-05,0.006051044445484877,9.999999974752427e-07
9.091918036574498e-05,0.00585211580619216,9.901783778332174e-05,0.006051008123904467,9.999999974752427e-07
9.091432730201632e-05,0.005851679481565952,9.899992437567562e-05,0.006051435600966215,9.999999974752427e-07
9.089209925150499e-05,0.0058512077666819096,9.89729815046303e-05,0.006049728486686945,9.999999974752427e-07
9.088349906960502e-05,0.005850734654814005,9.898294956656173e-05,0.006051600445061922,9.999999974752427e-07
9.087815851671621e-05,0.005850677378475666,9.895890252664685e-05,0.006050766445696354,9.999999974752427e-07
9.086797945201397e-05,0.005850279238075018,9.894171671476215e-05,0.006050518713891506,9.999999974752427e-07
9.085412602871656e-05,0.005849636625498533,9.895224502542987e-05,0.006049783434718847,9.999999974752427e-07
9.08440415514633e-05,0.005849349778145552,9.894336108118296e-05,0.006050105206668377,9.999999974752427e-07
9.083103213924915e-05,0.005848914384841919,9.88999308901839e-05,0.006049326620995998,9.999999974752427e-07
9.082655014935881e-05,0.0058485837653279305,9.892207890516147e-05,0.006049751304090023,9.999999974752427e-07
9.08140282263048e-05,0.005848577246069908,9.889924695016816e-05,0.006049174815416336,9.999999974752427e-07
9.080811287276447e-05,0.005848131608217955,9.890292130876333e-05,0.006049683317542076,9.999999974752427e-07
9.080024028662592e-05,0.0058479164727032185,9.89122927421704e-05,0.006048994138836861,9.999999974752427e-07
9.079888695850968e-05,0.005847918335348368,9.890474029816687e-05,0.006047726143151522,9.999999974752427e-07
9.078667062567547e-05,0.005847381427884102,9.89084510365501e-05,0.006048789247870445,9.999999974752427e-07
9.078353468794376e-05,0.005847699008882046,9.887199848890305e-05,0.006046545226126909,9.999999974752427e-07
9.077445429284126e-05,0.00584731251001358,9.885922190733254e-05,0.006046053487807512,9.999999974752427e-07
9.076465357793495e-05,0.0058467937633395195,9.886204497888684e-05,0.0060464320704340935,9.999999974752427e-07
9.07509820535779e-05,0.005846527870744467,9.88455576589331e-05,0.00604595523327589,9.999999974752427e-07
9.07490320969373e-05,0.005846457555890083,9.883815801003948e-05,0.006045395974069834,9.999999974752427e-07
9.073542605619878e-05,0.005845852196216583,9.884815517580137e-05,0.006045692600309849,9.999999974752427e-07
9.071949898498133e-05,0.005845396313816309,9.879588469630107e-05,0.006044132634997368,9.999999974752427e-07
9.072222019312903e-05,0.005845534615218639,9.881684673018754e-05,0.006044710520654917,9.999999974752427e-07
9.071152453543618e-05,0.005845385137945414,9.882827725959942e-05,0.006044620182365179,9.999999974752427e-07
9.070502710528672e-05,0.005845113657414913,9.880365541903302e-05,0.006044227164238691,9.999999974752427e-07
9.070868691196665e-05,0.005844736006110907,9.882146696327254e-05,0.006045632995665073,9.999999974752427e-07
9.070253872778267e-05,0.005844681989401579,9.88290921668522e-05,0.006045064888894558,9.999999974752427e-07
9.068473445950076e-05,0.00584423029795289,9.882115409709513e-05,0.006045959424227476,9.999999974752427e-07
9.0664645540528e-05,0.005843734368681908,9.875674004433677e-05,0.006042458117008209,9.999999974752427e-07
9.066489292308688e-05,0.0058436612598598,9.879352728603408e-05,0.006043410860002041,9.999999974752427e-07
9.064759069588035e-05,0.005843225866556168,9.876759577309713e-05,0.006043503992259502,9.999999974752427e-07
9.063893230631948e-05,0.0058428626507520676,9.876728290691972e-05,0.006043079774826765,9.999999974752427e-07
9.064004552783445e-05,0.00584282074123621,9.87714811344631e-05,0.006043522618710995,9.999999974752427e-07
9.063670586328954e-05,0.005843083839863539,9.873250382952392e-05,0.006042917259037495,9.999999974752427e-07
9.063407924259081e-05,0.005842634942382574,9.870829671854153e-05,0.006043660920113325,9.999999974752427e-07
9.062597382580861e-05,0.0058426023460924625,9.872594819171354e-05,0.0060431803576648235,9.999999974752427e-07
9.061908349394798e-05,0.005842635873705149,9.87213643384166e-05,0.006043364759534597,9.999999974752427e-07
9.061220771400258e-05,0.005842351354658604,9.871330257738009e-05,0.006042516324669123,9.999999974752427e-07
9.060892625711858e-05,0.005842023994773626,9.868267807178199e-05,0.006041458807885647,9.999999974752427e-07
9.059556759893894e-05,0.005841045640408993,9.869789937511086e-05,0.006042403168976307,9.999999974752427e-07
9.058001887751743e-05,0.005840954836457968,9.866024629445747e-05,0.006040880922228098,9.999999974752427e-07
9.057534043677151e-05,0.005840580444782972,9.868209599517286e-05,0.006042129825800657,9.999999974752427e-07
9.057216811925173e-05,0.005840422119945288,9.865505126072094e-05,0.006041238084435463,9.999999974752427e-07
9.05473279999569e-05,0.0058394609950482845,9.86665763775818e-05,0.006040545646101236,9.999999974752427e-07
9.054916154127568e-05,0.005839710123836994,9.859575220616534e-05,0.006038514897227287,9.999999974752427e-07
9.054318798007444e-05,0.005838947370648384,9.860791760729626e-05,0.00603903504088521,9.999999974752427e-07
9.053431858774275e-05,0.0058387769386172295,9.860737918643281e-05,0.006039728410542011,9.999999974752427e-07
9.05236738617532e-05,0.0058385590091347694,9.858774137683213e-05,0.006039286032319069,9.999999974752427e-07
9.051945380633697e-05,0.005838663782924414,9.853379742708057e-05,0.006036158185452223,9.999999974752427e-07
9.052558016264811e-05,0.005838513839989901,9.859074634732679e-05,0.006037725135684013,9.999999974752427e-07
9.051393863046542e-05,0.005838407669216394,9.856656106421724e-05,0.006037892773747444,9.999999974752427e-07
9.050656808540225e-05,0.005838099401444197,9.861154831014574e-05,0.006039366126060486,9.999999974752427e-07
9.04972039279528e-05,0.0058377287350595,9.85739825409837e-05,0.006037966813892126,9.999999974752427e-07
9.047750063473359e-05,0.005837207194417715,9.857286931946874e-05,0.006038325373083353,9.999999974752427e-07
9.047908679349348e-05,0.00583701953291893,9.858529665507376e-05,0.006038111634552479,9.999999974752427e-07
9.046517516253516e-05,0.005836680997163057,9.8539559985511e-05,0.006035552825778723,9.999999974752427e-07
9.045790648087859e-05,0.005836475640535355,9.85230872174725e-05,0.006035735365003347,9.999999974752427e-07
9.045243496075273e-05,0.005836323834955692,9.851360664470121e-05,0.006035080179572105,9.999999974752427e-07
9.043899626703933e-05,0.005835993215441704,9.849268826656044e-05,0.006035055965185165,9.999999974752427e-07
9.043422323884442e-05,0.005835708696395159,9.852053335634992e-05,0.006035684607923031,9.999999974752427e-07
9.042714373208582e-05,0.005835657473653555,9.850507922237739e-05,0.006034808233380318,9.999999974752427e-07
9.041434532264248e-05,0.005835088435560465,9.845820750342682e-05,0.0060345265083014965,9.999999974752427e-07
9.040883014677092e-05,0.005834548734128475,9.848946501733735e-05,0.006035150028765202,9.999999974752427e-07
9.039030555868521e-05,0.005834398325532675,9.844662417890504e-05,0.006035556085407734,9.999999974752427e-07
9.03794207260944e-05,0.005834109615534544,9.847569890553132e-05,0.0060362727381289005,9.999999974752427e-07
9.037071140483022e-05,0.005833612289279699,9.845466411206871e-05,0.006035195663571358,9.999999974752427e-07
9.036353731062263e-05,0.005833236966282129,9.84809230430983e-05,0.006036144215613604,9.999999974752427e-07
9.036063420353457e-05,0.005833362229168415,9.844543819781393e-05,0.006035255268216133,9.999999974752427e-07
9.035108814714476e-05,0.005833002272993326,9.847160254139453e-05,0.006036248058080673,9.999999974752427e-07
9.034658432938159e-05,0.005833425093442202,9.843544103205204e-05,0.00603471091017127,9.999999974752427e-07
9.033545211423188e-05,0.005832514725625515,9.848417539615184e-05,0.006036157254129648,9.999999974752427e-07
9.032293746713549e-05,0.005832405295222998,9.84767684713006e-05,0.006035558879375458,9.999999974752427e-07
9.031911758938804e-05,0.005832216236740351,9.845443855738267e-05,0.00603596493601799,9.999999974752427e-07
9.031344234244898e-05,0.0058323685079813,9.848340414464474e-05,0.006035599857568741,9.999999974752427e-07
9.030690125655383e-05,0.005832089111208916,9.847092587733641e-05,0.006034554913640022,9.999999974752427e-07
9.029182547237724e-05,0.005831511691212654,9.846707689575851e-05,0.006034213583916426,9.999999974752427e-07
9.028892236528918e-05,0.0058311838656663895,9.845145541476086e-05,0.006036179140210152,9.999999974752427e-07
9.028464410221204e-05,0.005831644404679537,9.844093438005075e-05,0.006034292746335268,9.999999974752427e-07
9.027031774166971e-05,0.005830865819007158,9.842421422945336e-05,0.006034811958670616,9.999999974752427e-07
9.02600004337728e-05,0.005830408539623022,9.843594307312742e-05,0.006033787503838539,9.999999974752427e-07
9.026429324876517e-05,0.0058306497521698475,9.841944847721606e-05,0.006033631972968578,9.999999974752427e-07
9.025423059938475e-05,0.005830002017319202,9.841812425293028e-05,0.006033604498952627,9.999999974752427e-07
9.02427636901848e-05,0.005830039270222187,9.840035636443645e-05,0.00603327015414834,9.999999974752427e-07
9.023497113958001e-05,0.005829794332385063,9.842123108683154e-05,0.006033684592694044,9.999999974752427e-07
9.022546873893589e-05,0.005829574540257454,9.842081635724753e-05,0.0060330843552947044,9.999999974752427e-07
9.021095320349559e-05,0.005829112138599157,9.838502592174336e-05,0.0060347821563482285,9.999999974752427e-07
9.020513243740425e-05,0.005828730296343565,9.839789709076285e-05,0.006034085527062416,9.999999974752427e-07
9.020042489282787e-05,0.005828294437378645,9.839918493526056e-05,0.006032606586813927,9.999999974752427e-07
9.018476703204215e-05,0.0058279698714613914,9.836092795012519e-05,0.006031558848917484,9.999999974752427e-07
9.018420678330585e-05,0.00582813611254096,9.833791409619153e-05,0.006031360477209091,9.999999974752427e-07
9.01796156540513e-05,0.005827868357300758,9.832597424974665e-05,0.006030152086168528,9.999999974752427e-07
9.017527918331325e-05,0.005827788729220629,9.827593748923391e-05,0.006029495969414711,9.999999974752427e-07
9.015983232529834e-05,0.005827506072819233,9.832996147451922e-05,0.0060328212566673756,9.999999974752427e-07
9.015805699164048e-05,0.005827703978866339,9.829864575294778e-05,0.006030888296663761,9.999999974752427e-07
9.015618707053363e-05,0.005827673710882664,9.830726776272058e-05,0.00603015860542655,9.999999974752427e-07
9.01502717169933e-05,0.005827152170240879,9.827341273194179e-05,0.006029801443219185,9.999999974752427e-07
9.014166425913572e-05,0.005827153567224741,9.82747005764395e-05,0.006029180716723204,9.999999974752427e-07
9.013174712890759e-05,0.005826758686453104,9.826751193031669e-05,0.0060303304344415665,9.999999974752427e-07
9.012409282149747e-05,0.005826625507324934,9.82860874501057e-05,0.006031235679984093,9.999999974752427e-07
9.011191286845133e-05,0.005826148670166731,9.824101289268583e-05,0.006029048003256321,9.999999974752427e-07
9.010864596348256e-05,0.005826034117490053,9.824413427850232e-05,0.006029723212122917,9.999999974752427e-07
9.009214409161359e-05,0.0058257621712982655,9.825955930864438e-05,0.0060295057483017445,9.999999974752427e-07
9.009616042021662e-05,0.005825900472700596,9.826380846789107e-05,0.006030862219631672,9.999999974752427e-07
9.008371125673875e-05,0.005825341213494539,9.830690396483988e-05,0.006032262463122606,9.999999974752427e-07
9.00783998076804e-05,0.00582494493573904,9.828081965679303e-05,0.006031077820807695,9.999999974752427e-07
9.006245090859011e-05,0.005824455991387367,9.82964993454516e-05,0.006031285040080547,9.999999974752427e-07
9.004586172522977e-05,0.005824021063745022,9.828330075833946e-05,0.006031310651451349,9.999999974752427e-07
9.004762978293002e-05,0.005824526306241751,9.824759035836905e-05,0.006029951386153698,9.999999974752427e-07
9.0034693130292e-05,0.005823740269988775,9.825739834923297e-05,0.00603138655424118,9.999999974752427e-07
9.003668674267828e-05,0.005824013613164425,9.822725405683741e-05,0.006029834505170584,9.999999974752427e-07
9.003808372654021e-05,0.005823647603392601,9.82460769591853e-05,0.00603074487298727,9.999999974752427e-07
9.002011211123317e-05,0.005823501385748386,9.822520223679021e-05,0.006030854769051075,9.999999974752427e-07
9.000723366625607e-05,0.0058227949775755405,9.820937702897936e-05,0.006030456628650427,9.999999974752427e-07
9.001218131743371e-05,0.005822915118187666,9.820237755775452e-05,0.006029844284057617,9.999999974752427e-07
8.999975398182869e-05,0.005822547245770693,9.822813444770873e-05,0.006030835211277008,9.999999974752427e-07
8.999235433293507e-05,0.005822371691465378,9.821095591178164e-05,0.006032093428075314,9.999999974752427e-07
8.99795486475341e-05,0.005821898113936186,9.818114631343633e-05,0.0060301185585558414,9.999999974752427e-07
8.99768274393864e-05,0.00582146504893899,9.821204730542377e-05,0.006032111123204231,9.999999974752427e-07
8.996683027362451e-05,0.005821430590003729,9.81527628027834e-05,0.006028716918081045,9.999999974752427e-07
8.995732787298039e-05,0.005821287631988525,9.812563803279772e-05,0.00602452177554369,9.999999974752427e-07
8.994690870167688e-05,0.005820855498313904,9.815006342250854e-05,0.006028026342391968,9.999999974752427e-07
8.99350197869353e-05,0.00582011928781867,9.819387196330354e-05,0.006030684802681208,9.999999974752427e-07
8.994371455628425e-05,0.0058203102089464664,9.818757098400965e-05,0.006030953489243984,9.999999974752427e-07
8.993431401904672e-05,0.005820226855576038,9.806530579226092e-05,0.006022397894412279,9.999999974752427e-07
8.992815128294751e-05,0.005819979589432478,9.809013135964051e-05,0.0060226875357329845,9.999999974752427e-07
8.99106526048854e-05,0.0058193691074848175,9.806092566577718e-05,0.006022346671670675,9.999999974752427e-07
8.991111826617271e-05,0.005819340702146292,9.80584736680612e-05,0.006023094058036804,9.999999974752427e-07
8.990318019641563e-05,0.0058189816772937775,9.808092727325857e-05,0.006022822577506304,9.999999974752427e-07
8.989257912617177e-05,0.005818505305796862,9.802843123907223e-05,0.006021078210324049,9.999999974752427e-07
8.987924229586497e-05,0.005818182602524757,9.80709955911152e-05,0.006023229565471411,9.999999974752427e-07
8.987687033368275e-05,0.00581763219088316,9.803169086808339e-05,0.0060222214087843895,9.999999974752427e-07
8.986629109131172e-05,0.0058173988945782185,9.801235137274489e-05,0.006020375061780214,9.999999974752427e-07
8.985995373222977e-05,0.005817234981805086,9.799360122997314e-05,0.006019802764058113,9.999999974752427e-07
8.985327440313995e-05,0.005817036144435406,9.799432154977694e-05,0.00601940369233489,9.999999974752427e-07
8.985323074739426e-05,0.005817113909870386,9.797378879738972e-05,0.006019395310431719,9.999999974752427e-07
8.984623855212703e-05,0.005816901568323374,9.800369298318401e-05,0.00602024095132947,9.999999974752427e-07
8.983788575278595e-05,0.005816470831632614,9.795538062462583e-05,0.006018261890858412,9.999999974752427e-07
8.983438601717353e-05,0.005816448479890823,9.795471123652533e-05,0.0060194553807377815,9.999999974752427e-07
8.982535655377433e-05,0.005815892014652491,9.799290273804218e-05,0.006020121276378632,9.999999974752427e-07
8.981960854725912e-05,0.005815566051751375,9.793290519155562e-05,0.006018117535859346,9.999999974752427e-07
8.980772690847516e-05,0.005815522279590368,9.794189099920914e-05,0.006018864456564188,9.999999974752427e-07
8.979438280221075e-05,0.005814757663756609,9.793118078960106e-05,0.006017623469233513,9.999999974752427e-07
8.978166442830116e-05,0.005814587697386742,9.798447717912495e-05,0.006019228138029575,9.999999974752427e-07
8.977816469268873e-05,0.005814242176711559,9.793303615879267e-05,0.006017519161105156,9.999999974752427e-07
8.976845856523141e-05,0.005814308300614357,9.793008939595893e-05,0.006018024869263172,9.999999974752427e-07
8.976303797680885e-05,0.005813993513584137,9.792252240004018e-05,0.006018414627760649,9.999999974752427e-07
8.976458047982305e-05,0.00581384776160121,9.793471690500155e-05,0.006017196923494339,9.999999974752427e-07
8.974491356639192e-05,0.005813295487314463,9.790589683689177e-05,0.0060171037912368774,9.999999974752427e-07
8.973744115792215e-05,0.005812923423945904,9.790049080038443e-05,0.006016934756189585,9.999999974752427e-07
8.973872172646224e-05,0.0058130198158323765,9.789895557332784e-05,0.0060156602412462234,9.999999974752427e-07
8.972804062068462e-05,0.005812849383801222,9.789539035409689e-05,0.006016788072884083,9.999999974752427e-07
8.972619252745062e-05,0.005812591873109341,9.789325849851593e-05,0.00601667445152998,9.999999974752427e-07
8.971573697635904e-05,0.005812263581901789,9.790115291252732e-05,0.006017657928168774,9.999999974752427e-07
8.971147326519713e-05,0.0058122058399021626,9.787921590032056e-05,0.006016031838953495,9.999999974752427e-07
8.97022764547728e-05,0.005812234710901976,9.788219176698476e-05,0.006016019731760025,9.999999974752427e-07
8.969736518338323e-05,0.0058123026974499226,9.78851894615218e-05,0.006014791317284107,9.999999974752427e-07
8.969281043391675e-05,0.0058119334280490875,9.785655856830999e-05,0.006015532184392214,9.999999974752427e-07
8.96797064342536e-05,0.005811980925500393,9.787106682779267e-05,0.006016516592353582,9.999999974752427e-07
8.968108159024268e-05,0.005812344141304493,9.784977737581357e-05,0.006015738472342491,9.999999974752427e-07
8.967932808445767e-05,0.005812427960336208,9.786193550098687e-05,0.006018339190632105,9.999999974752427e-07
8.967649046098813e-05,0.005812672898173332,9.784833673620597e-05,0.006019022315740585,9.999999974752427e-07
8.966106543084607e-05,0.0058123148046433926,9.783420682651922e-05,0.006017135456204414,9.999999974752427e-07
8.965678716776893e-05,0.005812238436192274,9.782905544852838e-05,0.006017346866428852,9.999999974752427e-07
8.964804146671668e-05,0.005812177434563637,9.780270193004981e-05,0.006016585975885391,9.999999974752427e-07
8.96426136023365e-05,0.005811890587210655,9.780046821106225e-05,0.006016164552420378,9.999999974752427e-07
8.964207518147305e-05,0.005812015850096941,9.781664266483858e-05,0.006017888430505991,9.999999974752427e-07
8.962730498751625e-05,0.005811376962810755,9.780102845979854e-05,0.006017151288688183,9.999999974752427e-07
8.961724961409345e-05,0.0058111874386668205,9.778470848686993e-05,0.006016124505549669,9.999999974752427e-07
8.962135325418785e-05,0.005811014212667942,9.778881940292194e-05,0.006016956642270088,9.999999974752427e-07
8.95918783498928e-05,0.00581013411283493,9.783557470655069e-05,0.006018500775098801,9.999999974752427e-07
8.959652041085064e-05,0.005810098722577095,9.777415834832937e-05,0.006018053274601698,9.999999974752427e-07
8.958984835771844e-05,0.005809633526951075,9.780265099834651e-05,0.006019093561917543,9.999999974752427e-07
8.956857345765457e-05,0.005809327121824026,9.771324403118342e-05,0.0060110753402113914,9.999999974752427e-07
8.957178215496242e-05,0.005809178575873375,9.775359649211168e-05,0.0060114371590316296,9.999999974752427e-07
8.956471720011905e-05,0.005809045862406492,9.771190525498241e-05,0.00601036986336112,9.999999974752427e-07
8.955305384006351e-05,0.005808294750750065,9.77347299340181e-05,0.0060129314661026,9.999999974752427e-07
8.954887016443536e-05,0.005807904526591301,9.772273915586993e-05,0.006011401768773794,9.999999974752427e-07
8.952927601058036e-05,0.005807366222143173,9.770326141733676e-05,0.006011431571096182,9.999999974752427e-07
8.952497591963038e-05,0.005807058420032263,9.771618351805955e-05,0.00601155124604702,9.999999974752427e-07
8.952271309681237e-05,0.005807049572467804,9.770166070666164e-05,0.006011223886162043,9.999999974752427e-07
8.950979827204719e-05,0.005806722212582827,9.769600001163781e-05,0.006010592449456453,9.999999974752427e-07
8.949751645559445e-05,0.005806474480777979,9.769228199729696e-05,0.006011222023516893,9.999999974752427e-07
8.948528557084501e-05,0.005805834196507931,9.770321048563346e-05,0.006012309342622757,9.999999974752427e-07
8.947634341893718e-05,0.005805583670735359,9.768346353666857e-05,0.006012398283928633,9.999999974752427e-07
8.946000161813572e-05,0.0058053843677043915,9.76722949417308e-05,0.006012459751218557,9.999999974752427e-07
8.946010348154232e-05,0.005804885178804398,9.766991570359096e-05,0.006012645550072193,9.999999974752427e-07
8.944794535636902e-05,0.005804472602903843,9.762227273313329e-05,0.006010621320456266,9.999999974752427e-07
8.944912406150252e-05,0.0058046490885317326,9.763180423760787e-05,0.006011784076690674,9.999999974752427e-07
8.944524597609416e-05,0.005804374348372221,9.760056127561256e-05,0.006010281853377819,9.999999974752427e-07
8.943329157773405e-05,0.005803957115858793,9.758015949046239e-05,0.006009688600897789,9.999999974752427e-07
8.942275599110872e-05,0.0058039333671331406,9.758963278727606e-05,0.006010428536683321,9.999999974752427e-07
8.942322892835364e-05,0.005804239772260189,9.760059765540063e-05,0.006010186392813921,9.999999974752427e-07
8.941235864767805e-05,0.00580369820818305,9.75781658780761e-05,0.006009385921061039,9.999999974752427e-07
8.939559484133497e-05,0.005803103558719158,9.757505176821724e-05,0.00600831164047122,9.999999974752427e-07
8.93949472811073e-05,0.005802800878882408,9.75670845946297e-05,0.006009416189044714,9.999999974752427e-07
8.93835021997802e-05,0.005802707746624947,9.757097723195329e-05,0.0060089160688221455,9.999999974752427e-07
8.937998063629493e-05,0.005802536383271217,9.756578219821677e-05,0.006008144002407789,9.999999974752427e-07
8.937345410231501e-05,0.0058023035526275635,9.751928882906213e-05,0.006006720010191202,9.999999974752427e-07
8.936640369938686e-05,0.005801775958389044,9.750792378326878e-05,0.006006270181387663,9.999999974752427e-07
8.936255471780896e-05,0.005801941733807325,9.753157064551488e-05,0.006006746552884579,9.999999974752427e-07
8.935152436606586e-05,0.005801228806376457,9.749831224326044e-05,0.006005839444696903,9.999999974752427e-07
8.933924254961312e-05,0.005800766404718161,9.749701712280512e-05,0.006006287876516581,9.999999974752427e-07
8.933160279411823e-05,0.005800588056445122,9.749508899403736e-05,0.006005318369716406,9.999999974752427e-07
8.932428318075836e-05,0.005800466984510422,9.748194861458614e-05,0.0060059064999222755,9.999999974752427e-07
8.931590855354443e-05,0.005800163839012384,9.7467411251273e-05,0.006004521157592535,9.999999974752427e-07
8.930710464483127e-05,0.005800120532512665,9.748442971613258e-05,0.006004673428833485,9.999999974752427e-07
8.931067714001983e-05,0.0058002835139632225,9.744922135723755e-05,0.0060049062594771385,9.999999974752427e-07
8.930890180636197e-05,0.005799956154078245,9.74628928815946e-05,0.006004554685205221,9.999999974752427e-07
8.930279000196606e-05,0.005799427628517151,9.748281445354223e-05,0.006004928611218929,9.999999974752427e-07
8.929833711590618e-05,0.005799703299999237,9.74626891547814e-05,0.006004092749208212,9.999999974752427e-07
8.928924216888845e-05,0.0057995677925646305,9.743935515871271e-05,0.006003693211823702,9.999999974752427e-07
8.92836760613136e-05,0.005799261387437582,9.740675159264356e-05,0.006002213340252638,9.999999974752427e-07
8.927843737183139e-05,0.005798958241939545,9.739716915646568e-05,0.006002397276461124,9.999999974752427e-07
8.926988812163472e-05,0.005799139384180307,9.739956294652075e-05,0.0060018692165613174,9.999999974752427e-07
8.92627431312576e-05,0.005798695143312216,9.741953545017168e-05,0.006002104841172695,9.999999974752427e-07
8.925420843297616e-05,0.005798423662781715,9.739401139086112e-05,0.006001694593578577,9.999999974752427e-07
8.925162546802312e-05,0.005798091646283865,9.73862042883411e-05,0.006001551169902086,9.999999974752427e-07
8.924544090405107e-05,0.00579804927110672,9.737870277604088e-05,0.006000274792313576,9.999999974752427e-07
8.924560825107619e-05,0.005798001307994127,9.737481741467491e-05,0.006000604014843702,9.999999974752427e-07
8.923244604375213e-05,0.005797802936285734,9.738574590301141e-05,0.0060030873864889145,9.999999974752427e-07
8.922210690798238e-05,0.005797382444143295,9.738000517245382e-05,0.006001947447657585,9.999999974752427e-07
8.921835978981107e-05,0.005797244142740965,9.737821528688073e-05,0.006002482026815414,9.999999974752427e-07
8.921280823415145e-05,0.005797183141112328,9.7377531346865e-05,0.0060022687539458275,9.999999974752427e-07
8.92047755769454e-05,0.005796889308840036,9.736287756823003e-05,0.006001620087772608,9.999999974752427e-07
8.919740503188223e-05,0.005796900950372219,9.734878403833136e-05,0.006001136731356382,9.999999974752427e-07
8.918893581721932e-05,0.0057964385487139225,9.736585343489423e-05,0.006001196801662445,9.999999974752427e-07
8.918347157305107e-05,0.005796435754746199,9.73433125182055e-05,0.006001635920256376,9.999999974752427e-07
8.91771778697148e-05,0.0057960799895226955,9.738130756886676e-05,0.006002021953463554,9.999999974752427e-07
8.916312799556181e-05,0.005795830395072699,9.737859363667667e-05,0.006001126952469349,9.999999974752427e-07
8.916224760469049e-05,0.005795519333332777,9.736326319398358e-05,0.006000906229019165,9.999999974752427e-07
8.916402293834835e-05,0.0057954126968979836,9.731847967486829e-05,0.005999643821269274,9.999999974752427e-07
8.915468060877174e-05,0.00579514866694808,9.734024934004992e-05,0.0059994785115122795,9.999999974752427e-07
8.915067883208394e-05,0.005795501638203859,9.734390187077224e-05,0.006000421941280365,9.999999974752427e-07
8.91361924004741e-05,0.005795272998511791,9.736931679071859e-05,0.006001656875014305,9.999999974752427e-07
8.913281635614112e-05,0.005795040167868137,9.736349602462724e-05,0.00600177189335227,9.999999974752427e-07
8.91379386303015e-05,0.005795697215944529,9.734057675814256e-05,0.006001944653689861,9.999999974752427e-07
8.913224883144721e-05,0.0057952976785600185,9.734532795846462e-05,0.006002073176205158,9.999999974752427e-07
8.912958583096042e-05,0.005795271135866642,9.731570753501728e-05,0.0059999520890414715,9.999999974752427e-07
8.912528574001044e-05,0.005795495584607124,9.729494922794402e-05,0.006000460125505924,9.999999974752427e-07
8.91167001100257e-05,0.005795785691589117,9.73038186202757e-05,0.006000604946166277,9.999999974752427e-07
8.912382327252999e-05,0.005796254612505436,9.727224824018776e-05,0.0059988670982420444,9.999999974752427e-07
8.912584598874673e-05,0.0057962387800216675,9.731994214234874e-05,0.00600029993802309,9.999999974752427e-07
8.913492638384923e-05,0.0057970089837908745,9.728018630994484e-05,0.006001618690788746,9.999999974752427e-07
8.911231270758435e-05,0.005796554032713175,9.728144505061209e-05,0.00600023940205574,9.999999974752427e-07
8.910945325624198e-05,0.005796298384666443,9.729272278491408e-05,0.0060007208958268166,9.999999974752427e-07
8.909226016839966e-05,0.005795692093670368,9.728832810651511e-05,0.006000216118991375,9.999999974752427e-07
8.908148447517306e-05,0.00579537358134985,9.72775014815852e-05,0.005999619606882334,9.999999974752427e-07
8.90680676093325e-05,0.005795413628220558,9.725982818054035e-05,0.005998123902827501,9.999999974752427e-07
8.9060835307464e-05,0.005794823169708252,9.72386114881374e-05,0.005998503882437944,9.999999974752427e-07
8.904949208954349e-05,0.005794628988951445,9.72071138676256e-05,0.005996838212013245,9.999999974752427e-07
8.904069545678794e-05,0.005794277880340815,9.723458060761914e-05,0.00599859980866313,9.999999974752427e-07
8.903961133910343e-05,0.005794142372906208,9.719535592012107e-05,0.005998116452246904,9.999999974752427e-07
8.903386333258823e-05,0.005794237833470106,9.718353248899803e-05,0.005998011212795973,9.999999974752427e-07
8.901955152396113e-05,0.005793603602796793,9.71561239566654e-05,0.005997425876557827,9.999999974752427e-07
8.901520050130785e-05,0.005793122109025717,9.717354259919375e-05,0.005997337866574526,9.999999974752427e-07
8.900881221052259e-05,0.005793080199509859,9.71526387729682e-05,0.005995932500809431,9.999999974752427e-07
8.900905231712386e-05,0.0057931034825742245,9.71593544818461e-05,0.005996895022690296,9.999999974752427e-07
8.900311513571069e-05,0.005793167743831873,9.715587657410651e-05,0.005995790008455515,9.999999974752427e-07
8.899468230083585e-05,0.005792806390672922,9.718666842672974e-05,0.005998925305902958,9.999999974752427e-07
8.89798830030486e-05,0.005792266223579645,9.71600748016499e-05,0.005997941829264164,9.999999974752427e-07
8.897698717191815e-05,0.005792196840047836,9.716275963000953e-05,0.005998868029564619,9.999999974752427e-07
8.896765211829916e-05,0.005791586823761463,9.713481995277107e-05,0.0059976582415401936,9.999999974752427e-07
8.896677172742784e-05,0.005791889037936926,9.708696597954258e-05,0.005994176492094994,9.999999974752427e-07
8.896163490135223e-05,0.0057920124381780624,9.709064033813775e-05,0.0059922379441559315,9.999999974752427e-07
8.896320650819689e-05,0.005792091600596905,9.708647849038243e-05,0.005994689185172319,9.999999974752427e-07
8.89428993104957e-05,0.005791373550891876,9.706590208224952e-05,0.0059914132580161095,9.999999974752427e-07
8.893657650332898e-05,0.005791665054857731,9.707387653179467e-05,0.005989867728203535,9.999999974752427e-07
8.893556514522061e-05,0.005791201256215572,9.704946569399908e-05,0.005989893339574337,9.999999974752427e-07
8.89307921170257e-05,0.0057912725023925304,9.707094432087615e-05,0.0059940507635474205,9.999999974752427e-07
8.891971810953692e-05,0.00579068623483181,9.706182027002797e-05,0.005990536417812109,9.999999974752427e-07
8.891813922673464e-05,0.005790763068944216,9.705366392154247e-05,0.005990125238895416,9.999999974752427e-07
8.890801836969331e-05,0.005790536757558584,9.703022078610957e-05,0.005988531745970249,9.999999974752427e-07
8.891110337572172e-05,0.005790552124381065,9.708665311336517e-05,0.005995210260152817,9.999999974752427e-07
8.88919603312388e-05,0.0057900152169167995,9.707374556455761e-05,0.005995262414216995,9.999999974752427e-07
8.888982847565785e-05,0.005789892747998238,9.706488344818354e-05,0.005995529238134623,9.999999974752427e-07
8.888155571185052e-05,0.005789794959127903,9.7031363111455e-05,0.005994189064949751,9.999999974752427e-07
8.888257434591651e-05,0.005790215451270342,9.704356489237398e-05,0.005994619335979223,9.999999974752427e-07
8.885894203558564e-05,0.005788969807326794,9.704283002065495e-05,0.005988393910229206,9.999999974752427e-07
8.886765863280743e-05,0.005789553746581078,9.701265662442893e-05,0.005987920798361301,9.999999974752427e-07
8.886864816304296e-05,0.005789365153759718,9.696037886897102e-05,0.005986930336803198,9.999999974752427e-07
8.885387069312856e-05,0.005788418930023909,9.695475455373526e-05,0.005986813921481371,9.999999974752427e-07
8.885021088644862e-05,0.005788626614958048,9.695132030174136e-05,0.005986856296658516,9.999999974752427e-07
8.88571230461821e-05,0.005788606125861406,9.698938083602116e-05,0.005986817181110382,9.999999974752427e-07
8.883779082680121e-05,0.005788116715848446,9.696089546196163e-05,0.005987298674881458,9.999999974752427e-07
8.883253758540377e-05,0.00578767154365778,9.696554479887709e-05,0.005986553616821766,9.999999974752427e-07
8.882700058165938e-05,0.005787626374512911,9.697701898403466e-05,0.00598682789131999,9.999999974752427e-07
8.881442045094445e-05,0.0057870810851454735,9.693435276858509e-05,0.005983330775052309,9.999999974752427e-07
8.881212852429599e-05,0.005787101108580828,9.693578613223508e-05,0.005983314011245966,9.999999974752427e-07
8.87976202648133e-05,0.00578695023432374,9.69331813394092e-05,0.0059839156456291676,9.999999974752427e-07
8.880181121639907e-05,0.005786399357020855,9.694530308479443e-05,0.005983156617730856,9.999999974752427e-07
8.879770030034706e-05,0.005786086432635784,9.690437582321465e-05,0.005983300041407347,9.999999974752427e-07
8.878032531356439e-05,0.0057858857326209545,9.6912968729157e-05,0.005983326584100723,9.999999974752427e-07
8.877036452759057e-05,0.00578598165884614,9.690610750112683e-05,0.005983617622405291,9.999999974752427e-07
8.877134678186849e-05,0.005786318331956863,9.703297109808773e-05,0.005990456789731979,9.999999974752427e-07
8.876765059540048e-05,0.005785863380879164,9.700322698336095e-05,0.005990547593683004,9.999999974752427e-07
8.87585774762556e-05,0.0057859537191689014,9.698536450741813e-05,0.005989851430058479,9.999999974752427e-07
8.87545756995678e-05,0.0057859234511852264,9.689635771792382e-05,0.005983549635857344,9.999999974752427e-07
8.87366259121336e-05,0.005784860346466303,9.699236397864297e-05,0.005990424193441868,9.999999974752427e-07
8.872804028214887e-05,0.005784183274954557,9.690348815638572e-05,0.005983251612633467,9.999999974752427e-07
8.871644240571186e-05,0.005784262903034687,9.68956301221624e-05,0.0059828669764101505,9.999999974752427e-07
8.870875171851367e-05,0.00578325055539608,9.686201519798487e-05,0.0059821587055921555,9.999999974752427e-07
8.870274177752435e-05,0.005782995838671923,9.68866515904665e-05,0.005983580835163593,9.999999974752427e-07
8.869383600540459e-05,0.005782368127256632,9.685124678071588e-05,0.005982589442282915,9.999999974752427e-07
8.867313590599224e-05,0.005782158579677343,9.684193355496973e-05,0.005981882568448782,9.999999974752427e-07
8.867478754837066e-05,0.005782099440693855,9.685868280939758e-05,0.005983406212180853,9.999999974752427e-07
8.865790732670575e-05,0.005781607702374458,9.685918485047296e-05,0.005983162671327591,9.999999974752427e-07
8.86450070538558e-05,0.005781023763120174,9.684461838332936e-05,0.0059833102859556675,9.999999974752427e-07
8.863344555720687e-05,0.005780376028269529,9.68773165368475e-05,0.005984781309962273,9.999999974752427e-07
8.861558308126405e-05,0.005779386032372713,9.682779636932537e-05,0.005984961520880461,9.999999974752427e-07
8.861129026627168e-05,0.005778846330940723,9.686293924460188e-05,0.005986448377370834,9.999999974752427e-07
8.859941590344533e-05,0.0057780989445745945,9.686705016065389e-05,0.005986249074339867,9.999999974752427e-07
8.858978253556415e-05,0.005777951795607805,9.682628297014162e-05,0.005985480733215809,9.999999974752427e-07
8.857777720550075e-05,0.005777180660516024,9.682439122116193e-05,0.005984458606690168,9.999999974752427e-07
8.857055945554748e-05,0.0057770502753555775,9.680959192337468e-05,0.005983205512166023,9.999999974752427e-07
8.856871136231348e-05,0.005776485428214073,9.67901578405872e-05,0.00598336523398757,9.999999974752427e-07
8.85512781678699e-05,0.005776104982942343,9.675294131739065e-05,0.005981839261949062,9.999999974752427e-07
8.855210762703791e-05,0.005776306614279747,9.677627531345934e-05,0.005982632283121347,9.999999974752427e-07
8.854321640683338e-05,0.005775832571089268,9.677431080490351e-05,0.005982481874525547,9.999999974752427e-07
8.854145562509075e-05,0.0057757021859288216,9.678820060798898e-05,0.0059824855998158455,9.999999974752427e-07
8.854080078890547e-05,0.0057760607451200485,9.672021406004205e-05,0.005980115849524736,9.999999974752427e-07
8.854115731082857e-05,0.005775660742074251,9.67602536547929e-05,0.005981413647532463,9.999999974752427e-07
8.853286999510601e-05,0.005775698460638523,9.67848754953593e-05,0.005981966853141785,9.999999974752427e-07
8.852301107253879e-05,0.005775043275207281,9.674546163296327e-05,0.005981146823614836,9.999999974752427e-07
8.852052997099236e-05,0.005775257479399443,9.674200555309653e-05,0.005981640424579382,9.999999974752427e-07
8.85226036189124e-05,0.005775548983365297,9.675276669440791e-05,0.005982534494251013,9.999999974752427e-07
8.851446909829974e-05,0.005775426048785448,9.677926573203877e-05,0.005982956849038601,9.999999974752427e-07
8.849788719089702e-05,0.005774547345936298,9.6744297479745e-05,0.005981724709272385,9.999999974752427e-07
8.84867476997897e-05,0.005774090997874737,9.67411688179709e-05,0.005980878137052059,9.999999974752427e-07
8.847365097608417e-05,0.005773673299700022,9.673489694250748e-05,0.005980074871331453,9.999999974752427e-07
8.846813580021262e-05,0.005773456301540136,9.67225496424362e-05,0.005980242043733597,9.999999974752427e-07
8.846514538163319e-05,0.0057731145061552525,9.664017852628604e-05,0.005978614557534456,9.999999974752427e-07
8.845960110193118e-05,0.005772988777607679,9.664071694714949e-05,0.005978472530841827,9.999999974752427e-07
8.84505279827863e-05,0.005772234871983528,9.670811414252967e-05,0.005978628993034363,9.999999974752427e-07
8.845216507324949e-05,0.005772241856902838,9.67122832662426e-05,0.005978885106742382,9.999999974752427e-07
8.844532567309216e-05,0.00577192148193717,9.667780250310898e-05,0.0059768385253846645,9.999999974752427e-07
8.84362671058625e-05,0.005771948955953121,9.662662341725081e-05,0.005976769607514143,9.999999974752427e-07
8.843045361572877e-05,0.00577137153595686,9.666079859016463e-05,0.005976628977805376,9.999999974752427e-07
8.842085662763566e-05,0.0057714032009243965,9.663719538366422e-05,0.00597721990197897,9.999999974752427e-07
8.840965165290982e-05,0.0057709054090082645,9.661704825703055e-05,0.005976327694952488,9.999999974752427e-07
8.840580267133191e-05,0.005770738702267408,9.663997479947284e-05,0.005976557731628418,9.999999974752427e-07
8.840156078804284e-05,0.005770411342382431,9.663043601904064e-05,0.005977075546979904,9.999999974752427e-07
8.839074871502817e-05,0.005770199466496706,9.662154479883611e-05,0.005977298598736525,9.999999974752427e-07
8.838639769237489e-05,0.005770089570432901,9.66035295277834e-05,0.005976058077067137,9.999999974752427e-07
8.838266512611881e-05,0.005770077463239431,9.661521471571177e-05,0.005976638291031122,9.999999974752427e-07
8.837360655888915e-05,0.005769764073193073,9.663501987233758e-05,0.005977202672511339,9.999999974752427e-07
8.836403139866889e-05,0.005769979674369097,9.65967628872022e-05,0.005975998938083649,9.999999974752427e-07
8.836403139866889e-05,0.005769867915660143,9.657596820034087e-05,0.005975649692118168,9.999999974752427e-07
8.83525499375537e-05,0.005769433453679085,9.66010193224065e-05,0.005974816158413887,9.999999974752427e-07
8.836201595840976e-05,0.005769334267824888,9.656707698013633e-05,0.0059739225544035435,9.999999974752427e-07
8.835093467496336e-05,0.005769218783825636,9.658386989030987e-05,0.005974519532173872,9.999999974752427e-07
8.833570609567687e-05,0.005768866278231144,9.64872378972359e-05,0.005971846636384726,9.999999974752427e-07
8.8341927039437e-05,0.005769160110503435,9.652915468905121e-05,0.005972062237560749,9.999999974752427e-07
8.832635649014264e-05,0.0057687596417963505,9.652892185840756e-05,0.005972000304609537,9.999999974752427e-07
8.83138709468767e-05,0.005768248811364174,9.653894085204229e-05,0.005973196588456631,9.999999974752427e-07
8.830613660393283e-05,0.005768111441284418,9.648993727751076e-05,0.00597259821370244,9.999999974752427e-07
8.829594298731536e-05,0.00576821668073535,9.651934669818729e-05,0.005971514619886875,9.999999974752427e-07
8.829198486637324e-05,0.005767859984189272,9.648237028159201e-05,0.005972136743366718,9.999999974752427e-07
8.827610145090148e-05,0.005767104681581259,9.64998544077389e-05,0.005972125101834536,9.999999974752427e-07
8.827029523672536e-05,0.005767060909420252,9.649059211369604e-05,0.005971222184598446,9.999999974752427e-07
8.826914563542232e-05,0.005767119117081165,9.64536375249736e-05,0.005971603561192751,9.999999974752427e-07
8.826434350339696e-05,0.005767232738435268,9.645791578805074e-05,0.005971600767225027,9.999999974752427e-07
8.825983240967616e-05,0.0057674734853208065,9.649648563936353e-05,0.005972342565655708,9.999999974752427e-07
8.8251537817996e-05,0.005767304450273514,9.645429963711649e-05,0.0059716058894991875,9.999999974752427e-07
8.82573876879178e-05,0.005767374765127897,9.646191756473854e-05,0.0059711746871471405,9.999999974752427e-07
8.824909309623763e-05,0.005767390597611666,9.641682845540345e-05,0.005969571880996227,9.999999974752427e-07
8.824381075100973e-05,0.005767179653048515,9.641580982133746e-05,0.005969607271254063,9.999999974752427e-07
8.82336898939684e-05,0.005767187103629112,9.646827675169334e-05,0.005970990285277367,9.999999974752427e-07
8.823473035590723e-05,0.005767112132161856,9.647639672039077e-05,0.005972540006041527,9.999999974752427e-07
8.822745439829305e-05,0.005767093971371651,9.650507126934826e-05,0.00597426388412714,9.999999974752427e-07
8.820923540042713e-05,0.005766637157648802,9.645657701184973e-05,0.005971867591142654,9.999999974752427e-07
8.820209768600762e-05,0.00576619990170002,9.641114593250677e-05,0.005971346981823444,9.999999974752427e-07
8.821236406220123e-05,0.005766415502876043,9.644171223044395e-05,0.005973233375698328,9.999999974752427e-07
8.820080984150991e-05,0.00576679827645421,9.640947246225551e-05,0.005972519051283598,9.999999974752427e-07
8.821066876407713e-05,0.005766763351857662,9.642533404985443e-05,0.00597207248210907,9.999999974752427e-07
8.81951636984013e-05,0.005766605492681265,9.643791418056935e-05,0.00597288366407156,9.999999974752427e-07
8.818728383630514e-05,0.005766110494732857,9.635853348299861e-05,0.005969807039946318,9.999999974752427e-07
8.817509660730138e-05,0.005765472538769245,9.638681513024494e-05,0.00597265874966979,9.999999974752427e-07
8.815497858449817e-05,0.005764489062130451,9.638792835175991e-05,0.0059731993824243546,9.999999974752427e-07
8.815274486551061e-05,0.005764360073953867,9.633076115278527e-05,0.0059699686244130135,9.999999974752427e-07
8.81469386513345e-05,0.005764239002019167,9.641653741709888e-05,0.00597310671582818,9.999999974752427e-07
8.813669410301372e-05,0.005763690453022718,9.640141070121899e-05,0.005973326042294502,9.999999974752427e-07
8.812043233774602e-05,0.0057634012773633,9.639958443585783e-05,0.005972062237560749,9.999999974752427e-07
8.812433952698484e-05,0.005763528402894735,9.648896229919046e-05,0.005978599656373262,9.999999974752427e-07
8.812000305624679e-05,0.005763628985732794,9.645665704738349e-05,0.0059777237474918365,9.999999974752427e-07
8.81218584254384e-05,0.005763654131442308,9.635579044697806e-05,0.005971936974674463,9.999999974752427e-07
8.81064697750844e-05,0.005762817338109016,9.633576701162383e-05,0.0059704966843128204,9.999999974752427e-07
8.809159771772102e-05,0.005762405227869749,9.637795301387087e-05,0.005971680395305157,9.999999974752427e-07
8.809777500573546e-05,0.005762690678238869,9.636054892325774e-05,0.005971504375338554,9.999999974752427e-07
8.809669088805094e-05,0.005762755870819092,9.644133388064802e-05,0.005977243185043335,9.999999974752427e-07
8.809313294477761e-05,0.005762984976172447,9.639428026275709e-05,0.005975510459393263,9.999999974752427e-07
8.807715494185686e-05,0.005763065069913864,9.642661461839452e-05,0.0059765782207250595,9.999999974752427e-07
8.807308040559292e-05,0.005762830376625061,9.631116699893028e-05,0.005969830323010683,9.999999974752427e-07
8.806935511529446e-05,0.005763033404946327,9.637072071200237e-05,0.005971378646790981,9.999999974752427e-07
8.80577354109846e-05,0.0057626995258033276,9.630514250602573e-05,0.005969741847366095,9.999999974752427e-07
8.806528057903051e-05,0.005762483924627304,9.622052311897278e-05,0.005961680319160223,9.999999974752427e-07
8.805219840724021e-05,0.005761996377259493,9.62491103564389e-05,0.0059630125761032104,9.999999974752427e-07
8.804709796095267e-05,0.0057625058107078075,9.62748090387322e-05,0.005963695235550404,9.999999974752427e-07
8.803791570244357e-05,0.005761736538261175,9.629469423089176e-05,0.005967884790152311,9.999999974752427e-07
8.802350930636749e-05,0.00576075678691268,9.620084892958403e-05,0.005960625130683184,9.999999974752427e-07
8.801612420938909e-05,0.005760558415204287,9.619944466976449e-05,0.005960050504654646,9.999999974752427e-07
8.800370414974168e-05,0.005759679712355137,9.617780597181991e-05,0.0059594521299004555,9.999999974752427e-07
8.80026855156757e-05,0.0057595581747591496,9.618323383620009e-05,0.005960938986390829,9.999999974752427e-07
8.799620263744146e-05,0.005759469233453274,9.619999764254317e-05,0.005960463080555201,9.999999974752427e-07
8.798213821137324e-05,0.005759105086326599,9.615785529604182e-05,0.005960477981716394,9.999999974752427e-07
8.798549242783338e-05,0.005758967250585556,9.614021109882742e-05,0.0059600831009447575,9.999999974752427e-07
8.797018381301314e-05,0.005758353043347597,9.612579742679372e-05,0.005960620939731598,9.999999974752427e-07
8.795063331490383e-05,0.005757399834692478,9.615587623557076e-05,0.0059611741453409195,9.999999974752427e-07
8.79459548741579e-05,0.00575720239430666,9.617413161322474e-05,0.005962299183011055,9.999999974752427e-07
8.792958396952599e-05,0.005756721366196871,9.613587462808937e-05,0.00596074853092432,9.999999974752427e-07
8.793640154181048e-05,0.005756582133471966,9.61309633566998e-05,0.005961181130260229,9.999999974752427e-07
8.792543667368591e-05,0.005755830556154251,9.615277667762712e-05,0.005962474271655083,9.999999974752427e-07
8.790662104729563e-05,0.0057551926001906395,9.614862210582942e-05,0.005961565766483545,9.999999974752427e-07
8.790620631771162e-05,0.005754919722676277,9.610465349396691e-05,0.005959285423159599,9.999999974752427e-07
8.789396088104695e-05,0.0057544042356312275,9.607603715267032e-05,0.005959532223641872,9.999999974752427e-07
8.788944978732616e-05,0.0057542105205357075,9.612664871383458e-05,0.005961915012449026,9.999999974752427e-07
8.787363913143054e-05,0.005753797944635153,9.609737026039511e-05,0.005959792528301477,9.999999974752427e-07
8.786825492279604e-05,0.0057537248358130455,9.61060359259136e-05,0.0059602283872663975,9.999999974752427e-07
8.785424870438874e-05,0.005753110162913799,9.610092092771083e-05,0.005960495676845312,9.999999974752427e-07
8.786006219452247e-05,0.005753125995397568,9.608901746105403e-05,0.005959539208561182,9.999999974752427e-07
8.784342935541645e-05,0.005752317141741514,9.61160912993364e-05,0.005960593465715647,9.999999974752427e-07
8.784474630374461e-05,0.0057523068971931934,9.604049409972504e-05,0.005960538983345032,9.999999974752427e-07
8.783611701801419e-05,0.005752171855419874,9.6095674962271e-05,0.005960552021861076,9.999999974752427e-07
8.782387885730714e-05,0.005751193035393953,9.607496031094342e-05,0.005959450267255306,9.999999974752427e-07
8.782045188127086e-05,0.005751269869506359,9.606050298316404e-05,0.00595942372456193,9.999999974752427e-07
8.78109349287115e-05,0.005751100368797779,9.606252569938079e-05,0.005959447473287582,9.999999974752427e-07
8.781072392594069e-05,0.005750974174588919,9.605801460565999e-05,0.005960460752248764,9.999999974752427e-07
8.779844210948795e-05,0.005750358570367098,9.602484351489693e-05,0.005959095433354378,9.999999974752427e-07
8.779684867477044e-05,0.005750313401222229,9.603040234651417e-05,0.005959279369562864,9.999999974752427e-07
8.779414201853797e-05,0.005750263575464487,9.599672921467572e-05,0.00595816457644105,9.999999974752427e-07
8.778470510151237e-05,0.005749606993049383,9.59947137744166e-05,0.0059583294205367565,9.999999974752427e-07
8.778373739914969e-05,0.005749896168708801,9.599896293366328e-05,0.0059578875079751015,9.999999974752427e-07
8.777141192695126e-05,0.005749309901148081,9.595230949344113e-05,0.005956708919256926,9.999999974752427e-07
8.775386959314346e-05,0.0057486724108457565,9.595009032636881e-05,0.005956736393272877,9.999999974752427e-07
8.774098387220874e-05,0.0057481625117361546,9.595172014087439e-05,0.005956313107162714,9.999999974752427e-07
8.774059097049758e-05,0.0057478309608995914,9.591907291905954e-05,0.005952927749603987,9.999999974752427e-07
8.772942237555981e-05,0.005747553892433643,9.589312685420737e-05,0.00595197593793273,9.999999974752427e-07
8.773344598012045e-05,0.005747620481997728,9.595326991984621e-05,0.005955968517810106,9.999999974752427e-07
8.771255670581013e-05,0.005746981129050255,9.591889102011919e-05,0.005952559411525726,9.999999974752427e-07
8.770774002186954e-05,0.00574656343087554,9.590413537807763e-05,0.0059515247121453285,9.999999974752427e-07
8.769929263507947e-05,0.005746226757764816,9.592352580511943e-05,0.005952655337750912,9.999999974752427e-07
8.769180567469448e-05,0.005745735019445419,9.590110130375251e-05,0.005952580366283655,9.999999974752427e-07
8.76845806487836e-05,0.005745348054915667,9.593096183380112e-05,0.005952105391770601,9.999999974752427e-07
8.768132101977244e-05,0.005745338276028633,9.58928358159028e-05,0.005952078383415937,9.999999974752427e-07
8.766716200625524e-05,0.005744886118918657,9.584483632352203e-05,0.005949299782514572,9.999999974752427e-07
8.765554230194539e-05,0.005744701251387596,9.587383101461455e-05,0.005949617829173803,9.999999974752427e-07
8.764807716943324e-05,0.005744702648371458,9.586547821527347e-05,0.005949152167886496,9.999999974752427e-07
8.764545782469213e-05,0.005744485650211573,9.589033288648352e-05,0.005949804093688726,9.999999974752427e-07
8.764151425566524e-05,0.005744460970163345,9.5852003141772e-05,0.005948684178292751,9.999999974752427e-07
8.762346260482445e-05,0.0057436502538621426,9.586550731910393e-05,0.005949757527559996,9.999999974752427e-07
8.761778008192778e-05,0.0057432809844613075,9.584679355612025e-05,0.005948308855295181,9.999999974752427e-07
8.76197445904836e-05,0.005743179935961962,9.582705388311297e-05,0.005947966128587723,9.999999974752427e-07
8.76116901054047e-05,0.005743328016251326,9.582677012076601e-05,0.0059471894055604935,9.999999974752427e-07
8.760992204770446e-05,0.005742914509028196,9.581622725818306e-05,0.005946884397417307,9.999999974752427e-07
8.759829506743699e-05,0.005742658395320177,9.583232895238325e-05,0.005947956815361977,9.999999974752427e-07
8.758314652368426e-05,0.005742150824517012,9.582065104041249e-05,0.005948009435087442,9.999999974752427e-07
8.758097101235762e-05,0.005742396228015423,9.58295859163627e-05,0.005947645753622055,9.999999974752427e-07
8.757606701692566e-05,0.005741964094340801,9.585135558154434e-05,0.005950197111815214,9.999999974752427e-07
8.75672631082125e-05,0.0057420614175498486,9.580699406797066e-05,0.0059488629922270775,9.999999974752427e-07
8.756030729273334e-05,0.005741744767874479,9.575437434250489e-05,0.005947395693510771,9.999999974752427e-07
8.755280578043312e-05,0.0057413880713284016,9.579561447026208e-05,0.005948636215180159,9.999999974752427e-07
8.754836744628847e-05,0.005741213448345661,9.579399193171412e-05,0.005948447156697512,9.999999974752427e-07
8.753727161092684e-05,0.00574089027941227,9.581109043210745e-05,0.0059487661346793175,9.999999974752427e-07
8.753408474149182e-05,0.005740788299590349,9.57864394877106e-05,0.005948128644376993,9.999999974752427e-07
8.752414578339085e-05,0.005740826483815908,9.57819283939898e-05,0.0059465994127094746,9.999999974752427e-07
8.75146797625348e-05,0.005740446038544178,9.574005525792018e-05,0.005947021767497063,9.999999974752427e-07
8.750958659220487e-05,0.005740276537835598,9.577000309946015e-05,0.005946860648691654,9.999999974752427e-07
8.751122368266806e-05,0.005740140099078417,9.575292642693967e-05,0.005946603137999773,9.999999974752427e-07
8.749829430598766e-05,0.005739772692322731,9.57358643063344e-05,0.005946083925664425,9.999999974752427e-07
8.750160486670211e-05,0.005739737302064896,9.571107511874288e-05,0.005944858305156231,9.999999974752427e-07
8.748253458179533e-05,0.005739037413150072,9.57182128331624e-05,0.005945117678493261,9.999999974752427e-07
8.747958054300398e-05,0.005738915875554085,9.572197450324893e-05,0.005944753997027874,9.999999974752427e-07
8.74831312103197e-05,0.005739148240536451,9.572687122272328e-05,0.00594489648938179,9.999999974752427e-07
8.746944513404742e-05,0.0057383649982512,9.571213740855455e-05,0.005944564938545227,9.999999974752427e-07
8.746747334953398e-05,0.0057385582476854324,9.578031313139945e-05,0.005948812700808048,9.999999974752427e-07
8.746026287553832e-05,0.005738930311053991,9.573707939125597e-05,0.005945973098278046,9.999999974752427e-07
8.745337254367769e-05,0.005738346837460995,9.571371629135683e-05,0.00594662269577384,9.999999974752427e-07
8.744785009184852e-05,0.005738068372011185,9.57147785811685e-05,0.005946111399680376,9.999999974752427e-07
8.744172373553738e-05,0.005738305393606424,9.57022057264112e-05,0.005946251563727856,9.999999974752427e-07
8.742314821574837e-05,0.005737530067563057,9.569947724230587e-05,0.005945920012891293,9.999999974752427e-07
8.742572390474379e-05,0.005738142877817154,9.567878441885114e-05,0.005944919306784868,9.999999974752427e-07
8.742016507312655e-05,0.005737647879868746,9.5703340775799e-05,0.005944692064076662,9.999999974752427e-07
8.740784687688574e-05,0.005736962892115116,9.57046213443391e-05,0.005943469237536192,9.999999974752427e-07
8.739637269172817e-05,0.005736439023166895,9.568817768013105e-05,0.005944410338997841,9.999999974752427e-07
8.739583427086473e-05,0.005736497696489096,9.566918015480042e-05,0.005944046191871166,9.999999974752427e-07
8.739136683288962e-05,0.00573619082570076,9.56751755438745e-05,0.005943364463746548,9.999999974752427e-07
8.738265023566782e-05,0.005735942628234625,9.569169924361631e-05,0.005944787058979273,9.999999974752427e-07
8.738733595237136e-05,0.005736095365136862,9.568995301378891e-05,0.005943944677710533,9.999999974752427e-07
8.736974268686026e-05,0.005735584069043398,9.567851520841941e-05,0.005943460389971733,9.999999974752427e-07
8.736050949664786e-05,0.005735473241657019,9.567032248014584e-05,0.005944338161498308,9.999999974752427e-07
8.73678145580925e-05,0.005735334940254688,9.566067456034943e-05,0.005945858079940081,9.999999974752427e-07
8.735102164791897e-05,0.005735108628869057,9.569575195200741e-05,0.00594531511887908,9.999999974752427e-07
8.734392031328753e-05,0.005734717007726431,9.565512300468981e-05,0.005944752600044012,9.999999974752427e-07
8.733863796805963e-05,0.005734662525355816,9.566828521201387e-05,0.005945568438619375,9.999999974752427e-07
8.73266690177843e-05,0.0057345605455338955,9.565961227053776e-05,0.005944619420915842,9.999999974752427e-07
8.732037531444803e-05,0.005734562408179045,9.55903742578812e-05,0.005943728145211935,9.999999974752427e-07
8.731046546017751e-05,0.005734561011195183,9.564404899720103e-05,0.005944129545241594,9.999999974752427e-07
8.730158151593059e-05,0.0057342094369232655,9.557571320328861e-05,0.0059425742365419865,9.999999974752427e-07
8.729310502531007e-05,0.005733952391892672,9.561064507579431e-05,0.00594309251755476,9.999999974752427e-07
8.729741966817528e-05,0.005734250880777836,9.561937622493133e-05,0.0059437379240989685,9.999999974752427e-07
8.729518594918773e-05,0.005733745638281107,9.558500460116193e-05,0.00594232976436615,9.999999974752427e-07
8.727938984520733e-05,0.005733211059123278,9.55918148974888e-05,0.005942384246736765,9.999999974752427e-07
8.728708780836314e-05,0.005733403377234936,9.55385621637106e-05,0.005940347909927368,9.999999974752427e-07
8.727586828172207e-05,0.0057325842790305614,9.553915879223496e-05,0.005939341150224209,9.999999974752427e-07
8.727124804863706e-05,0.005732521414756775,9.552598203299567e-05,0.005939532537013292,9.999999974752427e-07
8.726878877496347e-05,0.005732414778321981,9.549735841574147e-05,0.005938578862696886,9.999999974752427e-07
8.725524094188586e-05,0.0057318201288580894,9.54719798755832e-05,0.005937373731285334,9.999999974752427e-07
8.724389044800773e-05,0.005731813609600067,9.546257933834568e-05,0.005936342291533947,9.999999974752427e-07
8.724306826479733e-05,0.005731278099119663,9.547123045194894e-05,0.005937312263995409,9.999999974752427e-07
8.723583596292883e-05,0.005731258541345596,9.549878450343385e-05,0.0059368787333369255,9.999999974752427e-07
8.723128121346235e-05,0.005730839911848307,9.549857350066304e-05,0.005936842877417803,9.999999974752427e-07
8.723317296244204e-05,0.005730917211622,9.548346133669838e-05,0.00593678979203105,9.999999974752427e-07
8.722339407540858e-05,0.005730565637350082,9.549050446366891e-05,0.005936142057180405,9.999999974752427e-07
8.721013728063554e-05,0.00573033606633544,9.54633578658104e-05,0.005935129709541798,9.999999974752427e-07
8.721732592675835e-05,0.00573053490370512,9.545442298986018e-05,0.005935733672231436,9.999999974752427e-07
8.720272307982668e-05,0.005730309057980776,9.54859351622872e-05,0.00593585753813386,9.999999974752427e-07
8.719056495465338e-05,0.005729725118726492,9.54791103140451e-05,0.005935093387961388,9.999999974752427e-07
8.71877491590567e-05,0.005729214288294315,9.547170338919386e-05,0.005936304107308388,9.999999974752427e-07
